match_id,competition_id,competition,season_id,match_datetime,date,time,year,month,month_name,day,weekday,week,hour,matchday,stage,status,home_team_id,home_team,away_team_id,away_team,home_score,away_score,winner
551981,2001,UEFA Champions League,2454,2025-09-16 16:45:00+00:00,2025-09-16,16:45:00,2025,9,September,16,Tuesday,38,16,1.0,LEAGUE_STAGE,FINISHED,77,Athletic Club,57,Arsenal FC,0,2,AWAY_TEAM
552049,2001,UEFA Champions League,2454,2025-09-16 16:45:00+00:00,2025-09-16,16:45:00,2025,9,September,16,Tuesday,38,16,1.0,LEAGUE_STAGE,FINISHED,674,PSV,3929,Royale Union Saint-Gilloise,1,3,AWAY_TEAM
551941,2001,UEFA Champions League,2454,2025-09-16 19:00:00+00:00,2025-09-16,19:00:00,2025,9,September,16,Tuesday,38,19,1.0,LEAGUE_STAGE,FINISHED,109,Juventus FC,4,Borussia Dortmund,4,4,DRAW
551991,2001,UEFA Champions League,2454,2025-09-16 19:00:00+00:00,2025-09-16,19:00:00,2025,9,September,16,Tuesday,38,19,1.0,LEAGUE_STAGE,FINISHED,1903,Sport Lisboa e Benfica,611,Qarabağ Ağdam FK,2,3,AWAY_TEAM
552012,2001,UEFA Champions League,2454,2025-09-16 19:00:00+00:00,2025-09-16,19:00:00,2025,9,September,16,Tuesday,38,19,1.0,LEAGUE_STAGE,FINISHED,73,Tottenham Hotspur FC,94,Villarreal CF,1,0,HOME_TEAM
551927,2001,UEFA Champions League,2454,2025-09-16 19:00:00+00:00,2025-09-16,19:00:00,2025,9,September,16,Tuesday,38,19,1.0,LEAGUE_STAGE,FINISHED,86,Real Madrid CF,516,Olympique de Marseille,2,1,HOME_TEAM
552023,2001,UEFA Champions League,2454,2025-09-17 16:45:00+00:00,2025-09-17,16:45:00,2025,9,September,17,Wednesday,38,16,1.0,LEAGUE_STAGE,FINISHED,930,SK Slavia Praha,5721,FK Bodø/Glimt,2,2,DRAW
552031,2001,UEFA Champions League,2454,2025-09-17 16:45:00+00:00,2025-09-17,16:45:00,2025,9,September,17,Wednesday,38,16,1.0,LEAGUE_STAGE,FINISHED,654,PAE Olympiakos SFP,11034,Paphos FC,0,0,DRAW
551936,2001,UEFA Champions League,2454,2025-09-17 19:00:00+00:00,2025-09-17,19:00:00,2025,9,September,17,Wednesday,38,19,1.0,LEAGUE_STAGE,FINISHED,678,AFC Ajax,108,FC Internazionale Milano,0,2,AWAY_TEAM
551946,2001,UEFA Champions League,2454,2025-09-17 19:00:00+00:00,2025-09-17,19:00:00,2025,9,September,17,Wednesday,38,19,1.0,LEAGUE_STAGE,FINISHED,64,Liverpool FC,78,Club Atlético de Madrid,3,2,HOME_TEAM
551959,2001,UEFA Champions League,2454,2025-09-17 19:00:00+00:00,2025-09-17,19:00:00,2025,9,September,17,Wednesday,38,19,1.0,LEAGUE_STAGE,FINISHED,524,Paris Saint-Germain FC,102,Atalanta BC,4,0,HOME_TEAM
551908,2001,UEFA Champions League,2454,2025-09-17 19:00:00+00:00,2025-09-17,19:00:00,2025,9,September,17,Wednesday,38,19,1.0,LEAGUE_STAGE,FINISHED,5,FC Bayern München,61,Chelsea FC,3,1,HOME_TEAM
551995,2001,UEFA Champions League,2454,2025-09-18 16:45:00+00:00,2025-09-18,16:45:00,2025,9,September,18,Thursday,38,16,1.0,LEAGUE_STAGE,FINISHED,851,Club Brugge KV,548,AS Monaco FC,4,1,HOME_TEAM
551975,2001,UEFA Champions League,2454,2025-09-18 16:45:00+00:00,2025-09-18,16:45:00,2025,9,September,18,Thursday,38,16,1.0,LEAGUE_STAGE,FINISHED,1876,FC København,3,Bayer 04 Leverkusen,2,2,DRAW
552000,2001,UEFA Champions League,2454,2025-09-18 19:00:00+00:00,2025-09-18,19:00:00,2025,9,September,18,Thursday,38,19,1.0,LEAGUE_STAGE,FINISHED,19,Eintracht Frankfurt,610,Galatasaray SK,5,1,HOME_TEAM
551958,2001,UEFA Champions League,2454,2025-09-18 19:00:00+00:00,2025-09-18,19:00:00,2025,9,September,18,Thursday,38,19,1.0,LEAGUE_STAGE,FINISHED,67,Newcastle United FC,81,FC Barcelona,1,2,AWAY_TEAM
551965,2001,UEFA Champions League,2454,2025-09-18 19:00:00+00:00,2025-09-18,19:00:00,2025,9,September,18,Thursday,38,19,1.0,LEAGUE_STAGE,FINISHED,65,Manchester City FC,113,SSC Napoli,2,0,HOME_TEAM
552027,2001,UEFA Champions League,2454,2025-09-18 19:00:00+00:00,2025-09-18,19:00:00,2025,9,September,18,Thursday,38,19,1.0,LEAGUE_STAGE,FINISHED,498,Sporting Clube de Portugal,10601,FK Kairat,4,1,HOME_TEAM
551982,2001,UEFA Champions League,2454,2025-09-30 16:45:00+00:00,2025-09-30,16:45:00,2025,9,September,30,Tuesday,40,16,2.0,LEAGUE_STAGE,FINISHED,102,Atalanta BC,851,Club Brugge KV,2,1,HOME_TEAM
551930,2001,UEFA Champions League,2454,2025-09-30 16:45:00+00:00,2025-09-30,16:45:00,2025,9,September,30,Tuesday,40,16,2.0,LEAGUE_STAGE,FINISHED,10601,FK Kairat,86,Real Madrid CF,0,5,AWAY_TEAM
551951,2001,UEFA Champions League,2454,2025-09-30 19:00:00+00:00,2025-09-30,19:00:00,2025,9,September,30,Tuesday,40,19,2.0,LEAGUE_STAGE,FINISHED,610,Galatasaray SK,64,Liverpool FC,1,0,HOME_TEAM
551997,2001,UEFA Champions League,2454,2025-09-30 19:00:00+00:00,2025-09-30,19:00:00,2025,9,September,30,Tuesday,40,19,2.0,LEAGUE_STAGE,FINISHED,78,Club Atlético de Madrid,19,Eintracht Frankfurt,5,1,HOME_TEAM
552015,2001,UEFA Champions League,2454,2025-09-30 19:00:00+00:00,2025-09-30,19:00:00,2025,9,September,30,Tuesday,40,19,2.0,LEAGUE_STAGE,FINISHED,516,Olympique de Marseille,678,AFC Ajax,4,0,HOME_TEAM
552020,2001,UEFA Champions League,2454,2025-09-30 19:00:00+00:00,2025-09-30,19:00:00,2025,9,September,30,Tuesday,40,19,2.0,LEAGUE_STAGE,FINISHED,5721,FK Bodø/Glimt,73,Tottenham Hotspur FC,2,2,DRAW
551915,2001,UEFA Champions League,2454,2025-09-30 19:00:00+00:00,2025-09-30,19:00:00,2025,9,September,30,Tuesday,40,19,2.0,LEAGUE_STAGE,FINISHED,11034,Paphos FC,5,FC Bayern München,1,5,AWAY_TEAM
551917,2001,UEFA Champions League,2454,2025-09-30 19:00:00+00:00,2025-09-30,19:00:00,2025,9,September,30,Tuesday,40,19,2.0,LEAGUE_STAGE,FINISHED,61,Chelsea FC,1903,Sport Lisboa e Benfica,1,0,HOME_TEAM
551935,2001,UEFA Champions League,2454,2025-09-30 19:00:00+00:00,2025-09-30,19:00:00,2025,9,September,30,Tuesday,40,19,2.0,LEAGUE_STAGE,FINISHED,108,FC Internazionale Milano,930,SK Slavia Praha,3,0,HOME_TEAM
552039,2001,UEFA Champions League,2454,2025-10-01 16:45:00+00:00,2025-10-01,16:45:00,2025,10,October,1,Wednesday,40,16,2.0,LEAGUE_STAGE,FINISHED,611,Qarabağ Ağdam FK,1876,FC København,2,0,HOME_TEAM
552044,2001,UEFA Champions League,2454,2025-10-01 16:45:00+00:00,2025-10-01,16:45:00,2025,10,October,1,Wednesday,40,16,2.0,LEAGUE_STAGE,FINISHED,3929,Royale Union Saint-Gilloise,67,Newcastle United FC,0,4,AWAY_TEAM
551944,2001,UEFA Champions League,2454,2025-10-01 19:00:00+00:00,2025-10-01,19:00:00,2025,10,October,1,Wednesday,40,19,2.0,LEAGUE_STAGE,FINISHED,4,Borussia Dortmund,77,Athletic Club,4,1,HOME_TEAM
551952,2001,UEFA Champions League,2454,2025-10-01 19:00:00+00:00,2025-10-01,19:00:00,2025,10,October,1,Wednesday,40,19,2.0,LEAGUE_STAGE,FINISHED,81,FC Barcelona,524,Paris Saint-Germain FC,1,2,AWAY_TEAM
551968,2001,UEFA Champions League,2454,2025-10-01 19:00:00+00:00,2025-10-01,19:00:00,2025,10,October,1,Wednesday,40,19,2.0,LEAGUE_STAGE,FINISHED,548,AS Monaco FC,65,Manchester City FC,2,2,DRAW
551972,2001,UEFA Champions League,2454,2025-10-01 19:00:00+00:00,2025-10-01,19:00:00,2025,10,October,1,Wednesday,40,19,2.0,LEAGUE_STAGE,FINISHED,3,Bayer 04 Leverkusen,674,PSV,1,1,DRAW
551978,2001,UEFA Champions League,2454,2025-10-01 19:00:00+00:00,2025-10-01,19:00:00,2025,10,October,1,Wednesday,40,19,2.0,LEAGUE_STAGE,FINISHED,57,Arsenal FC,654,PAE Olympiakos SFP,2,0,HOME_TEAM
552002,2001,UEFA Champions League,2454,2025-10-01 19:00:00+00:00,2025-10-01,19:00:00,2025,10,October,1,Wednesday,40,19,2.0,LEAGUE_STAGE,FINISHED,94,Villarreal CF,109,Juventus FC,2,2,DRAW
552026,2001,UEFA Champions League,2454,2025-10-01 19:00:00+00:00,2025-10-01,19:00:00,2025,10,October,1,Wednesday,40,19,2.0,LEAGUE_STAGE,FINISHED,113,SSC Napoli,498,Sporting Clube de Portugal,2,1,HOME_TEAM
551955,2001,UEFA Champions League,2454,2025-10-21 16:45:00+00:00,2025-10-21,16:45:00,2025,10,October,21,Tuesday,43,16,3.0,LEAGUE_STAGE,FINISHED,81,FC Barcelona,654,PAE Olympiakos SFP,6,1,HOME_TEAM
552045,2001,UEFA Champions League,2454,2025-10-21 16:45:00+00:00,2025-10-21,16:45:00,2025,10,October,21,Tuesday,43,16,3.0,LEAGUE_STAGE,FINISHED,10601,FK Kairat,11034,Paphos FC,0,0,DRAW
551992,2001,UEFA Champions League,2454,2025-10-21 19:00:00+00:00,2025-10-21,19:00:00,2025,10,October,21,Tuesday,43,19,3.0,LEAGUE_STAGE,FINISHED,67,Newcastle United FC,1903,Sport Lisboa e Benfica,3,0,HOME_TEAM
551976,2001,UEFA Champions League,2454,2025-10-21 19:00:00+00:00,2025-10-21,19:00:00,2025,10,October,21,Tuesday,43,19,3.0,LEAGUE_STAGE,FINISHED,57,Arsenal FC,78,Club Atlético de Madrid,4,0,HOME_TEAM
551964,2001,UEFA Champions League,2454,2025-10-21 19:00:00+00:00,2025-10-21,19:00:00,2025,10,October,21,Tuesday,43,19,3.0,LEAGUE_STAGE,FINISHED,94,Villarreal CF,65,Manchester City FC,0,2,AWAY_TEAM
552048,2001,UEFA Champions League,2454,2025-10-21 19:00:00+00:00,2025-10-21,19:00:00,2025,10,October,21,Tuesday,43,19,3.0,LEAGUE_STAGE,FINISHED,674,PSV,113,SSC Napoli,6,2,HOME_TEAM
551945,2001,UEFA Champions League,2454,2025-10-21 19:00:00+00:00,2025-10-21,19:00:00,2025,10,October,21,Tuesday,43,19,3.0,LEAGUE_STAGE,FINISHED,1876,FC København,4,Borussia Dortmund,2,4,AWAY_TEAM
551938,2001,UEFA Champions League,2454,2025-10-21 19:00:00+00:00,2025-10-21,19:00:00,2025,10,October,21,Tuesday,43,19,3.0,LEAGUE_STAGE,FINISHED,3929,Royale Union Saint-Gilloise,108,FC Internazionale Milano,0,4,AWAY_TEAM
551960,2001,UEFA Champions League,2454,2025-10-21 19:00:00+00:00,2025-10-21,19:00:00,2025,10,October,21,Tuesday,43,19,3.0,LEAGUE_STAGE,FINISHED,3,Bayer 04 Leverkusen,524,Paris Saint-Germain FC,2,7,AWAY_TEAM
552025,2001,UEFA Champions League,2454,2025-10-22 16:45:00+00:00,2025-10-22,16:45:00,2025,10,October,22,Wednesday,43,16,3.0,LEAGUE_STAGE,FINISHED,610,Galatasaray SK,5721,FK Bodø/Glimt,3,1,HOME_TEAM
552040,2001,UEFA Champions League,2454,2025-10-22 16:45:00+00:00,2025-10-22,16:45:00,2025,10,October,22,Wednesday,43,16,3.0,LEAGUE_STAGE,FINISHED,77,Athletic Club,611,Qarabağ Ağdam FK,3,1,HOME_TEAM
551925,2001,UEFA Champions League,2454,2025-10-22 19:00:00+00:00,2025-10-22,19:00:00,2025,10,October,22,Wednesday,43,19,3.0,LEAGUE_STAGE,FINISHED,86,Real Madrid CF,109,Juventus FC,1,0,HOME_TEAM
551919,2001,UEFA Champions League,2454,2025-10-22 19:00:00+00:00,2025-10-22,19:00:00,2025,10,October,22,Wednesday,43,19,3.0,LEAGUE_STAGE,FINISHED,61,Chelsea FC,678,AFC Ajax,5,1,HOME_TEAM
551910,2001,UEFA Champions League,2454,2025-10-22 19:00:00+00:00,2025-10-22,19:00:00,2025,10,October,22,Wednesday,43,19,3.0,LEAGUE_STAGE,FINISHED,5,FC Bayern München,851,Club Brugge KV,4,0,HOME_TEAM
552022,2001,UEFA Champions League,2454,2025-10-22 19:00:00+00:00,2025-10-22,19:00:00,2025,10,October,22,Wednesday,43,19,3.0,LEAGUE_STAGE,FINISHED,548,AS Monaco FC,73,Tottenham Hotspur FC,0,0,DRAW
552016,2001,UEFA Champions League,2454,2025-10-22 19:00:00+00:00,2025-10-22,19:00:00,2025,10,October,22,Wednesday,43,19,3.0,LEAGUE_STAGE,FINISHED,498,Sporting Clube de Portugal,516,Olympique de Marseille,2,1,HOME_TEAM
551947,2001,UEFA Champions League,2454,2025-10-22 19:00:00+00:00,2025-10-22,19:00:00,2025,10,October,22,Wednesday,43,19,3.0,LEAGUE_STAGE,FINISHED,19,Eintracht Frankfurt,64,Liverpool FC,1,5,AWAY_TEAM
551984,2001,UEFA Champions League,2454,2025-10-22 19:00:00+00:00,2025-10-22,19:00:00,2025,10,October,22,Wednesday,43,19,3.0,LEAGUE_STAGE,FINISHED,102,Atalanta BC,930,SK Slavia Praha,0,0,DRAW
551979,2001,UEFA Champions League,2454,2025-11-04 17:45:00+00:00,2025-11-04,17:45:00,2025,11,November,4,Tuesday,45,17,4.0,LEAGUE_STAGE,FINISHED,930,SK Slavia Praha,57,Arsenal FC,0,3,AWAY_TEAM
551999,2001,UEFA Champions League,2454,2025-11-04 17:45:00+00:00,2025-11-04,17:45:00,2025,11,November,4,Tuesday,45,17,4.0,LEAGUE_STAGE,FINISHED,113,SSC Napoli,19,Eintracht Frankfurt,0,0,DRAW
551924,2001,UEFA Champions League,2454,2025-11-04 20:00:00+00:00,2025-11-04,20:00:00,2025,11,November,4,Tuesday,45,20,4.0,LEAGUE_STAGE,FINISHED,64,Liverpool FC,86,Real Madrid CF,1,0,HOME_TEAM
551909,2001,UEFA Champions League,2454,2025-11-04 20:00:00+00:00,2025-11-04,20:00:00,2025,11,November,4,Tuesday,45,20,4.0,LEAGUE_STAGE,FINISHED,524,Paris Saint-Germain FC,5,FC Bayern München,1,2,AWAY_TEAM
552029,2001,UEFA Champions League,2454,2025-11-04 20:00:00+00:00,2025-11-04,20:00:00,2025,11,November,4,Tuesday,45,20,4.0,LEAGUE_STAGE,FINISHED,654,PAE Olympiakos SFP,674,PSV,1,1,DRAW
552009,2001,UEFA Champions League,2454,2025-11-04 20:00:00+00:00,2025-11-04,20:00:00,2025,11,November,4,Tuesday,45,20,4.0,LEAGUE_STAGE,FINISHED,78,Club Atlético de Madrid,3929,Royale Union Saint-Gilloise,3,1,HOME_TEAM
552021,2001,UEFA Champions League,2454,2025-11-04 20:00:00+00:00,2025-11-04,20:00:00,2025,11,November,4,Tuesday,45,20,4.0,LEAGUE_STAGE,FINISHED,73,Tottenham Hotspur FC,1876,FC København,4,0,HOME_TEAM
552003,2001,UEFA Champions League,2454,2025-11-04 20:00:00+00:00,2025-11-04,20:00:00,2025,11,November,4,Tuesday,45,20,4.0,LEAGUE_STAGE,FINISHED,109,Juventus FC,498,Sporting Clube de Portugal,1,1,DRAW
552024,2001,UEFA Champions League,2454,2025-11-04 20:00:00+00:00,2025-11-04,20:00:00,2025,11,November,4,Tuesday,45,20,4.0,LEAGUE_STAGE,FINISHED,5721,FK Bodø/Glimt,548,AS Monaco FC,0,1,AWAY_TEAM
552014,2001,UEFA Champions League,2454,2025-11-05 17:45:00+00:00,2025-11-05,17:45:00,2025,11,November,5,Wednesday,45,17,4.0,LEAGUE_STAGE,FINISHED,11034,Paphos FC,94,Villarreal CF,1,0,HOME_TEAM
551922,2001,UEFA Champions League,2454,2025-11-05 17:45:00+00:00,2025-11-05,17:45:00,2025,11,November,5,Wednesday,45,17,4.0,LEAGUE_STAGE,FINISHED,611,Qarabağ Ağdam FK,61,Chelsea FC,2,2,DRAW
552047,2001,UEFA Champions League,2454,2025-11-05 20:00:00+00:00,2025-11-05,20:00:00,2025,11,November,5,Wednesday,45,20,4.0,LEAGUE_STAGE,FINISHED,67,Newcastle United FC,77,Athletic Club,2,0,HOME_TEAM
552033,2001,UEFA Champions League,2454,2025-11-05 20:00:00+00:00,2025-11-05,20:00:00,2025,11,November,5,Wednesday,45,20,4.0,LEAGUE_STAGE,FINISHED,678,AFC Ajax,610,Galatasaray SK,0,3,AWAY_TEAM
551985,2001,UEFA Champions League,2454,2025-11-05 20:00:00+00:00,2025-11-05,20:00:00,2025,11,November,5,Wednesday,45,20,4.0,LEAGUE_STAGE,FINISHED,516,Olympique de Marseille,102,Atalanta BC,0,1,AWAY_TEAM
551971,2001,UEFA Champions League,2454,2025-11-05 20:00:00+00:00,2025-11-05,20:00:00,2025,11,November,5,Wednesday,45,20,4.0,LEAGUE_STAGE,FINISHED,1903,Sport Lisboa e Benfica,3,Bayer 04 Leverkusen,0,1,AWAY_TEAM
551939,2001,UEFA Champions League,2454,2025-11-05 20:00:00+00:00,2025-11-05,20:00:00,2025,11,November,5,Wednesday,45,20,4.0,LEAGUE_STAGE,FINISHED,65,Manchester City FC,4,Borussia Dortmund,4,1,HOME_TEAM
551937,2001,UEFA Champions League,2454,2025-11-05 20:00:00+00:00,2025-11-05,20:00:00,2025,11,November,5,Wednesday,45,20,4.0,LEAGUE_STAGE,FINISHED,108,FC Internazionale Milano,10601,FK Kairat,2,1,HOME_TEAM
551954,2001,UEFA Champions League,2454,2025-11-05 20:00:00+00:00,2025-11-05,20:00:00,2025,11,November,5,Wednesday,45,20,4.0,LEAGUE_STAGE,FINISHED,851,Club Brugge KV,81,FC Barcelona,3,3,DRAW
551990,2001,UEFA Champions League,2454,2025-11-25 17:45:00+00:00,2025-11-25,17:45:00,2025,11,November,25,Tuesday,48,17,5.0,LEAGUE_STAGE,FINISHED,678,AFC Ajax,1903,Sport Lisboa e Benfica,0,2,AWAY_TEAM
552043,2001,UEFA Champions League,2454,2025-11-25 17:45:00+00:00,2025-11-25,17:45:00,2025,11,November,25,Tuesday,48,17,5.0,LEAGUE_STAGE,FINISHED,610,Galatasaray SK,3929,Royale Union Saint-Gilloise,0,1,AWAY_TEAM
551916,2001,UEFA Champions League,2454,2025-11-25 20:00:00+00:00,2025-11-25,20:00:00,2025,11,November,25,Tuesday,48,20,5.0,LEAGUE_STAGE,FINISHED,61,Chelsea FC,81,FC Barcelona,3,0,HOME_TEAM
552037,2001,UEFA Champions League,2454,2025-11-25 20:00:00+00:00,2025-11-25,20:00:00,2025,11,November,25,Tuesday,48,20,5.0,LEAGUE_STAGE,FINISHED,113,SSC Napoli,611,Qarabağ Ağdam FK,2,0,HOME_TEAM
552035,2001,UEFA Champions League,2454,2025-11-25 20:00:00+00:00,2025-11-25,20:00:00,2025,11,November,25,Tuesday,48,20,5.0,LEAGUE_STAGE,FINISHED,930,SK Slavia Praha,77,Athletic Club,0,0,DRAW
551963,2001,UEFA Champions League,2454,2025-11-25 20:00:00+00:00,2025-11-25,20:00:00,2025,11,November,25,Tuesday,48,20,5.0,LEAGUE_STAGE,FINISHED,65,Manchester City FC,3,Bayer 04 Leverkusen,0,2,AWAY_TEAM
552004,2001,UEFA Champions League,2454,2025-11-25 20:00:00+00:00,2025-11-25,20:00:00,2025,11,November,25,Tuesday,48,20,5.0,LEAGUE_STAGE,FINISHED,5721,FK Bodø/Glimt,109,Juventus FC,2,3,AWAY_TEAM
551940,2001,UEFA Champions League,2454,2025-11-25 20:00:00+00:00,2025-11-25,20:00:00,2025,11,November,25,Tuesday,48,20,5.0,LEAGUE_STAGE,FINISHED,4,Borussia Dortmund,94,Villarreal CF,4,0,HOME_TEAM
552017,2001,UEFA Champions League,2454,2025-11-25 20:00:00+00:00,2025-11-25,20:00:00,2025,11,November,25,Tuesday,48,20,5.0,LEAGUE_STAGE,FINISHED,516,Olympique de Marseille,67,Newcastle United FC,2,1,HOME_TEAM
552042,2001,UEFA Champions League,2454,2025-11-26 17:45:00+00:00,2025-11-26,17:45:00,2025,11,November,26,Wednesday,48,17,5.0,LEAGUE_STAGE,FINISHED,11034,Paphos FC,548,AS Monaco FC,2,2,DRAW
552046,2001,UEFA Champions League,2454,2025-11-26 17:45:00+00:00,2025-11-26,17:45:00,2025,11,November,26,Wednesday,48,17,5.0,LEAGUE_STAGE,FINISHED,1876,FC København,10601,FK Kairat,3,2,HOME_TEAM
551934,2001,UEFA Champions League,2454,2025-11-26 20:00:00+00:00,2025-11-26,20:00:00,2025,11,November,26,Wednesday,48,20,5.0,LEAGUE_STAGE,FINISHED,78,Club Atlético de Madrid,108,FC Internazionale Milano,2,1,HOME_TEAM
551948,2001,UEFA Champions League,2454,2025-11-26 20:00:00+00:00,2025-11-26,20:00:00,2025,11,November,26,Wednesday,48,20,5.0,LEAGUE_STAGE,FINISHED,64,Liverpool FC,674,PSV,1,4,AWAY_TEAM
551961,2001,UEFA Champions League,2454,2025-11-26 20:00:00+00:00,2025-11-26,20:00:00,2025,11,November,26,Wednesday,48,20,5.0,LEAGUE_STAGE,FINISHED,524,Paris Saint-Germain FC,73,Tottenham Hotspur FC,5,3,HOME_TEAM
551983,2001,UEFA Champions League,2454,2025-11-26 20:00:00+00:00,2025-11-26,20:00:00,2025,11,November,26,Wednesday,48,20,5.0,LEAGUE_STAGE,FINISHED,19,Eintracht Frankfurt,102,Atalanta BC,0,3,AWAY_TEAM
551994,2001,UEFA Champions League,2454,2025-11-26 20:00:00+00:00,2025-11-26,20:00:00,2025,11,November,26,Wednesday,48,20,5.0,LEAGUE_STAGE,FINISHED,498,Sporting Clube de Portugal,851,Club Brugge KV,3,0,HOME_TEAM
551911,2001,UEFA Champions League,2454,2025-11-26 20:00:00+00:00,2025-11-26,20:00:00,2025,11,November,26,Wednesday,48,20,5.0,LEAGUE_STAGE,FINISHED,57,Arsenal FC,5,FC Bayern München,3,1,HOME_TEAM
551928,2001,UEFA Champions League,2454,2025-11-26 20:00:00+00:00,2025-11-26,20:00:00,2025,11,November,26,Wednesday,48,20,5.0,LEAGUE_STAGE,FINISHED,654,PAE Olympiakos SFP,86,Real Madrid CF,3,4,AWAY_TEAM
552032,2001,UEFA Champions League,2454,2025-12-09 15:30:00+00:00,2025-12-09,15:30:00,2025,12,December,9,Tuesday,50,15,6.0,LEAGUE_STAGE,FINISHED,10601,FK Kairat,654,PAE Olympiakos SFP,0,1,AWAY_TEAM
551912,2001,UEFA Champions League,2454,2025-12-09 17:45:00+00:00,2025-12-09,17:45:00,2025,12,December,9,Tuesday,50,17,6.0,LEAGUE_STAGE,FINISHED,5,FC Bayern München,498,Sporting Clube de Portugal,3,1,HOME_TEAM
551918,2001,UEFA Champions League,2454,2025-12-09 20:00:00+00:00,2025-12-09,20:00:00,2025,12,December,9,Tuesday,50,20,6.0,LEAGUE_STAGE,FINISHED,102,Atalanta BC,61,Chelsea FC,2,1,HOME_TEAM
552041,2001,UEFA Champions League,2454,2025-12-09 20:00:00+00:00,2025-12-09,20:00:00,2025,12,December,9,Tuesday,50,20,6.0,LEAGUE_STAGE,FINISHED,548,AS Monaco FC,610,Galatasaray SK,1,0,HOME_TEAM
552019,2001,UEFA Champions League,2454,2025-12-09 20:00:00+00:00,2025-12-09,20:00:00,2025,12,December,9,Tuesday,50,20,6.0,LEAGUE_STAGE,FINISHED,73,Tottenham Hotspur FC,930,SK Slavia Praha,3,0,HOME_TEAM
552018,2001,UEFA Champions League,2454,2025-12-09 20:00:00+00:00,2025-12-09,20:00:00,2025,12,December,9,Tuesday,50,20,6.0,LEAGUE_STAGE,FINISHED,3929,Royale Union Saint-Gilloise,516,Olympique de Marseille,2,3,AWAY_TEAM
552008,2001,UEFA Champions League,2454,2025-12-09 20:00:00+00:00,2025-12-09,20:00:00,2025,12,December,9,Tuesday,50,20,6.0,LEAGUE_STAGE,FINISHED,674,PSV,78,Club Atlético de Madrid,2,3,AWAY_TEAM
551953,2001,UEFA Champions League,2454,2025-12-09 20:00:00+00:00,2025-12-09,20:00:00,2025,12,December,9,Tuesday,50,20,6.0,LEAGUE_STAGE,FINISHED,81,FC Barcelona,19,Eintracht Frankfurt,2,1,HOME_TEAM
551931,2001,UEFA Champions League,2454,2025-12-09 20:00:00+00:00,2025-12-09,20:00:00,2025,12,December,9,Tuesday,50,20,6.0,LEAGUE_STAGE,FINISHED,108,FC Internazionale Milano,64,Liverpool FC,0,1,AWAY_TEAM
552013,2001,UEFA Champions League,2454,2025-12-10 17:45:00+00:00,2025-12-10,17:45:00,2025,12,December,10,Wednesday,50,17,6.0,LEAGUE_STAGE,FINISHED,94,Villarreal CF,1876,FC København,2,3,AWAY_TEAM
552034,2001,UEFA Champions League,2454,2025-12-10 17:45:00+00:00,2025-12-10,17:45:00,2025,12,December,10,Wednesday,50,17,6.0,LEAGUE_STAGE,FINISHED,611,Qarabağ Ağdam FK,678,AFC Ajax,2,4,AWAY_TEAM
551923,2001,UEFA Champions League,2454,2025-12-10 20:00:00+00:00,2025-12-10,20:00:00,2025,12,December,10,Wednesday,50,20,6.0,LEAGUE_STAGE,FINISHED,86,Real Madrid CF,65,Manchester City FC,1,2,AWAY_TEAM
552005,2001,UEFA Champions League,2454,2025-12-10 20:00:00+00:00,2025-12-10,20:00:00,2025,12,December,10,Wednesday,50,20,6.0,LEAGUE_STAGE,FINISHED,109,Juventus FC,11034,Paphos FC,2,0,HOME_TEAM
551989,2001,UEFA Champions League,2454,2025-12-10 20:00:00+00:00,2025-12-10,20:00:00,2025,12,December,10,Wednesday,50,20,6.0,LEAGUE_STAGE,FINISHED,1903,Sport Lisboa e Benfica,113,SSC Napoli,2,0,HOME_TEAM
551977,2001,UEFA Champions League,2454,2025-12-10 20:00:00+00:00,2025-12-10,20:00:00,2025,12,December,10,Wednesday,50,20,6.0,LEAGUE_STAGE,FINISHED,851,Club Brugge KV,57,Arsenal FC,0,3,AWAY_TEAM
551974,2001,UEFA Champions League,2454,2025-12-10 20:00:00+00:00,2025-12-10,20:00:00,2025,12,December,10,Wednesday,50,20,6.0,LEAGUE_STAGE,FINISHED,3,Bayer 04 Leverkusen,67,Newcastle United FC,2,2,DRAW
551969,2001,UEFA Champions League,2454,2025-12-10 20:00:00+00:00,2025-12-10,20:00:00,2025,12,December,10,Wednesday,50,20,6.0,LEAGUE_STAGE,FINISHED,77,Athletic Club,524,Paris Saint-Germain FC,0,0,DRAW
551942,2001,UEFA Champions League,2454,2025-12-10 20:00:00+00:00,2025-12-10,20:00:00,2025,12,December,10,Wednesday,50,20,6.0,LEAGUE_STAGE,FINISHED,4,Borussia Dortmund,5721,FK Bodø/Glimt,2,2,DRAW
551996,2001,UEFA Champions League,2454,2026-01-20 15:30:00+00:00,2026-01-20,15:30:00,2026,1,January,20,Tuesday,4,15,7.0,LEAGUE_STAGE,FINISHED,10601,FK Kairat,851,Club Brugge KV,1,4,AWAY_TEAM
551966,2001,UEFA Champions League,2454,2026-01-20 17:45:00+00:00,2026-01-20,17:45:00,2026,1,January,20,Tuesday,4,17,7.0,LEAGUE_STAGE,FINISHED,5721,FK Bodø/Glimt,65,Manchester City FC,3,1,HOME_TEAM
551943,2001,UEFA Champions League,2454,2026-01-20 20:00:00+00:00,2026-01-20,20:00:00,2026,1,January,20,Tuesday,4,20,7.0,LEAGUE_STAGE,FINISHED,73,Tottenham Hotspur FC,4,Borussia Dortmund,2,0,HOME_TEAM
551962,2001,UEFA Champions League,2454,2026-01-20 20:00:00+00:00,2026-01-20,20:00:00,2026,1,January,20,Tuesday,4,20,7.0,LEAGUE_STAGE,FINISHED,498,Sporting Clube de Portugal,524,Paris Saint-Germain FC,2,1,HOME_TEAM
551973,2001,UEFA Champions League,2454,2026-01-20 20:00:00+00:00,2026-01-20,20:00:00,2026,1,January,20,Tuesday,4,20,7.0,LEAGUE_STAGE,FINISHED,654,PAE Olympiakos SFP,3,Bayer 04 Leverkusen,2,0,HOME_TEAM
552011,2001,UEFA Champions League,2454,2026-01-20 20:00:00+00:00,2026-01-20,20:00:00,2026,1,January,20,Tuesday,4,20,7.0,LEAGUE_STAGE,FINISHED,94,Villarreal CF,678,AFC Ajax,1,2,AWAY_TEAM
552038,2001,UEFA Champions League,2454,2026-01-20 20:00:00+00:00,2026-01-20,20:00:00,2026,1,January,20,Tuesday,4,20,7.0,LEAGUE_STAGE,FINISHED,1876,FC København,113,SSC Napoli,1,1,DRAW
551929,2001,UEFA Champions League,2454,2026-01-20 20:00:00+00:00,2026-01-20,20:00:00,2026,1,January,20,Tuesday,4,20,7.0,LEAGUE_STAGE,FINISHED,86,Real Madrid CF,548,AS Monaco FC,6,1,HOME_TEAM
551933,2001,UEFA Champions League,2454,2026-01-20 20:00:00+00:00,2026-01-20,20:00:00,2026,1,January,20,Tuesday,4,20,7.0,LEAGUE_STAGE,FINISHED,108,FC Internazionale Milano,57,Arsenal FC,1,3,AWAY_TEAM
552010,2001,UEFA Champions League,2454,2026-01-21 17:45:00+00:00,2026-01-21,17:45:00,2026,1,January,21,Wednesday,4,17,7.0,LEAGUE_STAGE,FINISHED,610,Galatasaray SK,78,Club Atlético de Madrid,1,1,DRAW
552001,2001,UEFA Champions League,2454,2026-01-21 17:45:00+00:00,2026-01-21,17:45:00,2026,1,January,21,Wednesday,4,17,7.0,LEAGUE_STAGE,FINISHED,611,Qarabağ Ağdam FK,19,Eintracht Frankfurt,3,2,HOME_TEAM
551949,2001,UEFA Champions League,2454,2026-01-21 20:00:00+00:00,2026-01-21,20:00:00,2026,1,January,21,Wednesday,4,20,7.0,LEAGUE_STAGE,FINISHED,516,Olympique de Marseille,64,Liverpool FC,0,3,AWAY_TEAM
551956,2001,UEFA Champions League,2454,2026-01-21 20:00:00+00:00,2026-01-21,20:00:00,2026,1,January,21,Wednesday,4,20,7.0,LEAGUE_STAGE,FINISHED,930,SK Slavia Praha,81,FC Barcelona,2,4,AWAY_TEAM
551986,2001,UEFA Champions League,2454,2026-01-21 20:00:00+00:00,2026-01-21,20:00:00,2026,1,January,21,Wednesday,4,20,7.0,LEAGUE_STAGE,FINISHED,102,Atalanta BC,77,Athletic Club,2,3,AWAY_TEAM
551988,2001,UEFA Champions League,2454,2026-01-21 20:00:00+00:00,2026-01-21,20:00:00,2026,1,January,21,Wednesday,4,20,7.0,LEAGUE_STAGE,FINISHED,109,Juventus FC,1903,Sport Lisboa e Benfica,2,0,HOME_TEAM
552036,2001,UEFA Champions League,2454,2026-01-21 20:00:00+00:00,2026-01-21,20:00:00,2026,1,January,21,Wednesday,4,20,7.0,LEAGUE_STAGE,FINISHED,67,Newcastle United FC,674,PSV,3,0,HOME_TEAM
551914,2001,UEFA Champions League,2454,2026-01-21 20:00:00+00:00,2026-01-21,20:00:00,2026,1,January,21,Wednesday,4,20,7.0,LEAGUE_STAGE,FINISHED,5,FC Bayern München,3929,Royale Union Saint-Gilloise,2,0,HOME_TEAM
551921,2001,UEFA Champions League,2454,2026-01-21 20:00:00+00:00,2026-01-21,20:00:00,2026,1,January,21,Wednesday,4,20,7.0,LEAGUE_STAGE,FINISHED,61,Chelsea FC,11034,Paphos FC,1,0,HOME_TEAM
551920,2001,UEFA Champions League,2454,2026-01-28 20:00:00+00:00,2026-01-28,20:00:00,2026,1,January,28,Wednesday,5,20,8.0,LEAGUE_STAGE,FINISHED,113,SSC Napoli,61,Chelsea FC,2,3,AWAY_TEAM
551913,2001,UEFA Champions League,2454,2026-01-28 20:00:00+00:00,2026-01-28,20:00:00,2026,1,January,28,Wednesday,5,20,8.0,LEAGUE_STAGE,FINISHED,674,PSV,5,FC Bayern München,1,2,AWAY_TEAM
552051,2001,UEFA Champions League,2454,2026-01-28 20:00:00+00:00,2026-01-28,20:00:00,2026,1,January,28,Wednesday,5,20,8.0,LEAGUE_STAGE,FINISHED,11034,Paphos FC,930,SK Slavia Praha,4,1,HOME_TEAM
552050,2001,UEFA Champions League,2454,2026-01-28 20:00:00+00:00,2026-01-28,20:00:00,2026,1,January,28,Wednesday,5,20,8.0,LEAGUE_STAGE,FINISHED,524,Paris Saint-Germain FC,67,Newcastle United FC,1,1,DRAW
552030,2001,UEFA Champions League,2454,2026-01-28 20:00:00+00:00,2026-01-28,20:00:00,2026,1,January,28,Wednesday,5,20,8.0,LEAGUE_STAGE,FINISHED,678,AFC Ajax,654,PAE Olympiakos SFP,1,2,AWAY_TEAM
552028,2001,UEFA Champions League,2454,2026-01-28 20:00:00+00:00,2026-01-28,20:00:00,2026,1,January,28,Wednesday,5,20,8.0,LEAGUE_STAGE,FINISHED,77,Athletic Club,498,Sporting Clube de Portugal,2,3,AWAY_TEAM
552007,2001,UEFA Champions League,2454,2026-01-28 20:00:00+00:00,2026-01-28,20:00:00,2026,1,January,28,Wednesday,5,20,8.0,LEAGUE_STAGE,FINISHED,78,Club Atlético de Madrid,5721,FK Bodø/Glimt,1,2,AWAY_TEAM
552006,2001,UEFA Champions League,2454,2026-01-28 20:00:00+00:00,2026-01-28,20:00:00,2026,1,January,28,Wednesday,5,20,8.0,LEAGUE_STAGE,FINISHED,548,AS Monaco FC,109,Juventus FC,0,0,DRAW
551987,2001,UEFA Champions League,2454,2026-01-28 20:00:00+00:00,2026-01-28,20:00:00,2026,1,January,28,Wednesday,5,20,8.0,LEAGUE_STAGE,FINISHED,3929,Royale Union Saint-Gilloise,102,Atalanta BC,1,0,HOME_TEAM
551993,2001,UEFA Champions League,2454,2026-01-28 20:00:00+00:00,2026-01-28,20:00:00,2026,1,January,28,Wednesday,5,20,8.0,LEAGUE_STAGE,FINISHED,851,Club Brugge KV,516,Olympique de Marseille,3,0,HOME_TEAM
551926,2001,UEFA Champions League,2454,2026-01-28 20:00:00+00:00,2026-01-28,20:00:00,2026,1,January,28,Wednesday,5,20,8.0,LEAGUE_STAGE,FINISHED,1903,Sport Lisboa e Benfica,86,Real Madrid CF,4,2,HOME_TEAM
551980,2001,UEFA Champions League,2454,2026-01-28 20:00:00+00:00,2026-01-28,20:00:00,2026,1,January,28,Wednesday,5,20,8.0,LEAGUE_STAGE,FINISHED,57,Arsenal FC,10601,FK Kairat,3,2,HOME_TEAM
551970,2001,UEFA Champions League,2454,2026-01-28 20:00:00+00:00,2026-01-28,20:00:00,2026,1,January,28,Wednesday,5,20,8.0,LEAGUE_STAGE,FINISHED,3,Bayer 04 Leverkusen,94,Villarreal CF,3,0,HOME_TEAM
551967,2001,UEFA Champions League,2454,2026-01-28 20:00:00+00:00,2026-01-28,20:00:00,2026,1,January,28,Wednesday,5,20,8.0,LEAGUE_STAGE,FINISHED,65,Manchester City FC,610,Galatasaray SK,2,0,HOME_TEAM
551957,2001,UEFA Champions League,2454,2026-01-28 20:00:00+00:00,2026-01-28,20:00:00,2026,1,January,28,Wednesday,5,20,8.0,LEAGUE_STAGE,FINISHED,81,FC Barcelona,1876,FC København,4,1,HOME_TEAM
551950,2001,UEFA Champions League,2454,2026-01-28 20:00:00+00:00,2026-01-28,20:00:00,2026,1,January,28,Wednesday,5,20,8.0,LEAGUE_STAGE,FINISHED,64,Liverpool FC,611,Qarabağ Ağdam FK,6,0,HOME_TEAM
551998,2001,UEFA Champions League,2454,2026-01-28 20:00:00+00:00,2026-01-28,20:00:00,2026,1,January,28,Wednesday,5,20,8.0,LEAGUE_STAGE,FINISHED,19,Eintracht Frankfurt,73,Tottenham Hotspur FC,0,2,AWAY_TEAM
551932,2001,UEFA Champions League,2454,2026-01-28 20:00:00+00:00,2026-01-28,20:00:00,2026,1,January,28,Wednesday,5,20,8.0,LEAGUE_STAGE,FINISHED,4,Borussia Dortmund,108,FC Internazionale Milano,0,2,AWAY_TEAM
552055,2001,UEFA Champions League,2454,2026-02-17 17:45:00+00:00,2026-02-17,17:45:00,2026,2,February,17,Tuesday,8,17,1.0,PLAYOFFS,FINISHED,610,Galatasaray SK,109,Juventus FC,5,2,HOME_TEAM
552052,2001,UEFA Champions League,2454,2026-02-17 20:00:00+00:00,2026-02-17,20:00:00,2026,2,February,17,Tuesday,8,20,1.0,PLAYOFFS,FINISHED,1903,Sport Lisboa e Benfica,86,Real Madrid CF,0,1,AWAY_TEAM
552053,2001,UEFA Champions League,2454,2026-02-17 20:00:00+00:00,2026-02-17,20:00:00,2026,2,February,17,Tuesday,8,20,1.0,PLAYOFFS,FINISHED,548,AS Monaco FC,524,Paris Saint-Germain FC,2,3,AWAY_TEAM
552057,2001,UEFA Champions League,2454,2026-02-17 20:15:00+00:00,2026-02-17,20:15:00,2026,2,February,17,Tuesday,8,20,1.0,PLAYOFFS,FINISHED,4,Borussia Dortmund,102,Atalanta BC,2,0,HOME_TEAM
552054,2001,UEFA Champions League,2454,2026-02-18 17:45:00+00:00,2026-02-18,17:45:00,2026,2,February,18,Wednesday,8,17,1.0,PLAYOFFS,FINISHED,611,Qarabağ Ağdam FK,67,Newcastle United FC,1,6,AWAY_TEAM
552056,2001,UEFA Champions League,2454,2026-02-18 20:00:00+00:00,2026-02-18,20:00:00,2026,2,February,18,Wednesday,8,20,1.0,PLAYOFFS,FINISHED,851,Club Brugge KV,78,Club Atlético de Madrid,3,3,DRAW
552058,2001,UEFA Champions League,2454,2026-02-18 20:00:00+00:00,2026-02-18,20:00:00,2026,2,February,18,Wednesday,8,20,1.0,PLAYOFFS,FINISHED,654,PAE Olympiakos SFP,3,Bayer 04 Leverkusen,0,2,AWAY_TEAM
552059,2001,UEFA Champions League,2454,2026-02-18 20:00:00+00:00,2026-02-18,20:00:00,2026,2,February,18,Wednesday,8,20,1.0,PLAYOFFS,FINISHED,5721,FK Bodø/Glimt,108,FC Internazionale Milano,3,1,HOME_TEAM
552064,2001,UEFA Champions League,2454,2026-02-24 17:45:00+00:00,2026-02-24,17:45:00,2026,2,February,24,Tuesday,9,17,2.0,PLAYOFFS,FINISHED,78,Club Atlético de Madrid,851,Club Brugge KV,4,1,HOME_TEAM
552062,2001,UEFA Champions League,2454,2026-02-24 20:00:00+00:00,2026-02-24,20:00:00,2026,2,February,24,Tuesday,9,20,2.0,PLAYOFFS,FINISHED,67,Newcastle United FC,611,Qarabağ Ağdam FK,3,2,HOME_TEAM
552066,2001,UEFA Champions League,2454,2026-02-24 20:00:00+00:00,2026-02-24,20:00:00,2026,2,February,24,Tuesday,9,20,2.0,PLAYOFFS,FINISHED,3,Bayer 04 Leverkusen,654,PAE Olympiakos SFP,0,0,DRAW
552067,2001,UEFA Champions League,2454,2026-02-24 20:00:00+00:00,2026-02-24,20:00:00,2026,2,February,24,Tuesday,9,20,2.0,PLAYOFFS,FINISHED,108,FC Internazionale Milano,5721,FK Bodø/Glimt,1,2,AWAY_TEAM
552065,2001,UEFA Champions League,2454,2026-02-25 17:45:00+00:00,2026-02-25,17:45:00,2026,2,February,25,Wednesday,9,17,2.0,PLAYOFFS,FINISHED,102,Atalanta BC,4,Borussia Dortmund,4,1,HOME_TEAM
552063,2001,UEFA Champions League,2454,2026-02-25 20:00:00+00:00,2026-02-25,20:00:00,2026,2,February,25,Wednesday,9,20,2.0,PLAYOFFS,FINISHED,109,Juventus FC,610,Galatasaray SK,3,2,HOME_TEAM
552060,2001,UEFA Champions League,2454,2026-02-25 20:00:00+00:00,2026-02-25,20:00:00,2026,2,February,25,Wednesday,9,20,2.0,PLAYOFFS,FINISHED,86,Real Madrid CF,1903,Sport Lisboa e Benfica,2,1,HOME_TEAM
552061,2001,UEFA Champions League,2454,2026-02-25 20:00:00+00:00,2026-02-25,20:00:00,2026,2,February,25,Wednesday,9,20,2.0,PLAYOFFS,FINISHED,524,Paris Saint-Germain FC,548,AS Monaco FC,2,2,DRAW
552069,2001,UEFA Champions League,2454,2026-03-10 17:45:00+00:00,2026-03-10,17:45:00,2026,3,March,10,Tuesday,11,17,1.0,LAST_16,FINISHED,610,Galatasaray SK,64,Liverpool FC,1,0,HOME_TEAM
552071,2001,UEFA Champions League,2454,2026-03-10 20:00:00+00:00,2026-03-10,20:00:00,2026,3,March,10,Tuesday,11,20,1.0,LAST_16,FINISHED,102,Atalanta BC,5,FC Bayern München,1,6,AWAY_TEAM
552072,2001,UEFA Champions League,2454,2026-03-10 20:00:00+00:00,2026-03-10,20:00:00,2026,3,March,10,Tuesday,11,20,1.0,LAST_16,FINISHED,67,Newcastle United FC,81,FC Barcelona,1,1,DRAW
552073,2001,UEFA Champions League,2454,2026-03-10 20:00:00+00:00,2026-03-10,20:00:00,2026,3,March,10,Tuesday,11,20,1.0,LAST_16,FINISHED,78,Club Atlético de Madrid,73,Tottenham Hotspur FC,5,2,HOME_TEAM
552075,2001,UEFA Champions League,2454,2026-03-11 17:45:00+00:00,2026-03-11,17:45:00,2026,3,March,11,Wednesday,11,17,1.0,LAST_16,FINISHED,3,Bayer 04 Leverkusen,57,Arsenal FC,1,1,DRAW
552068,2001,UEFA Champions League,2454,2026-03-11 20:00:00+00:00,2026-03-11,20:00:00,2026,3,March,11,Wednesday,11,20,1.0,LAST_16,FINISHED,524,Paris Saint-Germain FC,61,Chelsea FC,5,2,HOME_TEAM
552070,2001,UEFA Champions League,2454,2026-03-11 20:00:00+00:00,2026-03-11,20:00:00,2026,3,March,11,Wednesday,11,20,1.0,LAST_16,FINISHED,86,Real Madrid CF,65,Manchester City FC,3,0,HOME_TEAM
552074,2001,UEFA Champions League,2454,2026-03-11 20:00:00+00:00,2026-03-11,20:00:00,2026,3,March,11,Wednesday,11,20,1.0,LAST_16,FINISHED,5721,FK Bodø/Glimt,498,Sporting Clube de Portugal,3,0,HOME_TEAM
552082,2001,UEFA Champions League,2454,2026-03-17 17:45:00+00:00,2026-03-17,17:45:00,2026,3,March,17,Tuesday,12,17,2.0,LAST_16,FINISHED,498,Sporting Clube de Portugal,5721,FK Bodø/Glimt,5,0,HOME_TEAM
552078,2001,UEFA Champions League,2454,2026-03-17 20:00:00+00:00,2026-03-17,20:00:00,2026,3,March,17,Tuesday,12,20,2.0,LAST_16,FINISHED,65,Manchester City FC,86,Real Madrid CF,1,2,AWAY_TEAM
552083,2001,UEFA Champions League,2454,2026-03-17 20:00:00+00:00,2026-03-17,20:00:00,2026,3,March,17,Tuesday,12,20,2.0,LAST_16,FINISHED,57,Arsenal FC,3,Bayer 04 Leverkusen,2,0,HOME_TEAM
552076,2001,UEFA Champions League,2454,2026-03-17 20:00:00+00:00,2026-03-17,20:00:00,2026,3,March,17,Tuesday,12,20,2.0,LAST_16,FINISHED,61,Chelsea FC,524,Paris Saint-Germain FC,0,3,AWAY_TEAM
552080,2001,UEFA Champions League,2454,2026-03-18 17:45:00+00:00,2026-03-18,17:45:00,2026,3,March,18,Wednesday,12,17,2.0,LAST_16,FINISHED,81,FC Barcelona,67,Newcastle United FC,7,2,HOME_TEAM
552077,2001,UEFA Champions League,2454,2026-03-18 20:00:00+00:00,2026-03-18,20:00:00,2026,3,March,18,Wednesday,12,20,2.0,LAST_16,FINISHED,64,Liverpool FC,610,Galatasaray SK,4,0,HOME_TEAM
552079,2001,UEFA Champions League,2454,2026-03-18 20:00:00+00:00,2026-03-18,20:00:00,2026,3,March,18,Wednesday,12,20,2.0,LAST_16,FINISHED,5,FC Bayern München,102,Atalanta BC,4,1,HOME_TEAM
552081,2001,UEFA Champions League,2454,2026-03-18 20:00:00+00:00,2026-03-18,20:00:00,2026,3,March,18,Wednesday,12,20,2.0,LAST_16,FINISHED,73,Tottenham Hotspur FC,78,Club Atlético de Madrid,3,2,HOME_TEAM
556719,2001,UEFA Champions League,2454,2026-04-07 19:00:00+00:00,2026-04-07,19:00:00,2026,4,April,7,Tuesday,15,19,1.0,QUARTER_FINALS,FINISHED,86,Real Madrid CF,5,FC Bayern München,1,2,AWAY_TEAM
556721,2001,UEFA Champions League,2454,2026-04-07 19:00:00+00:00,2026-04-07,19:00:00,2026,4,April,7,Tuesday,15,19,1.0,QUARTER_FINALS,FINISHED,498,Sporting Clube de Portugal,57,Arsenal FC,0,1,AWAY_TEAM
556720,2001,UEFA Champions League,2454,2026-04-08 19:00:00+00:00,2026-04-08,19:00:00,2026,4,April,8,Wednesday,15,19,1.0,QUARTER_FINALS,FINISHED,81,FC Barcelona,78,Club Atlético de Madrid,0,2,AWAY_TEAM
556718,2001,UEFA Champions League,2454,2026-04-08 19:00:00+00:00,2026-04-08,19:00:00,2026,4,April,8,Wednesday,15,19,1.0,QUARTER_FINALS,FINISHED,524,Paris Saint-Germain FC,64,Liverpool FC,2,0,HOME_TEAM
556722,2001,UEFA Champions League,2454,2026-04-14 19:00:00+00:00,2026-04-14,19:00:00,2026,4,April,14,Tuesday,16,19,2.0,QUARTER_FINALS,FINISHED,64,Liverpool FC,524,Paris Saint-Germain FC,0,2,AWAY_TEAM
556724,2001,UEFA Champions League,2454,2026-04-14 19:00:00+00:00,2026-04-14,19:00:00,2026,4,April,14,Tuesday,16,19,2.0,QUARTER_FINALS,FINISHED,78,Club Atlético de Madrid,81,FC Barcelona,1,2,AWAY_TEAM
556723,2001,UEFA Champions League,2454,2026-04-15 19:00:00+00:00,2026-04-15,19:00:00,2026,4,April,15,Wednesday,16,19,2.0,QUARTER_FINALS,FINISHED,5,FC Bayern München,86,Real Madrid CF,4,3,HOME_TEAM
556725,2001,UEFA Champions League,2454,2026-04-15 19:00:00+00:00,2026-04-15,19:00:00,2026,4,April,15,Wednesday,16,19,2.0,QUARTER_FINALS,FINISHED,57,Arsenal FC,498,Sporting Clube de Portugal,0,0,DRAW
552092,2001,UEFA Champions League,2454,2026-04-28 19:00:00+00:00,2026-04-28,19:00:00,2026,4,April,28,Tuesday,18,19,1.0,SEMI_FINALS,FINISHED,524,Paris Saint-Germain FC,5,FC Bayern München,5,4,HOME_TEAM
552093,2001,UEFA Champions League,2454,2026-04-29 19:00:00+00:00,2026-04-29,19:00:00,2026,4,April,29,Wednesday,18,19,1.0,SEMI_FINALS,FINISHED,78,Club Atlético de Madrid,57,Arsenal FC,1,1,DRAW
552095,2001,UEFA Champions League,2454,2026-05-05 19:00:00+00:00,2026-05-05,19:00:00,2026,5,May,5,Tuesday,19,19,2.0,SEMI_FINALS,FINISHED,57,Arsenal FC,78,Club Atlético de Madrid,1,0,HOME_TEAM
552094,2001,UEFA Champions League,2454,2026-05-06 19:00:00+00:00,2026-05-06,19:00:00,2026,5,May,6,Wednesday,19,19,2.0,SEMI_FINALS,FINISHED,5,FC Bayern München,524,Paris Saint-Germain FC,1,1,DRAW
552096,2001,UEFA Champions League,2454,2026-05-30 16:00:00+00:00,2026-05-30,16:00:00,2026,5,May,30,Saturday,22,16,,FINAL,FINISHED,524,Paris Saint-Germain FC,57,Arsenal FC,5,4,HOME_TEAM
564634,2014,Primera Division,2518,2026-08-15 17:30:00+00:00,2026-08-15,17:30:00,2026,8,August,15,Saturday,33,17,1.0,REGULAR_SEASON,SCHEDULED,263,Deportivo Alavés,82,Getafe CF,-1,-1,
564633,2014,Primera Division,2518,2026-08-15 19:30:00+00:00,2026-08-15,19:30:00,2026,8,August,15,Saturday,33,19,1.0,REGULAR_SEASON,SCHEDULED,559,Sevilla FC,87,Rayo Vallecano de Madrid,-1,-1,
564629,2014,Primera Division,2518,2026-08-16 15:00:00+00:00,2026-08-16,15:00:00,2026,8,August,16,Sunday,33,15,1.0,REGULAR_SEASON,SCHEDULED,5335,Real Racing Club de Santander,94,Villarreal CF,-1,-1,
564632,2014,Primera Division,2518,2026-08-16 17:00:00+00:00,2026-08-16,17:00:00,2026,8,August,16,Sunday,33,17,1.0,REGULAR_SEASON,SCHEDULED,80,RCD Espanyol de Barcelona,88,Levante UD,-1,-1,
564636,2014,Primera Division,2518,2026-08-16 19:30:00+00:00,2026-08-16,19:30:00,2026,8,August,16,Sunday,33,19,1.0,REGULAR_SEASON,SCHEDULED,558,RC Celta de Vigo,79,CA Osasuna,-1,-1,
564635,2014,Primera Division,2518,2026-08-17 19:00:00+00:00,2026-08-17,19:00:00,2026,8,August,17,Monday,34,19,1.0,REGULAR_SEASON,SCHEDULED,560,RC Deportivo La Coruña,285,Elche CF,-1,-1,
564628,2014,Primera Division,2518,2026-08-19 19:00:00+00:00,2026-08-19,19:00:00,2026,8,August,19,Wednesday,34,19,1.0,REGULAR_SEASON,SCHEDULED,78,Club Atlético de Madrid,84,Málaga CF,-1,-1,
564638,2014,Primera Division,2518,2026-08-20 19:00:00+00:00,2026-08-20,19:00:00,2026,8,August,20,Thursday,34,19,2.0,REGULAR_SEASON,SCHEDULED,87,Rayo Vallecano de Madrid,263,Deportivo Alavés,-1,-1,
564647,2014,Primera Division,2518,2026-08-21 19:00:00+00:00,2026-08-21,19:00:00,2026,8,August,21,Friday,34,19,2.0,REGULAR_SEASON,SCHEDULED,90,Real Betis Balompié,92,Real Sociedad de Fútbol,-1,-1,
560542,2021,Premier League,2502,2026-08-21 19:00:00+00:00,2026-08-21,19:00:00,2026,8,August,21,Friday,34,19,1.0,REGULAR_SEASON,SCHEDULED,57,Arsenal FC,1076,Coventry City FC,-1,-1,
560543,2021,Premier League,2502,2026-08-22 11:30:00+00:00,2026-08-22,11:30:00,2026,8,August,22,Saturday,34,11,1.0,REGULAR_SEASON,SCHEDULED,322,Hull City AFC,66,Manchester United FC,-1,-1,
560545,2021,Premier League,2502,2026-08-22 14:00:00+00:00,2026-08-22,14:00:00,2026,8,August,22,Saturday,34,14,1.0,REGULAR_SEASON,SCHEDULED,351,Nottingham Forest FC,341,Leeds United FC,-1,-1,
560546,2021,Premier League,2502,2026-08-22 14:00:00+00:00,2026-08-22,14:00:00,2026,8,August,22,Saturday,34,14,1.0,REGULAR_SEASON,SCHEDULED,62,Everton FC,354,Crystal Palace FC,-1,-1,
560544,2021,Premier League,2502,2026-08-22 14:00:00+00:00,2026-08-22,14:00:00,2026,8,August,22,Saturday,34,14,1.0,REGULAR_SEASON,SCHEDULED,349,Ipswich Town FC,71,Sunderland AFC,-1,-1,
564641,2014,Primera Division,2518,2026-08-22 15:00:00+00:00,2026-08-22,15:00:00,2026,8,August,22,Saturday,34,15,2.0,REGULAR_SEASON,SCHEDULED,77,Athletic Club,559,Sevilla FC,-1,-1,
560547,2021,Premier League,2502,2026-08-22 16:30:00+00:00,2026-08-22,16:30:00,2026,8,August,22,Saturday,34,16,1.0,REGULAR_SEASON,SCHEDULED,402,Brentford FC,73,Tottenham Hotspur FC,-1,-1,
558629,2019,Serie A,2494,2026-08-22 16:30:00+00:00,2026-08-22,16:30:00,2026,8,August,22,Saturday,34,16,1.0,REGULAR_SEASON,SCHEDULED,115,Udinese Calcio,7397,Como 1907,-1,-1,
558632,2019,Serie A,2494,2026-08-22 16:30:00+00:00,2026-08-22,16:30:00,2026,8,August,22,Saturday,34,16,1.0,REGULAR_SEASON,SCHEDULED,108,FC Internazionale Milano,5911,AC Monza,-1,-1,
564643,2014,Primera Division,2518,2026-08-22 17:30:00+00:00,2026-08-22,17:30:00,2026,8,August,22,Saturday,34,17,2.0,REGULAR_SEASON,SCHEDULED,95,Valencia CF,558,RC Celta de Vigo,-1,-1,
558631,2019,Serie A,2494,2026-08-22 18:45:00+00:00,2026-08-22,18:45:00,2026,8,August,22,Saturday,34,18,1.0,REGULAR_SEASON,SCHEDULED,107,Genoa CFC,113,SSC Napoli,-1,-1,
558636,2019,Serie A,2494,2026-08-22 18:45:00+00:00,2026-08-22,18:45:00,2026,8,August,22,Saturday,34,18,1.0,REGULAR_SEASON,SCHEDULED,112,Parma Calcio 1913,104,Cagliari Calcio,-1,-1,
564645,2014,Primera Division,2518,2026-08-22 19:30:00+00:00,2026-08-22,19:30:00,2026,8,August,22,Saturday,34,19,2.0,REGULAR_SEASON,SCHEDULED,80,RCD Espanyol de Barcelona,86,Real Madrid CF,-1,-1,
560549,2021,Premier League,2502,2026-08-23 13:00:00+00:00,2026-08-23,13:00:00,2026,8,August,23,Sunday,34,13,1.0,REGULAR_SEASON,SCHEDULED,397,Brighton & Hove Albion FC,58,Aston Villa FC,-1,-1,
560548,2021,Premier League,2502,2026-08-23 13:00:00+00:00,2026-08-23,13:00:00,2026,8,August,23,Sunday,34,13,1.0,REGULAR_SEASON,SCHEDULED,65,Manchester City FC,1044,AFC Bournemouth,-1,-1,
564646,2014,Primera Division,2518,2026-08-23 15:00:00+00:00,2026-08-23,15:00:00,2026,8,August,23,Sunday,34,15,2.0,REGULAR_SEASON,SCHEDULED,78,Club Atlético de Madrid,94,Villarreal CF,-1,-1,
560550,2021,Premier League,2502,2026-08-23 15:30:00+00:00,2026-08-23,15:30:00,2026,8,August,23,Sunday,34,15,1.0,REGULAR_SEASON,SCHEDULED,67,Newcastle United FC,64,Liverpool FC,-1,-1,
558635,2019,Serie A,2494,2026-08-23 16:30:00+00:00,2026-08-23,16:30:00,2026,8,August,23,Sunday,34,16,1.0,REGULAR_SEASON,SCHEDULED,470,Frosinone Calcio,109,Juventus FC,-1,-1,
558637,2019,Serie A,2494,2026-08-23 16:30:00+00:00,2026-08-23,16:30:00,2026,8,August,23,Sunday,34,16,1.0,REGULAR_SEASON,SCHEDULED,454,Venezia FC,5890,US Lecce,-1,-1,
564644,2014,Primera Division,2518,2026-08-23 17:30:00+00:00,2026-08-23,17:30:00,2026,8,August,23,Sunday,34,17,2.0,REGULAR_SEASON,SCHEDULED,82,Getafe CF,5335,Real Racing Club de Santander,-1,-1,
558634,2019,Serie A,2494,2026-08-23 18:45:00+00:00,2026-08-23,18:45:00,2026,8,August,23,Sunday,34,18,1.0,REGULAR_SEASON,SCHEDULED,586,Torino FC,98,AC Milan,-1,-1,
558633,2019,Serie A,2494,2026-08-23 18:45:00+00:00,2026-08-23,18:45:00,2026,8,August,23,Sunday,34,18,1.0,REGULAR_SEASON,SCHEDULED,102,Atalanta BC,471,US Sassuolo Calcio,-1,-1,
564642,2014,Primera Division,2518,2026-08-23 19:30:00+00:00,2026-08-23,19:30:00,2026,8,August,23,Sunday,34,19,2.0,REGULAR_SEASON,SCHEDULED,285,Elche CF,81,FC Barcelona,-1,-1,
558630,2019,Serie A,2494,2026-08-24 16:30:00+00:00,2026-08-24,16:30:00,2026,8,August,24,Monday,35,16,1.0,REGULAR_SEASON,SCHEDULED,103,Bologna FC 1909,110,SS Lazio,-1,-1,
564639,2014,Primera Division,2518,2026-08-24 17:30:00+00:00,2026-08-24,17:30:00,2026,8,August,24,Monday,35,17,2.0,REGULAR_SEASON,SCHEDULED,79,CA Osasuna,88,Levante UD,-1,-1,
558638,2019,Serie A,2494,2026-08-24 18:45:00+00:00,2026-08-24,18:45:00,2026,8,August,24,Monday,35,18,1.0,REGULAR_SEASON,SCHEDULED,100,AS Roma,99,ACF Fiorentina,-1,-1,
560551,2021,Premier League,2502,2026-08-24 19:00:00+00:00,2026-08-24,19:00:00,2026,8,August,24,Monday,35,19,1.0,REGULAR_SEASON,SCHEDULED,63,Fulham FC,61,Chelsea FC,-1,-1,
564640,2014,Primera Division,2518,2026-08-24 19:30:00+00:00,2026-08-24,19:30:00,2026,8,August,24,Monday,35,19,2.0,REGULAR_SEASON,SCHEDULED,84,Málaga CF,560,RC Deportivo La Coruña,-1,-1,
564637,2014,Primera Division,2518,2026-08-25 19:00:00+00:00,2026-08-25,19:00:00,2026,8,August,25,Tuesday,35,19,1.0,REGULAR_SEASON,SCHEDULED,95,Valencia CF,90,Real Betis Balompié,-1,-1,
564631,2014,Primera Division,2518,2026-08-26 19:00:00+00:00,2026-08-26,19:00:00,2026,8,August,26,Wednesday,35,19,1.0,REGULAR_SEASON,SCHEDULED,86,Real Madrid CF,92,Real Sociedad de Fútbol,-1,-1,
564630,2014,Primera Division,2518,2026-08-27 19:00:00+00:00,2026-08-27,19:00:00,2026,8,August,27,Thursday,35,19,1.0,REGULAR_SEASON,SCHEDULED,81,FC Barcelona,77,Athletic Club,-1,-1,
564654,2014,Primera Division,2518,2026-08-28 17:00:00+00:00,2026-08-28,17:00:00,2026,8,August,28,Friday,35,17,3.0,REGULAR_SEASON,SCHEDULED,5335,Real Racing Club de Santander,285,Elche CF,-1,-1,
565776,2002,Bundesliga,2522,2026-08-28 18:30:00+00:00,2026-08-28,18:30:00,2026,8,August,28,Friday,35,18,1.0,REGULAR_SEASON,TIMED,5,FC Bayern München,10,VfB Stuttgart,-1,-1,
558625,2019,Serie A,2494,2026-08-28 18:45:00+00:00,2026-08-28,18:45:00,2026,8,August,28,Friday,35,18,2.0,REGULAR_SEASON,SCHEDULED,98,AC Milan,454,Venezia FC,-1,-1,
560555,2021,Premier League,2502,2026-08-28 19:00:00+00:00,2026-08-28,19:00:00,2026,8,August,28,Friday,35,19,2.0,REGULAR_SEASON,SCHEDULED,354,Crystal Palace FC,65,Manchester City FC,-1,-1,
564648,2014,Primera Division,2518,2026-08-28 19:30:00+00:00,2026-08-28,19:30:00,2026,8,August,28,Friday,35,19,3.0,REGULAR_SEASON,SCHEDULED,263,Deportivo Alavés,94,Villarreal CF,-1,-1,
560552,2021,Premier League,2502,2026-08-29 11:30:00+00:00,2026-08-29,11:30:00,2026,8,August,29,Saturday,35,11,2.0,REGULAR_SEASON,SCHEDULED,64,Liverpool FC,351,Nottingham Forest FC,-1,-1,
565777,2002,Bundesliga,2522,2026-08-29 13:30:00+00:00,2026-08-29,13:30:00,2026,8,August,29,Saturday,35,13,1.0,REGULAR_SEASON,TIMED,721,RB Leipzig,18,Borussia Mönchengladbach,-1,-1,
565779,2002,Bundesliga,2522,2026-08-29 13:30:00+00:00,2026-08-29,13:30:00,2026,8,August,29,Saturday,35,13,1.0,REGULAR_SEASON,TIMED,28,1. FC Union Berlin,19,Eintracht Frankfurt,-1,-1,
565778,2002,Bundesliga,2522,2026-08-29 13:30:00+00:00,2026-08-29,13:30:00,2026,8,August,29,Saturday,35,13,1.0,REGULAR_SEASON,TIMED,15,1. FSV Mainz 05,29,SC Paderborn 07,-1,-1,
565783,2002,Bundesliga,2522,2026-08-29 13:30:00+00:00,2026-08-29,13:30:00,2026,8,August,29,Saturday,35,13,1.0,REGULAR_SEASON,TIMED,1,1. FC Köln,2,TSG 1899 Hoffenheim,-1,-1,
565780,2002,Bundesliga,2522,2026-08-29 13:30:00+00:00,2026-08-29,13:30:00,2026,8,August,29,Saturday,35,13,1.0,REGULAR_SEASON,TIMED,719,SV 07 Elversberg,3,Bayer 04 Leverkusen,-1,-1,
560560,2021,Premier League,2502,2026-08-29 14:00:00+00:00,2026-08-29,14:00:00,2026,8,August,29,Saturday,35,14,2.0,REGULAR_SEASON,SCHEDULED,1044,AFC Bournemouth,62,Everton FC,-1,-1,
560561,2021,Premier League,2502,2026-08-29 14:00:00+00:00,2026-08-29,14:00:00,2026,8,August,29,Saturday,35,14,2.0,REGULAR_SEASON,SCHEDULED,1076,Coventry City FC,322,Hull City AFC,-1,-1,
564655,2014,Primera Division,2518,2026-08-29 15:00:00+00:00,2026-08-29,15:00:00,2026,8,August,29,Saturday,35,15,3.0,REGULAR_SEASON,SCHEDULED,88,Levante UD,90,Real Betis Balompié,-1,-1,
560558,2021,Premier League,2502,2026-08-29 16:30:00+00:00,2026-08-29,16:30:00,2026,8,August,29,Saturday,35,16,2.0,REGULAR_SEASON,SCHEDULED,73,Tottenham Hotspur FC,67,Newcastle United FC,-1,-1,
558624,2019,Serie A,2494,2026-08-29 16:30:00+00:00,2026-08-29,16:30:00,2026,8,August,29,Saturday,35,16,2.0,REGULAR_SEASON,SCHEDULED,5911,AC Monza,115,Udinese Calcio,-1,-1,
558627,2019,Serie A,2494,2026-08-29 16:30:00+00:00,2026-08-29,16:30:00,2026,8,August,29,Saturday,35,16,2.0,REGULAR_SEASON,SCHEDULED,99,ACF Fiorentina,470,Frosinone Calcio,-1,-1,
565781,2002,Bundesliga,2522,2026-08-29 16:30:00+00:00,2026-08-29,16:30:00,2026,8,August,29,Saturday,35,16,1.0,REGULAR_SEASON,TIMED,4,Borussia Dortmund,7,Hamburger SV,-1,-1,
558620,2019,Serie A,2494,2026-08-29 16:30:00+00:00,2026-08-29,16:30:00,2026,8,August,29,Saturday,35,16,2.0,REGULAR_SEASON,SCHEDULED,471,US Sassuolo Calcio,586,Torino FC,-1,-1,
564653,2014,Primera Division,2518,2026-08-29 17:00:00+00:00,2026-08-29,17:00:00,2026,8,August,29,Saturday,35,17,3.0,REGULAR_SEASON,SCHEDULED,92,Real Sociedad de Fútbol,80,RCD Espanyol de Barcelona,-1,-1,
558619,2019,Serie A,2494,2026-08-29 18:45:00+00:00,2026-08-29,18:45:00,2026,8,August,29,Saturday,35,18,2.0,REGULAR_SEASON,SCHEDULED,109,Juventus FC,112,Parma Calcio 1913,-1,-1,
564649,2014,Primera Division,2518,2026-08-29 19:30:00+00:00,2026-08-29,19:30:00,2026,8,August,29,Saturday,35,19,3.0,REGULAR_SEASON,SCHEDULED,559,Sevilla FC,78,Club Atlético de Madrid,-1,-1,
560554,2021,Premier League,2502,2026-08-30 13:00:00+00:00,2026-08-30,13:00:00,2026,8,August,30,Sunday,35,13,2.0,REGULAR_SEASON,SCHEDULED,71,Sunderland AFC,63,Fulham FC,-1,-1,
560556,2021,Premier League,2502,2026-08-30 13:00:00+00:00,2026-08-30,13:00:00,2026,8,August,30,Sunday,35,13,2.0,REGULAR_SEASON,SCHEDULED,61,Chelsea FC,397,Brighton & Hove Albion FC,-1,-1,
560559,2021,Premier League,2502,2026-08-30 13:00:00+00:00,2026-08-30,13:00:00,2026,8,August,30,Sunday,35,13,2.0,REGULAR_SEASON,SCHEDULED,341,Leeds United FC,402,Brentford FC,-1,-1,
565784,2002,Bundesliga,2522,2026-08-30 13:30:00+00:00,2026-08-30,13:30:00,2026,8,August,30,Sunday,35,13,1.0,REGULAR_SEASON,TIMED,17,SC Freiburg,12,SV Werder Bremen,-1,-1,
564656,2014,Primera Division,2518,2026-08-30 15:00:00+00:00,2026-08-30,15:00:00,2026,8,August,30,Sunday,35,15,3.0,REGULAR_SEASON,SCHEDULED,86,Real Madrid CF,84,Málaga CF,-1,-1,
565782,2002,Bundesliga,2522,2026-08-30 15:30:00+00:00,2026-08-30,15:30:00,2026,8,August,30,Sunday,35,15,1.0,REGULAR_SEASON,TIMED,16,FC Augsburg,6,FC Schalke 04,-1,-1,
560553,2021,Premier League,2502,2026-08-30 15:30:00+00:00,2026-08-30,15:30:00,2026,8,August,30,Sunday,35,15,2.0,REGULAR_SEASON,SCHEDULED,66,Manchester United FC,349,Ipswich Town FC,-1,-1,
558626,2019,Serie A,2494,2026-08-30 16:30:00+00:00,2026-08-30,16:30:00,2026,8,August,30,Sunday,35,16,2.0,REGULAR_SEASON,SCHEDULED,113,SSC Napoli,7397,Como 1907,-1,-1,
564651,2014,Primera Division,2518,2026-08-30 17:30:00+00:00,2026-08-30,17:30:00,2026,8,August,30,Sunday,35,17,3.0,REGULAR_SEASON,SCHEDULED,560,RC Deportivo La Coruña,95,Valencia CF,-1,-1,
558622,2019,Serie A,2494,2026-08-30 18:45:00+00:00,2026-08-30,18:45:00,2026,8,August,30,Sunday,35,18,2.0,REGULAR_SEASON,SCHEDULED,110,SS Lazio,107,Genoa CFC,-1,-1,
558623,2019,Serie A,2494,2026-08-30 18:45:00+00:00,2026-08-30,18:45:00,2026,8,August,30,Sunday,35,18,2.0,REGULAR_SEASON,SCHEDULED,104,Cagliari Calcio,108,FC Internazionale Milano,-1,-1,
564652,2014,Primera Division,2518,2026-08-30 19:30:00+00:00,2026-08-30,19:30:00,2026,8,August,30,Sunday,35,19,3.0,REGULAR_SEASON,SCHEDULED,558,RC Celta de Vigo,77,Athletic Club,-1,-1,
558621,2019,Serie A,2494,2026-08-31 16:30:00+00:00,2026-08-31,16:30:00,2026,8,August,31,Monday,36,16,2.0,REGULAR_SEASON,SCHEDULED,5890,US Lecce,100,AS Roma,-1,-1,
564657,2014,Primera Division,2518,2026-08-31 17:30:00+00:00,2026-08-31,17:30:00,2026,8,August,31,Monday,36,17,3.0,REGULAR_SEASON,SCHEDULED,79,CA Osasuna,82,Getafe CF,-1,-1,
558628,2019,Serie A,2494,2026-08-31 18:45:00+00:00,2026-08-31,18:45:00,2026,8,August,31,Monday,36,18,2.0,REGULAR_SEASON,SCHEDULED,102,Atalanta BC,103,Bologna FC 1909,-1,-1,
560557,2021,Premier League,2502,2026-08-31 19:00:00+00:00,2026-08-31,19:00:00,2026,8,August,31,Monday,36,19,2.0,REGULAR_SEASON,SCHEDULED,58,Aston Villa FC,57,Arsenal FC,-1,-1,
564650,2014,Primera Division,2518,2026-08-31 19:30:00+00:00,2026-08-31,19:30:00,2026,8,August,31,Monday,36,19,3.0,REGULAR_SEASON,SCHEDULED,81,FC Barcelona,87,Rayo Vallecano de Madrid,-1,-1,
565791,2002,Bundesliga,2522,2026-09-04 18:30:00+00:00,2026-09-04,18:30:00,2026,9,September,4,Friday,36,18,2.0,REGULAR_SEASON,TIMED,10,VfB Stuttgart,1,1. FC Köln,-1,-1,
558609,2019,Serie A,2494,2026-09-04 18:45:00+00:00,2026-09-04,18:45:00,2026,9,September,4,Friday,36,18,3.0,REGULAR_SEASON,SCHEDULED,107,Genoa CFC,7397,Como 1907,-1,-1,
560566,2021,Premier League,2502,2026-09-04 19:00:00+00:00,2026-09-04,19:00:00,2026,9,September,4,Friday,36,19,3.0,REGULAR_SEASON,SCHEDULED,349,Ipswich Town FC,64,Liverpool FC,-1,-1,
560571,2021,Premier League,2502,2026-09-05 11:30:00+00:00,2026-09-05,11:30:00,2026,9,September,5,Saturday,36,11,3.0,REGULAR_SEASON,SCHEDULED,67,Newcastle United FC,1044,AFC Bournemouth,-1,-1,
558616,2019,Serie A,2494,2026-09-05 13:00:00+00:00,2026-09-05,13:00:00,2026,9,September,5,Saturday,36,13,3.0,REGULAR_SEASON,SCHEDULED,99,ACF Fiorentina,586,Torino FC,-1,-1,
565793,2002,Bundesliga,2522,2026-09-05 13:30:00+00:00,2026-09-05,13:30:00,2026,9,September,5,Saturday,36,13,2.0,REGULAR_SEASON,TIMED,29,SC Paderborn 07,17,SC Freiburg,-1,-1,
565792,2002,Bundesliga,2522,2026-09-05 13:30:00+00:00,2026-09-05,13:30:00,2026,9,September,5,Saturday,36,13,2.0,REGULAR_SEASON,TIMED,18,Borussia Mönchengladbach,719,SV 07 Elversberg,-1,-1,
565787,2002,Bundesliga,2522,2026-09-05 13:30:00+00:00,2026-09-05,13:30:00,2026,9,September,5,Saturday,36,13,2.0,REGULAR_SEASON,TIMED,2,TSG 1899 Hoffenheim,4,Borussia Dortmund,-1,-1,
565790,2002,Bundesliga,2522,2026-09-05 13:30:00+00:00,2026-09-05,13:30:00,2026,9,September,5,Saturday,36,13,2.0,REGULAR_SEASON,TIMED,3,Bayer 04 Leverkusen,28,1. FC Union Berlin,-1,-1,
565785,2002,Bundesliga,2522,2026-09-05 13:30:00+00:00,2026-09-05,13:30:00,2026,9,September,5,Saturday,36,13,2.0,REGULAR_SEASON,TIMED,12,SV Werder Bremen,721,RB Leipzig,-1,-1,
560562,2021,Premier League,2502,2026-09-05 14:00:00+00:00,2026-09-05,14:00:00,2026,9,September,5,Saturday,36,14,3.0,REGULAR_SEASON,SCHEDULED,351,Nottingham Forest FC,73,Tottenham Hotspur FC,-1,-1,
560563,2021,Premier League,2502,2026-09-05 14:00:00+00:00,2026-09-05,14:00:00,2026,9,September,5,Saturday,36,14,3.0,REGULAR_SEASON,SCHEDULED,65,Manchester City FC,1076,Coventry City FC,-1,-1,
560564,2021,Premier League,2502,2026-09-05 14:00:00+00:00,2026-09-05,14:00:00,2026,9,September,5,Saturday,36,14,3.0,REGULAR_SEASON,SCHEDULED,397,Brighton & Hove Albion FC,341,Leeds United FC,-1,-1,
560565,2021,Premier League,2502,2026-09-05 14:00:00+00:00,2026-09-05,14:00:00,2026,9,September,5,Saturday,36,14,3.0,REGULAR_SEASON,SCHEDULED,402,Brentford FC,71,Sunderland AFC,-1,-1,
560568,2021,Premier League,2502,2026-09-05 14:00:00+00:00,2026-09-05,14:00:00,2026,9,September,5,Saturday,36,14,3.0,REGULAR_SEASON,SCHEDULED,63,Fulham FC,354,Crystal Palace FC,-1,-1,
558614,2019,Serie A,2494,2026-09-05 16:00:00+00:00,2026-09-05,16:00:00,2026,9,September,5,Saturday,36,16,3.0,REGULAR_SEASON,SCHEDULED,108,FC Internazionale Milano,113,SSC Napoli,-1,-1,
565789,2002,Bundesliga,2522,2026-09-05 16:30:00+00:00,2026-09-05,16:30:00,2026,9,September,5,Saturday,36,16,2.0,REGULAR_SEASON,TIMED,6,FC Schalke 04,5,FC Bayern München,-1,-1,
560569,2021,Premier League,2502,2026-09-05 16:30:00+00:00,2026-09-05,16:30:00,2026,9,September,5,Saturday,36,16,3.0,REGULAR_SEASON,SCHEDULED,322,Hull City AFC,58,Aston Villa FC,-1,-1,
558611,2019,Serie A,2494,2026-09-05 18:45:00+00:00,2026-09-05,18:45:00,2026,9,September,5,Saturday,36,18,3.0,REGULAR_SEASON,SCHEDULED,100,AS Roma,102,Atalanta BC,-1,-1,
558612,2019,Serie A,2494,2026-09-06 13:00:00+00:00,2026-09-06,13:00:00,2026,9,September,6,Sunday,36,13,3.0,REGULAR_SEASON,SCHEDULED,112,Parma Calcio 1913,5911,AC Monza,-1,-1,
560567,2021,Premier League,2502,2026-09-06 13:00:00+00:00,2026-09-06,13:00:00,2026,9,September,6,Sunday,36,13,3.0,REGULAR_SEASON,SCHEDULED,62,Everton FC,66,Manchester United FC,-1,-1,
558615,2019,Serie A,2494,2026-09-06 13:00:00+00:00,2026-09-06,13:00:00,2026,9,September,6,Sunday,36,13,3.0,REGULAR_SEASON,SCHEDULED,470,Frosinone Calcio,454,Venezia FC,-1,-1,
565788,2002,Bundesliga,2522,2026-09-06 13:30:00+00:00,2026-09-06,13:30:00,2026,9,September,6,Sunday,36,13,2.0,REGULAR_SEASON,TIMED,7,Hamburger SV,15,1. FSV Mainz 05,-1,-1,
564663,2014,Primera Division,2518,2026-09-06 15:00:00+00:00,2026-09-06,15:00:00,2026,9,September,6,Sunday,36,15,4.0,REGULAR_SEASON,SCHEDULED,77,Athletic Club,78,Club Atlético de Madrid,-1,-1,
564661,2014,Primera Division,2518,2026-09-06 15:00:00+00:00,2026-09-06,15:00:00,2026,9,September,6,Sunday,36,15,4.0,REGULAR_SEASON,SCHEDULED,80,RCD Espanyol de Barcelona,559,Sevilla FC,-1,-1,
564658,2014,Primera Division,2518,2026-09-06 15:00:00+00:00,2026-09-06,15:00:00,2026,9,September,6,Sunday,36,15,4.0,REGULAR_SEASON,SCHEDULED,285,Elche CF,92,Real Sociedad de Fútbol,-1,-1,
564659,2014,Primera Division,2518,2026-09-06 15:00:00+00:00,2026-09-06,15:00:00,2026,9,September,6,Sunday,36,15,4.0,REGULAR_SEASON,SCHEDULED,95,Valencia CF,81,FC Barcelona,-1,-1,
564660,2014,Primera Division,2518,2026-09-06 15:00:00+00:00,2026-09-06,15:00:00,2026,9,September,6,Sunday,36,15,4.0,REGULAR_SEASON,SCHEDULED,87,Rayo Vallecano de Madrid,5335,Real Racing Club de Santander,-1,-1,
564662,2014,Primera Division,2518,2026-09-06 15:00:00+00:00,2026-09-06,15:00:00,2026,9,September,6,Sunday,36,15,4.0,REGULAR_SEASON,SCHEDULED,94,Villarreal CF,560,RC Deportivo La Coruña,-1,-1,
564664,2014,Primera Division,2518,2026-09-06 15:00:00+00:00,2026-09-06,15:00:00,2026,9,September,6,Sunday,36,15,4.0,REGULAR_SEASON,SCHEDULED,263,Deportivo Alavés,79,CA Osasuna,-1,-1,
564666,2014,Primera Division,2518,2026-09-06 15:00:00+00:00,2026-09-06,15:00:00,2026,9,September,6,Sunday,36,15,4.0,REGULAR_SEASON,SCHEDULED,84,Málaga CF,88,Levante UD,-1,-1,
564665,2014,Primera Division,2518,2026-09-06 15:00:00+00:00,2026-09-06,15:00:00,2026,9,September,6,Sunday,36,15,4.0,REGULAR_SEASON,SCHEDULED,82,Getafe CF,558,RC Celta de Vigo,-1,-1,
564667,2014,Primera Division,2518,2026-09-06 15:00:00+00:00,2026-09-06,15:00:00,2026,9,September,6,Sunday,36,15,4.0,REGULAR_SEASON,SCHEDULED,90,Real Betis Balompié,86,Real Madrid CF,-1,-1,
560570,2021,Premier League,2502,2026-09-06 15:30:00+00:00,2026-09-06,15:30:00,2026,9,September,6,Sunday,36,15,3.0,REGULAR_SEASON,SCHEDULED,57,Arsenal FC,61,Chelsea FC,-1,-1,
565786,2002,Bundesliga,2522,2026-09-06 15:30:00+00:00,2026-09-06,15:30:00,2026,9,September,6,Sunday,36,15,2.0,REGULAR_SEASON,TIMED,19,Eintracht Frankfurt,16,FC Augsburg,-1,-1,
558613,2019,Serie A,2494,2026-09-06 16:00:00+00:00,2026-09-06,16:00:00,2026,9,September,6,Sunday,36,16,3.0,REGULAR_SEASON,SCHEDULED,103,Bologna FC 1909,471,US Sassuolo Calcio,-1,-1,
558618,2019,Serie A,2494,2026-09-06 18:45:00+00:00,2026-09-06,18:45:00,2026,9,September,6,Sunday,36,18,3.0,REGULAR_SEASON,SCHEDULED,109,Juventus FC,98,AC Milan,-1,-1,
558610,2019,Serie A,2494,2026-09-07 16:00:00+00:00,2026-09-07,16:00:00,2026,9,September,7,Monday,37,16,3.0,REGULAR_SEASON,SCHEDULED,104,Cagliari Calcio,5890,US Lecce,-1,-1,
558617,2019,Serie A,2494,2026-09-07 18:45:00+00:00,2026-09-07,18:45:00,2026,9,September,7,Monday,37,18,3.0,REGULAR_SEASON,SCHEDULED,115,Udinese Calcio,110,SS Lazio,-1,-1,
565797,2002,Bundesliga,2522,2026-09-11 18:30:00+00:00,2026-09-11,18:30:00,2026,9,September,11,Friday,37,18,3.0,REGULAR_SEASON,TIMED,28,1. FC Union Berlin,6,FC Schalke 04,-1,-1,
558606,2019,Serie A,2494,2026-09-11 18:45:00+00:00,2026-09-11,18:45:00,2026,9,September,11,Friday,37,18,4.0,REGULAR_SEASON,SCHEDULED,454,Venezia FC,99,ACF Fiorentina,-1,-1,
558604,2019,Serie A,2494,2026-09-12 13:00:00+00:00,2026-09-12,13:00:00,2026,9,September,12,Saturday,37,13,4.0,REGULAR_SEASON,SCHEDULED,107,Genoa CFC,470,Frosinone Calcio,-1,-1,
565801,2002,Bundesliga,2522,2026-09-12 13:30:00+00:00,2026-09-12,13:30:00,2026,9,September,12,Saturday,37,13,3.0,REGULAR_SEASON,TIMED,15,1. FSV Mainz 05,19,Eintracht Frankfurt,-1,-1,
565796,2002,Bundesliga,2522,2026-09-12 13:30:00+00:00,2026-09-12,13:30:00,2026,9,September,12,Saturday,37,13,3.0,REGULAR_SEASON,TIMED,16,FC Augsburg,3,Bayer 04 Leverkusen,-1,-1,
565795,2002,Bundesliga,2522,2026-09-12 13:30:00+00:00,2026-09-12,13:30:00,2026,9,September,12,Saturday,37,13,3.0,REGULAR_SEASON,TIMED,4,Borussia Dortmund,29,SC Paderborn 07,-1,-1,
565802,2002,Bundesliga,2522,2026-09-12 13:30:00+00:00,2026-09-12,13:30:00,2026,9,September,12,Saturday,37,13,3.0,REGULAR_SEASON,TIMED,17,SC Freiburg,18,Borussia Mönchengladbach,-1,-1,
565794,2002,Bundesliga,2522,2026-09-12 13:30:00+00:00,2026-09-12,13:30:00,2026,9,September,12,Saturday,37,13,3.0,REGULAR_SEASON,TIMED,2,TSG 1899 Hoffenheim,10,VfB Stuttgart,-1,-1,
560576,2021,Premier League,2502,2026-09-12 14:00:00+00:00,2026-09-12,14:00:00,2026,9,September,12,Saturday,37,14,4.0,REGULAR_SEASON,SCHEDULED,1044,AFC Bournemouth,402,Brentford FC,-1,-1,
560572,2021,Premier League,2502,2026-09-12 14:00:00+00:00,2026-09-12,14:00:00,2026,9,September,12,Saturday,37,14,4.0,REGULAR_SEASON,SCHEDULED,354,Crystal Palace FC,349,Ipswich Town FC,-1,-1,
560573,2021,Premier League,2502,2026-09-12 14:00:00+00:00,2026-09-12,14:00:00,2026,9,September,12,Saturday,37,14,4.0,REGULAR_SEASON,SCHEDULED,64,Liverpool FC,63,Fulham FC,-1,-1,
560574,2021,Premier League,2502,2026-09-12 14:00:00+00:00,2026-09-12,14:00:00,2026,9,September,12,Saturday,37,14,4.0,REGULAR_SEASON,SCHEDULED,58,Aston Villa FC,351,Nottingham Forest FC,-1,-1,
560581,2021,Premier League,2502,2026-09-12 14:00:00+00:00,2026-09-12,14:00:00,2026,9,September,12,Saturday,37,14,4.0,REGULAR_SEASON,SCHEDULED,61,Chelsea FC,322,Hull City AFC,-1,-1,
558608,2019,Serie A,2494,2026-09-12 16:00:00+00:00,2026-09-12,16:00:00,2026,9,September,12,Saturday,37,16,4.0,REGULAR_SEASON,SCHEDULED,471,US Sassuolo Calcio,109,Juventus FC,-1,-1,
565798,2002,Bundesliga,2522,2026-09-12 16:30:00+00:00,2026-09-12,16:30:00,2026,9,September,12,Saturday,37,16,3.0,REGULAR_SEASON,TIMED,1,1. FC Köln,12,SV Werder Bremen,-1,-1,
560575,2021,Premier League,2502,2026-09-12 16:30:00+00:00,2026-09-12,16:30:00,2026,9,September,12,Saturday,37,16,4.0,REGULAR_SEASON,SCHEDULED,73,Tottenham Hotspur FC,62,Everton FC,-1,-1,
558607,2019,Serie A,2494,2026-09-12 18:45:00+00:00,2026-09-12,18:45:00,2026,9,September,12,Saturday,37,18,4.0,REGULAR_SEASON,SCHEDULED,102,Atalanta BC,104,Cagliari Calcio,-1,-1,
560577,2021,Premier League,2502,2026-09-12 19:00:00+00:00,2026-09-12,19:00:00,2026,9,September,12,Saturday,37,19,4.0,REGULAR_SEASON,SCHEDULED,71,Sunderland AFC,57,Arsenal FC,-1,-1,
558603,2019,Serie A,2494,2026-09-13 10:30:00+00:00,2026-09-13,10:30:00,2026,9,September,13,Sunday,37,10,4.0,REGULAR_SEASON,SCHEDULED,586,Torino FC,100,AS Roma,-1,-1,
558602,2019,Serie A,2494,2026-09-13 13:00:00+00:00,2026-09-13,13:00:00,2026,9,September,13,Sunday,37,13,4.0,REGULAR_SEASON,SCHEDULED,7397,Como 1907,112,Parma Calcio 1913,-1,-1,
558605,2019,Serie A,2494,2026-09-13 13:00:00+00:00,2026-09-13,13:00:00,2026,9,September,13,Sunday,37,13,4.0,REGULAR_SEASON,SCHEDULED,5890,US Lecce,5911,AC Monza,-1,-1,
560578,2021,Premier League,2502,2026-09-13 13:00:00+00:00,2026-09-13,13:00:00,2026,9,September,13,Sunday,37,13,4.0,REGULAR_SEASON,SCHEDULED,1076,Coventry City FC,397,Brighton & Hove Albion FC,-1,-1,
565799,2002,Bundesliga,2522,2026-09-13 13:30:00+00:00,2026-09-13,13:30:00,2026,9,September,13,Sunday,37,13,3.0,REGULAR_SEASON,TIMED,721,RB Leipzig,7,Hamburger SV,-1,-1,
564669,2014,Primera Division,2518,2026-09-13 15:00:00+00:00,2026-09-13,15:00:00,2026,9,September,13,Sunday,37,15,5.0,REGULAR_SEASON,SCHEDULED,559,Sevilla FC,95,Valencia CF,-1,-1,
564668,2014,Primera Division,2518,2026-09-13 15:00:00+00:00,2026-09-13,15:00:00,2026,9,September,13,Sunday,37,15,5.0,REGULAR_SEASON,SCHEDULED,82,Getafe CF,560,RC Deportivo La Coruña,-1,-1,
564670,2014,Primera Division,2518,2026-09-13 15:00:00+00:00,2026-09-13,15:00:00,2026,9,September,13,Sunday,37,15,5.0,REGULAR_SEASON,SCHEDULED,5335,Real Racing Club de Santander,263,Deportivo Alavés,-1,-1,
564675,2014,Primera Division,2518,2026-09-13 15:00:00+00:00,2026-09-13,15:00:00,2026,9,September,13,Sunday,37,15,5.0,REGULAR_SEASON,SCHEDULED,88,Levante UD,81,FC Barcelona,-1,-1,
564672,2014,Primera Division,2518,2026-09-13 15:00:00+00:00,2026-09-13,15:00:00,2026,9,September,13,Sunday,37,15,5.0,REGULAR_SEASON,SCHEDULED,558,RC Celta de Vigo,84,Málaga CF,-1,-1,
564673,2014,Primera Division,2518,2026-09-13 15:00:00+00:00,2026-09-13,15:00:00,2026,9,September,13,Sunday,37,15,5.0,REGULAR_SEASON,SCHEDULED,79,CA Osasuna,80,RCD Espanyol de Barcelona,-1,-1,
564674,2014,Primera Division,2518,2026-09-13 15:00:00+00:00,2026-09-13,15:00:00,2026,9,September,13,Sunday,37,15,5.0,REGULAR_SEASON,SCHEDULED,92,Real Sociedad de Fútbol,78,Club Atlético de Madrid,-1,-1,
564677,2014,Primera Division,2518,2026-09-13 15:00:00+00:00,2026-09-13,15:00:00,2026,9,September,13,Sunday,37,15,5.0,REGULAR_SEASON,SCHEDULED,86,Real Madrid CF,87,Rayo Vallecano de Madrid,-1,-1,
564671,2014,Primera Division,2518,2026-09-13 15:00:00+00:00,2026-09-13,15:00:00,2026,9,September,13,Sunday,37,15,5.0,REGULAR_SEASON,SCHEDULED,94,Villarreal CF,90,Real Betis Balompié,-1,-1,
564676,2014,Primera Division,2518,2026-09-13 15:00:00+00:00,2026-09-13,15:00:00,2026,9,September,13,Sunday,37,15,5.0,REGULAR_SEASON,SCHEDULED,77,Athletic Club,285,Elche CF,-1,-1,
560580,2021,Premier League,2502,2026-09-13 15:30:00+00:00,2026-09-13,15:30:00,2026,9,September,13,Sunday,37,15,4.0,REGULAR_SEASON,SCHEDULED,66,Manchester United FC,65,Manchester City FC,-1,-1,
565800,2002,Bundesliga,2522,2026-09-13 15:30:00+00:00,2026-09-13,15:30:00,2026,9,September,13,Sunday,37,15,3.0,REGULAR_SEASON,TIMED,719,SV 07 Elversberg,5,FC Bayern München,-1,-1,
558599,2019,Serie A,2494,2026-09-13 16:00:00+00:00,2026-09-13,16:00:00,2026,9,September,13,Sunday,37,16,4.0,REGULAR_SEASON,SCHEDULED,113,SSC Napoli,103,Bologna FC 1909,-1,-1,
558600,2019,Serie A,2494,2026-09-13 18:45:00+00:00,2026-09-13,18:45:00,2026,9,September,13,Sunday,37,18,4.0,REGULAR_SEASON,SCHEDULED,110,SS Lazio,98,AC Milan,-1,-1,
558601,2019,Serie A,2494,2026-09-14 18:45:00+00:00,2026-09-14,18:45:00,2026,9,September,14,Monday,38,18,4.0,REGULAR_SEASON,SCHEDULED,108,FC Internazionale Milano,115,Udinese Calcio,-1,-1,
560579,2021,Premier League,2502,2026-09-14 19:00:00+00:00,2026-09-14,19:00:00,2026,9,September,14,Monday,38,19,4.0,REGULAR_SEASON,SCHEDULED,341,Leeds United FC,67,Newcastle United FC,-1,-1,
564687,2014,Primera Division,2518,2026-09-16 15:00:00+00:00,2026-09-16,15:00:00,2026,9,September,16,Wednesday,38,15,6.0,REGULAR_SEASON,SCHEDULED,81,FC Barcelona,5335,Real Racing Club de Santander,-1,-1,
564686,2014,Primera Division,2518,2026-09-16 15:00:00+00:00,2026-09-16,15:00:00,2026,9,September,16,Wednesday,38,15,6.0,REGULAR_SEASON,SCHEDULED,90,Real Betis Balompié,82,Getafe CF,-1,-1,
564685,2014,Primera Division,2518,2026-09-16 15:00:00+00:00,2026-09-16,15:00:00,2026,9,September,16,Wednesday,38,15,6.0,REGULAR_SEASON,SCHEDULED,88,Levante UD,77,Athletic Club,-1,-1,
564684,2014,Primera Division,2518,2026-09-16 15:00:00+00:00,2026-09-16,15:00:00,2026,9,September,16,Wednesday,38,15,6.0,REGULAR_SEASON,SCHEDULED,78,Club Atlético de Madrid,79,CA Osasuna,-1,-1,
564683,2014,Primera Division,2518,2026-09-16 15:00:00+00:00,2026-09-16,15:00:00,2026,9,September,16,Wednesday,38,15,6.0,REGULAR_SEASON,SCHEDULED,84,Málaga CF,94,Villarreal CF,-1,-1,
564682,2014,Primera Division,2518,2026-09-16 15:00:00+00:00,2026-09-16,15:00:00,2026,9,September,16,Wednesday,38,15,6.0,REGULAR_SEASON,SCHEDULED,92,Real Sociedad de Fútbol,558,RC Celta de Vigo,-1,-1,
564681,2014,Primera Division,2518,2026-09-16 15:00:00+00:00,2026-09-16,15:00:00,2026,9,September,16,Wednesday,38,15,6.0,REGULAR_SEASON,SCHEDULED,285,Elche CF,86,Real Madrid CF,-1,-1,
564680,2014,Primera Division,2518,2026-09-16 15:00:00+00:00,2026-09-16,15:00:00,2026,9,September,16,Wednesday,38,15,6.0,REGULAR_SEASON,SCHEDULED,263,Deportivo Alavés,95,Valencia CF,-1,-1,
564678,2014,Primera Division,2518,2026-09-16 15:00:00+00:00,2026-09-16,15:00:00,2026,9,September,16,Wednesday,38,15,6.0,REGULAR_SEASON,SCHEDULED,87,Rayo Vallecano de Madrid,80,RCD Espanyol de Barcelona,-1,-1,
564679,2014,Primera Division,2518,2026-09-16 15:00:00+00:00,2026-09-16,15:00:00,2026,9,September,16,Wednesday,38,15,6.0,REGULAR_SEASON,SCHEDULED,560,RC Deportivo La Coruña,559,Sevilla FC,-1,-1,
565804,2002,Bundesliga,2522,2026-09-18 18:30:00+00:00,2026-09-18,18:30:00,2026,9,September,18,Friday,38,18,4.0,REGULAR_SEASON,TIMED,5,FC Bayern München,28,1. FC Union Berlin,-1,-1,
558596,2019,Serie A,2494,2026-09-18 18:45:00+00:00,2026-09-18,18:45:00,2026,9,September,18,Friday,38,18,5.0,REGULAR_SEASON,SCHEDULED,5911,AC Monza,471,US Sassuolo Calcio,-1,-1,
560591,2021,Premier League,2502,2026-09-18 19:00:00+00:00,2026-09-18,19:00:00,2026,9,September,18,Friday,38,19,5.0,REGULAR_SEASON,SCHEDULED,402,Brentford FC,61,Chelsea FC,-1,-1,
560587,2021,Premier League,2502,2026-09-19 11:30:00+00:00,2026-09-19,11:30:00,2026,9,September,19,Saturday,38,11,5.0,REGULAR_SEASON,SCHEDULED,73,Tottenham Hotspur FC,58,Aston Villa FC,-1,-1,
558589,2019,Serie A,2494,2026-09-19 13:00:00+00:00,2026-09-19,13:00:00,2026,9,September,19,Saturday,38,13,5.0,REGULAR_SEASON,SCHEDULED,115,Udinese Calcio,104,Cagliari Calcio,-1,-1,
558598,2019,Serie A,2494,2026-09-19 13:00:00+00:00,2026-09-19,13:00:00,2026,9,September,19,Saturday,38,13,5.0,REGULAR_SEASON,SCHEDULED,103,Bologna FC 1909,586,Torino FC,-1,-1,
565810,2002,Bundesliga,2522,2026-09-19 13:30:00+00:00,2026-09-19,13:30:00,2026,9,September,19,Saturday,38,13,4.0,REGULAR_SEASON,TIMED,12,SV Werder Bremen,16,FC Augsburg,-1,-1,
565808,2002,Bundesliga,2522,2026-09-19 13:30:00+00:00,2026-09-19,13:30:00,2026,9,September,19,Saturday,38,13,4.0,REGULAR_SEASON,TIMED,7,Hamburger SV,1,1. FC Köln,-1,-1,
565811,2002,Bundesliga,2522,2026-09-19 13:30:00+00:00,2026-09-19,13:30:00,2026,9,September,19,Saturday,38,13,4.0,REGULAR_SEASON,TIMED,19,Eintracht Frankfurt,17,SC Freiburg,-1,-1,
565809,2002,Bundesliga,2522,2026-09-19 13:30:00+00:00,2026-09-19,13:30:00,2026,9,September,19,Saturday,38,13,4.0,REGULAR_SEASON,TIMED,18,Borussia Mönchengladbach,15,1. FSV Mainz 05,-1,-1,
560584,2021,Premier League,2502,2026-09-19 14:00:00+00:00,2026-09-19,14:00:00,2026,9,September,19,Saturday,38,14,5.0,REGULAR_SEASON,SCHEDULED,62,Everton FC,349,Ipswich Town FC,-1,-1,
560585,2021,Premier League,2502,2026-09-19 14:00:00+00:00,2026-09-19,14:00:00,2026,9,September,19,Saturday,38,14,5.0,REGULAR_SEASON,SCHEDULED,341,Leeds United FC,354,Crystal Palace FC,-1,-1,
560586,2021,Premier League,2502,2026-09-19 14:00:00+00:00,2026-09-19,14:00:00,2026,9,September,19,Saturday,38,14,5.0,REGULAR_SEASON,SCHEDULED,397,Brighton & Hove Albion FC,57,Arsenal FC,-1,-1,
560588,2021,Premier League,2502,2026-09-19 14:00:00+00:00,2026-09-19,14:00:00,2026,9,September,19,Saturday,38,14,5.0,REGULAR_SEASON,SCHEDULED,67,Newcastle United FC,322,Hull City AFC,-1,-1,
560590,2021,Premier League,2502,2026-09-19 14:00:00+00:00,2026-09-19,14:00:00,2026,9,September,19,Saturday,38,14,5.0,REGULAR_SEASON,SCHEDULED,65,Manchester City FC,71,Sunderland AFC,-1,-1,
558593,2019,Serie A,2494,2026-09-19 16:00:00+00:00,2026-09-19,16:00:00,2026,9,September,19,Saturday,38,16,5.0,REGULAR_SEASON,SCHEDULED,100,AS Roma,108,FC Internazionale Milano,-1,-1,
565806,2002,Bundesliga,2522,2026-09-19 16:30:00+00:00,2026-09-19,16:30:00,2026,9,September,19,Saturday,38,16,4.0,REGULAR_SEASON,TIMED,10,VfB Stuttgart,4,Borussia Dortmund,-1,-1,
560589,2021,Premier League,2502,2026-09-19 16:30:00+00:00,2026-09-19,16:30:00,2026,9,September,19,Saturday,38,16,5.0,REGULAR_SEASON,SCHEDULED,351,Nottingham Forest FC,1076,Coventry City FC,-1,-1,
558594,2019,Serie A,2494,2026-09-19 18:45:00+00:00,2026-09-19,18:45:00,2026,9,September,19,Saturday,38,18,5.0,REGULAR_SEASON,SCHEDULED,454,Venezia FC,110,SS Lazio,-1,-1,
558591,2019,Serie A,2494,2026-09-20 10:30:00+00:00,2026-09-20,10:30:00,2026,9,September,20,Sunday,38,10,5.0,REGULAR_SEASON,SCHEDULED,99,ACF Fiorentina,113,SSC Napoli,-1,-1,
558590,2019,Serie A,2494,2026-09-20 13:00:00+00:00,2026-09-20,13:00:00,2026,9,September,20,Sunday,38,13,5.0,REGULAR_SEASON,SCHEDULED,112,Parma Calcio 1913,107,Genoa CFC,-1,-1,
558592,2019,Serie A,2494,2026-09-20 13:00:00+00:00,2026-09-20,13:00:00,2026,9,September,20,Sunday,38,13,5.0,REGULAR_SEASON,SCHEDULED,470,Frosinone Calcio,7397,Como 1907,-1,-1,
560582,2021,Premier League,2502,2026-09-20 13:00:00+00:00,2026-09-20,13:00:00,2026,9,September,20,Sunday,38,13,5.0,REGULAR_SEASON,SCHEDULED,1044,AFC Bournemouth,64,Liverpool FC,-1,-1,
565807,2002,Bundesliga,2522,2026-09-20 13:30:00+00:00,2026-09-20,13:30:00,2026,9,September,20,Sunday,38,13,4.0,REGULAR_SEASON,TIMED,3,Bayer 04 Leverkusen,721,RB Leipzig,-1,-1,
564690,2014,Primera Division,2518,2026-09-20 15:00:00+00:00,2026-09-20,15:00:00,2026,9,September,20,Sunday,38,15,7.0,REGULAR_SEASON,SCHEDULED,559,Sevilla FC,81,FC Barcelona,-1,-1,
564689,2014,Primera Division,2518,2026-09-20 15:00:00+00:00,2026-09-20,15:00:00,2026,9,September,20,Sunday,38,15,7.0,REGULAR_SEASON,SCHEDULED,95,Valencia CF,92,Real Sociedad de Fútbol,-1,-1,
564688,2014,Primera Division,2518,2026-09-20 15:00:00+00:00,2026-09-20,15:00:00,2026,9,September,20,Sunday,38,15,7.0,REGULAR_SEASON,SCHEDULED,78,Club Atlético de Madrid,86,Real Madrid CF,-1,-1,
564693,2014,Primera Division,2518,2026-09-20 15:00:00+00:00,2026-09-20,15:00:00,2026,9,September,20,Sunday,38,15,7.0,REGULAR_SEASON,SCHEDULED,79,CA Osasuna,87,Rayo Vallecano de Madrid,-1,-1,
564694,2014,Primera Division,2518,2026-09-20 15:00:00+00:00,2026-09-20,15:00:00,2026,9,September,20,Sunday,38,15,7.0,REGULAR_SEASON,SCHEDULED,558,RC Celta de Vigo,5335,Real Racing Club de Santander,-1,-1,
564691,2014,Primera Division,2518,2026-09-20 15:00:00+00:00,2026-09-20,15:00:00,2026,9,September,20,Sunday,38,15,7.0,REGULAR_SEASON,SCHEDULED,77,Athletic Club,263,Deportivo Alavés,-1,-1,
564695,2014,Primera Division,2518,2026-09-20 15:00:00+00:00,2026-09-20,15:00:00,2026,9,September,20,Sunday,38,15,7.0,REGULAR_SEASON,SCHEDULED,560,RC Deportivo La Coruña,90,Real Betis Balompié,-1,-1,
564697,2014,Primera Division,2518,2026-09-20 15:00:00+00:00,2026-09-20,15:00:00,2026,9,September,20,Sunday,38,15,7.0,REGULAR_SEASON,SCHEDULED,82,Getafe CF,84,Málaga CF,-1,-1,
564696,2014,Primera Division,2518,2026-09-20 15:00:00+00:00,2026-09-20,15:00:00,2026,9,September,20,Sunday,38,15,7.0,REGULAR_SEASON,SCHEDULED,94,Villarreal CF,88,Levante UD,-1,-1,
564692,2014,Primera Division,2518,2026-09-20 15:00:00+00:00,2026-09-20,15:00:00,2026,9,September,20,Sunday,38,15,7.0,REGULAR_SEASON,SCHEDULED,80,RCD Espanyol de Barcelona,285,Elche CF,-1,-1,
560583,2021,Premier League,2502,2026-09-20 15:30:00+00:00,2026-09-20,15:30:00,2026,9,September,20,Sunday,38,15,5.0,REGULAR_SEASON,SCHEDULED,63,Fulham FC,66,Manchester United FC,-1,-1,
565805,2002,Bundesliga,2522,2026-09-20 15:30:00+00:00,2026-09-20,15:30:00,2026,9,September,20,Sunday,38,15,4.0,REGULAR_SEASON,TIMED,6,FC Schalke 04,719,SV 07 Elversberg,-1,-1,
558595,2019,Serie A,2494,2026-09-20 16:00:00+00:00,2026-09-20,16:00:00,2026,9,September,20,Sunday,38,16,5.0,REGULAR_SEASON,SCHEDULED,109,Juventus FC,102,Atalanta BC,-1,-1,
565803,2002,Bundesliga,2522,2026-09-20 17:30:00+00:00,2026-09-20,17:30:00,2026,9,September,20,Sunday,38,17,4.0,REGULAR_SEASON,TIMED,29,SC Paderborn 07,2,TSG 1899 Hoffenheim,-1,-1,
558597,2019,Serie A,2494,2026-09-20 18:45:00+00:00,2026-09-20,18:45:00,2026,9,September,20,Sunday,38,18,5.0,REGULAR_SEASON,SCHEDULED,98,AC Milan,5890,US Lecce,-1,-1,
565818,2002,Bundesliga,2522,2026-10-10 00:00:00+00:00,2026-10-10,00:00:00,2026,10,October,10,Saturday,41,0,5.0,REGULAR_SEASON,SCHEDULED,2,TSG 1899 Hoffenheim,7,Hamburger SV,-1,-1,
565817,2002,Bundesliga,2522,2026-10-10 00:00:00+00:00,2026-10-10,00:00:00,2026,10,October,10,Saturday,41,0,5.0,REGULAR_SEASON,SCHEDULED,28,1. FC Union Berlin,719,SV 07 Elversberg,-1,-1,
565816,2002,Bundesliga,2522,2026-10-10 00:00:00+00:00,2026-10-10,00:00:00,2026,10,October,10,Saturday,41,0,5.0,REGULAR_SEASON,SCHEDULED,17,SC Freiburg,6,FC Schalke 04,-1,-1,
565815,2002,Bundesliga,2522,2026-10-10 00:00:00+00:00,2026-10-10,00:00:00,2026,10,October,10,Saturday,41,0,5.0,REGULAR_SEASON,SCHEDULED,721,RB Leipzig,19,Eintracht Frankfurt,-1,-1,
565820,2002,Bundesliga,2522,2026-10-10 00:00:00+00:00,2026-10-10,00:00:00,2026,10,October,10,Saturday,41,0,5.0,REGULAR_SEASON,SCHEDULED,4,Borussia Dortmund,12,SV Werder Bremen,-1,-1,
565813,2002,Bundesliga,2522,2026-10-10 00:00:00+00:00,2026-10-10,00:00:00,2026,10,October,10,Saturday,41,0,5.0,REGULAR_SEASON,SCHEDULED,29,SC Paderborn 07,10,VfB Stuttgart,-1,-1,
565812,2002,Bundesliga,2522,2026-10-10 00:00:00+00:00,2026-10-10,00:00:00,2026,10,October,10,Saturday,41,0,5.0,REGULAR_SEASON,SCHEDULED,15,1. FSV Mainz 05,3,Bayer 04 Leverkusen,-1,-1,
565819,2002,Bundesliga,2522,2026-10-10 00:00:00+00:00,2026-10-10,00:00:00,2026,10,October,10,Saturday,41,0,5.0,REGULAR_SEASON,SCHEDULED,16,FC Augsburg,5,FC Bayern München,-1,-1,
565814,2002,Bundesliga,2522,2026-10-10 00:00:00+00:00,2026-10-10,00:00:00,2026,10,October,10,Saturday,41,0,5.0,REGULAR_SEASON,SCHEDULED,1,1. FC Köln,18,Borussia Mönchengladbach,-1,-1,
560593,2021,Premier League,2502,2026-10-10 14:00:00+00:00,2026-10-10,14:00:00,2026,10,October,10,Saturday,41,14,6.0,REGULAR_SEASON,SCHEDULED,57,Arsenal FC,341,Leeds United FC,-1,-1,
560600,2021,Premier League,2502,2026-10-10 14:00:00+00:00,2026-10-10,14:00:00,2026,10,October,10,Saturday,41,14,6.0,REGULAR_SEASON,SCHEDULED,66,Manchester United FC,73,Tottenham Hotspur FC,-1,-1,
560599,2021,Premier League,2502,2026-10-10 14:00:00+00:00,2026-10-10,14:00:00,2026,10,October,10,Saturday,41,14,6.0,REGULAR_SEASON,SCHEDULED,349,Ipswich Town FC,63,Fulham FC,-1,-1,
560598,2021,Premier League,2502,2026-10-10 14:00:00+00:00,2026-10-10,14:00:00,2026,10,October,10,Saturday,41,14,6.0,REGULAR_SEASON,SCHEDULED,64,Liverpool FC,65,Manchester City FC,-1,-1,
560597,2021,Premier League,2502,2026-10-10 14:00:00+00:00,2026-10-10,14:00:00,2026,10,October,10,Saturday,41,14,6.0,REGULAR_SEASON,SCHEDULED,1076,Coventry City FC,67,Newcastle United FC,-1,-1,
560596,2021,Premier League,2502,2026-10-10 14:00:00+00:00,2026-10-10,14:00:00,2026,10,October,10,Saturday,41,14,6.0,REGULAR_SEASON,SCHEDULED,354,Crystal Palace FC,351,Nottingham Forest FC,-1,-1,
560595,2021,Premier League,2502,2026-10-10 14:00:00+00:00,2026-10-10,14:00:00,2026,10,October,10,Saturday,41,14,6.0,REGULAR_SEASON,SCHEDULED,61,Chelsea FC,1044,AFC Bournemouth,-1,-1,
560594,2021,Premier League,2502,2026-10-10 14:00:00+00:00,2026-10-10,14:00:00,2026,10,October,10,Saturday,41,14,6.0,REGULAR_SEASON,SCHEDULED,322,Hull City AFC,62,Everton FC,-1,-1,
560592,2021,Premier League,2502,2026-10-10 14:00:00+00:00,2026-10-10,14:00:00,2026,10,October,10,Saturday,41,14,6.0,REGULAR_SEASON,SCHEDULED,71,Sunderland AFC,397,Brighton & Hove Albion FC,-1,-1,
560601,2021,Premier League,2502,2026-10-10 14:00:00+00:00,2026-10-10,14:00:00,2026,10,October,10,Saturday,41,14,6.0,REGULAR_SEASON,SCHEDULED,58,Aston Villa FC,402,Brentford FC,-1,-1,
564702,2014,Primera Division,2518,2026-10-11 15:00:00+00:00,2026-10-11,15:00:00,2026,10,October,11,Sunday,41,15,8.0,REGULAR_SEASON,SCHEDULED,86,Real Madrid CF,94,Villarreal CF,-1,-1,
564698,2014,Primera Division,2518,2026-10-11 15:00:00+00:00,2026-10-11,15:00:00,2026,10,October,11,Sunday,41,15,8.0,REGULAR_SEASON,SCHEDULED,87,Rayo Vallecano de Madrid,77,Athletic Club,-1,-1,
564699,2014,Primera Division,2518,2026-10-11 15:00:00+00:00,2026-10-11,15:00:00,2026,10,October,11,Sunday,41,15,8.0,REGULAR_SEASON,SCHEDULED,263,Deportivo Alavés,78,Club Atlético de Madrid,-1,-1,
564703,2014,Primera Division,2518,2026-10-11 15:00:00+00:00,2026-10-11,15:00:00,2026,10,October,11,Sunday,41,15,8.0,REGULAR_SEASON,SCHEDULED,285,Elche CF,558,RC Celta de Vigo,-1,-1,
564701,2014,Primera Division,2518,2026-10-11 15:00:00+00:00,2026-10-11,15:00:00,2026,10,October,11,Sunday,41,15,8.0,REGULAR_SEASON,SCHEDULED,90,Real Betis Balompié,79,CA Osasuna,-1,-1,
564705,2014,Primera Division,2518,2026-10-11 15:00:00+00:00,2026-10-11,15:00:00,2026,10,October,11,Sunday,41,15,8.0,REGULAR_SEASON,SCHEDULED,5335,Real Racing Club de Santander,95,Valencia CF,-1,-1,
564706,2014,Primera Division,2518,2026-10-11 15:00:00+00:00,2026-10-11,15:00:00,2026,10,October,11,Sunday,41,15,8.0,REGULAR_SEASON,SCHEDULED,84,Málaga CF,80,RCD Espanyol de Barcelona,-1,-1,
564707,2014,Primera Division,2518,2026-10-11 15:00:00+00:00,2026-10-11,15:00:00,2026,10,October,11,Sunday,41,15,8.0,REGULAR_SEASON,SCHEDULED,92,Real Sociedad de Fútbol,560,RC Deportivo La Coruña,-1,-1,
564700,2014,Primera Division,2518,2026-10-11 15:00:00+00:00,2026-10-11,15:00:00,2026,10,October,11,Sunday,41,15,8.0,REGULAR_SEASON,SCHEDULED,81,FC Barcelona,82,Getafe CF,-1,-1,
564704,2014,Primera Division,2518,2026-10-11 15:00:00+00:00,2026-10-11,15:00:00,2026,10,October,11,Sunday,41,15,8.0,REGULAR_SEASON,SCHEDULED,88,Levante UD,559,Sevilla FC,-1,-1,
558587,2019,Serie A,2494,2026-10-11 16:30:00+00:00,2026-10-11,16:30:00,2026,10,October,11,Sunday,41,16,6.0,REGULAR_SEASON,SCHEDULED,586,Torino FC,115,Udinese Calcio,-1,-1,
558586,2019,Serie A,2494,2026-10-11 16:30:00+00:00,2026-10-11,16:30:00,2026,10,October,11,Sunday,41,16,6.0,REGULAR_SEASON,SCHEDULED,113,SSC Napoli,470,Frosinone Calcio,-1,-1,
558585,2019,Serie A,2494,2026-10-11 16:30:00+00:00,2026-10-11,16:30:00,2026,10,October,11,Sunday,41,16,6.0,REGULAR_SEASON,SCHEDULED,7397,Como 1907,100,AS Roma,-1,-1,
558584,2019,Serie A,2494,2026-10-11 16:30:00+00:00,2026-10-11,16:30:00,2026,10,October,11,Sunday,41,16,6.0,REGULAR_SEASON,SCHEDULED,104,Cagliari Calcio,109,Juventus FC,-1,-1,
558583,2019,Serie A,2494,2026-10-11 16:30:00+00:00,2026-10-11,16:30:00,2026,10,October,11,Sunday,41,16,6.0,REGULAR_SEASON,SCHEDULED,110,SS Lazio,5911,AC Monza,-1,-1,
558582,2019,Serie A,2494,2026-10-11 16:30:00+00:00,2026-10-11,16:30:00,2026,10,October,11,Sunday,41,16,6.0,REGULAR_SEASON,SCHEDULED,108,FC Internazionale Milano,112,Parma Calcio 1913,-1,-1,
558588,2019,Serie A,2494,2026-10-11 16:30:00+00:00,2026-10-11,16:30:00,2026,10,October,11,Sunday,41,16,6.0,REGULAR_SEASON,SCHEDULED,107,Genoa CFC,99,ACF Fiorentina,-1,-1,
558580,2019,Serie A,2494,2026-10-11 16:30:00+00:00,2026-10-11,16:30:00,2026,10,October,11,Sunday,41,16,6.0,REGULAR_SEASON,SCHEDULED,471,US Sassuolo Calcio,98,AC Milan,-1,-1,
558579,2019,Serie A,2494,2026-10-11 16:30:00+00:00,2026-10-11,16:30:00,2026,10,October,11,Sunday,41,16,6.0,REGULAR_SEASON,SCHEDULED,102,Atalanta BC,454,Venezia FC,-1,-1,
558581,2019,Serie A,2494,2026-10-11 16:30:00+00:00,2026-10-11,16:30:00,2026,10,October,11,Sunday,41,16,6.0,REGULAR_SEASON,SCHEDULED,5890,US Lecce,103,Bologna FC 1909,-1,-1,
565821,2002,Bundesliga,2522,2026-10-17 00:00:00+00:00,2026-10-17,00:00:00,2026,10,October,17,Saturday,42,0,6.0,REGULAR_SEASON,SCHEDULED,28,1. FC Union Berlin,4,Borussia Dortmund,-1,-1,
565822,2002,Bundesliga,2522,2026-10-17 00:00:00+00:00,2026-10-17,00:00:00,2026,10,October,17,Saturday,42,0,6.0,REGULAR_SEASON,SCHEDULED,7,Hamburger SV,10,VfB Stuttgart,-1,-1,
565823,2002,Bundesliga,2522,2026-10-17 00:00:00+00:00,2026-10-17,00:00:00,2026,10,October,17,Saturday,42,0,6.0,REGULAR_SEASON,SCHEDULED,12,SV Werder Bremen,29,SC Paderborn 07,-1,-1,
565824,2002,Bundesliga,2522,2026-10-17 00:00:00+00:00,2026-10-17,00:00:00,2026,10,October,17,Saturday,42,0,6.0,REGULAR_SEASON,SCHEDULED,719,SV 07 Elversberg,16,FC Augsburg,-1,-1,
565827,2002,Bundesliga,2522,2026-10-17 00:00:00+00:00,2026-10-17,00:00:00,2026,10,October,17,Saturday,42,0,6.0,REGULAR_SEASON,SCHEDULED,3,Bayer 04 Leverkusen,17,SC Freiburg,-1,-1,
565828,2002,Bundesliga,2522,2026-10-17 00:00:00+00:00,2026-10-17,00:00:00,2026,10,October,17,Saturday,42,0,6.0,REGULAR_SEASON,SCHEDULED,19,Eintracht Frankfurt,1,1. FC Köln,-1,-1,
565829,2002,Bundesliga,2522,2026-10-17 00:00:00+00:00,2026-10-17,00:00:00,2026,10,October,17,Saturday,42,0,6.0,REGULAR_SEASON,SCHEDULED,6,FC Schalke 04,15,1. FSV Mainz 05,-1,-1,
565825,2002,Bundesliga,2522,2026-10-17 00:00:00+00:00,2026-10-17,00:00:00,2026,10,October,17,Saturday,42,0,6.0,REGULAR_SEASON,SCHEDULED,5,FC Bayern München,721,RB Leipzig,-1,-1,
565826,2002,Bundesliga,2522,2026-10-17 00:00:00+00:00,2026-10-17,00:00:00,2026,10,October,17,Saturday,42,0,6.0,REGULAR_SEASON,SCHEDULED,18,Borussia Mönchengladbach,2,TSG 1899 Hoffenheim,-1,-1,
560602,2021,Premier League,2502,2026-10-17 14:00:00+00:00,2026-10-17,14:00:00,2026,10,October,17,Saturday,42,14,7.0,REGULAR_SEASON,SCHEDULED,63,Fulham FC,322,Hull City AFC,-1,-1,
560604,2021,Premier League,2502,2026-10-17 14:00:00+00:00,2026-10-17,14:00:00,2026,10,October,17,Saturday,42,14,7.0,REGULAR_SEASON,SCHEDULED,1044,AFC Bournemouth,71,Sunderland AFC,-1,-1,
560605,2021,Premier League,2502,2026-10-17 14:00:00+00:00,2026-10-17,14:00:00,2026,10,October,17,Saturday,42,14,7.0,REGULAR_SEASON,SCHEDULED,341,Leeds United FC,66,Manchester United FC,-1,-1,
560606,2021,Premier League,2502,2026-10-17 14:00:00+00:00,2026-10-17,14:00:00,2026,10,October,17,Saturday,42,14,7.0,REGULAR_SEASON,SCHEDULED,73,Tottenham Hotspur FC,1076,Coventry City FC,-1,-1,
560610,2021,Premier League,2502,2026-10-17 14:00:00+00:00,2026-10-17,14:00:00,2026,10,October,17,Saturday,42,14,7.0,REGULAR_SEASON,SCHEDULED,65,Manchester City FC,349,Ipswich Town FC,-1,-1,
560609,2021,Premier League,2502,2026-10-17 14:00:00+00:00,2026-10-17,14:00:00,2026,10,October,17,Saturday,42,14,7.0,REGULAR_SEASON,SCHEDULED,397,Brighton & Hove Albion FC,354,Crystal Palace FC,-1,-1,
560608,2021,Premier League,2502,2026-10-17 14:00:00+00:00,2026-10-17,14:00:00,2026,10,October,17,Saturday,42,14,7.0,REGULAR_SEASON,SCHEDULED,351,Nottingham Forest FC,57,Arsenal FC,-1,-1,
560607,2021,Premier League,2502,2026-10-17 14:00:00+00:00,2026-10-17,14:00:00,2026,10,October,17,Saturday,42,14,7.0,REGULAR_SEASON,SCHEDULED,67,Newcastle United FC,58,Aston Villa FC,-1,-1,
560603,2021,Premier League,2502,2026-10-17 14:00:00+00:00,2026-10-17,14:00:00,2026,10,October,17,Saturday,42,14,7.0,REGULAR_SEASON,SCHEDULED,62,Everton FC,61,Chelsea FC,-1,-1,
560611,2021,Premier League,2502,2026-10-17 14:00:00+00:00,2026-10-17,14:00:00,2026,10,October,17,Saturday,42,14,7.0,REGULAR_SEASON,SCHEDULED,402,Brentford FC,64,Liverpool FC,-1,-1,
564708,2014,Primera Division,2518,2026-10-18 15:00:00+00:00,2026-10-18,15:00:00,2026,10,October,18,Sunday,42,15,9.0,REGULAR_SEASON,SCHEDULED,94,Villarreal CF,285,Elche CF,-1,-1,
564715,2014,Primera Division,2518,2026-10-18 15:00:00+00:00,2026-10-18,15:00:00,2026,10,October,18,Sunday,42,15,9.0,REGULAR_SEASON,SCHEDULED,79,CA Osasuna,5335,Real Racing Club de Santander,-1,-1,
564712,2014,Primera Division,2518,2026-10-18 15:00:00+00:00,2026-10-18,15:00:00,2026,10,October,18,Sunday,42,15,9.0,REGULAR_SEASON,SCHEDULED,558,RC Celta de Vigo,263,Deportivo Alavés,-1,-1,
564713,2014,Primera Division,2518,2026-10-18 15:00:00+00:00,2026-10-18,15:00:00,2026,10,October,18,Sunday,42,15,9.0,REGULAR_SEASON,SCHEDULED,90,Real Betis Balompié,81,FC Barcelona,-1,-1,
564714,2014,Primera Division,2518,2026-10-18 15:00:00+00:00,2026-10-18,15:00:00,2026,10,October,18,Sunday,42,15,9.0,REGULAR_SEASON,SCHEDULED,84,Málaga CF,92,Real Sociedad de Fútbol,-1,-1,
564716,2014,Primera Division,2518,2026-10-18 15:00:00+00:00,2026-10-18,15:00:00,2026,10,October,18,Sunday,42,15,9.0,REGULAR_SEASON,SCHEDULED,560,RC Deportivo La Coruña,88,Levante UD,-1,-1,
564717,2014,Primera Division,2518,2026-10-18 15:00:00+00:00,2026-10-18,15:00:00,2026,10,October,18,Sunday,42,15,9.0,REGULAR_SEASON,SCHEDULED,82,Getafe CF,87,Rayo Vallecano de Madrid,-1,-1,
564709,2014,Primera Division,2518,2026-10-18 15:00:00+00:00,2026-10-18,15:00:00,2026,10,October,18,Sunday,42,15,9.0,REGULAR_SEASON,SCHEDULED,86,Real Madrid CF,559,Sevilla FC,-1,-1,
564711,2014,Primera Division,2518,2026-10-18 15:00:00+00:00,2026-10-18,15:00:00,2026,10,October,18,Sunday,42,15,9.0,REGULAR_SEASON,SCHEDULED,95,Valencia CF,77,Athletic Club,-1,-1,
564710,2014,Primera Division,2518,2026-10-18 15:00:00+00:00,2026-10-18,15:00:00,2026,10,October,18,Sunday,42,15,9.0,REGULAR_SEASON,SCHEDULED,80,RCD Espanyol de Barcelona,78,Club Atlético de Madrid,-1,-1,
558572,2019,Serie A,2494,2026-10-18 16:30:00+00:00,2026-10-18,16:30:00,2026,10,October,18,Sunday,42,16,7.0,REGULAR_SEASON,SCHEDULED,100,AS Roma,107,Genoa CFC,-1,-1,
558571,2019,Serie A,2494,2026-10-18 16:30:00+00:00,2026-10-18,16:30:00,2026,10,October,18,Sunday,42,16,7.0,REGULAR_SEASON,SCHEDULED,103,Bologna FC 1909,108,FC Internazionale Milano,-1,-1,
558573,2019,Serie A,2494,2026-10-18 16:30:00+00:00,2026-10-18,16:30:00,2026,10,October,18,Sunday,42,16,7.0,REGULAR_SEASON,SCHEDULED,470,Frosinone Calcio,471,US Sassuolo Calcio,-1,-1,
558578,2019,Serie A,2494,2026-10-18 16:30:00+00:00,2026-10-18,16:30:00,2026,10,October,18,Sunday,42,16,7.0,REGULAR_SEASON,SCHEDULED,112,Parma Calcio 1913,586,Torino FC,-1,-1,
558577,2019,Serie A,2494,2026-10-18 16:30:00+00:00,2026-10-18,16:30:00,2026,10,October,18,Sunday,42,16,7.0,REGULAR_SEASON,SCHEDULED,99,ACF Fiorentina,7397,Como 1907,-1,-1,
558576,2019,Serie A,2494,2026-10-18 16:30:00+00:00,2026-10-18,16:30:00,2026,10,October,18,Sunday,42,16,7.0,REGULAR_SEASON,SCHEDULED,5911,AC Monza,104,Cagliari Calcio,-1,-1,
558575,2019,Serie A,2494,2026-10-18 16:30:00+00:00,2026-10-18,16:30:00,2026,10,October,18,Sunday,42,16,7.0,REGULAR_SEASON,SCHEDULED,454,Venezia FC,113,SSC Napoli,-1,-1,
558574,2019,Serie A,2494,2026-10-18 16:30:00+00:00,2026-10-18,16:30:00,2026,10,October,18,Sunday,42,16,7.0,REGULAR_SEASON,SCHEDULED,115,Udinese Calcio,5890,US Lecce,-1,-1,
558569,2019,Serie A,2494,2026-10-18 16:30:00+00:00,2026-10-18,16:30:00,2026,10,October,18,Sunday,42,16,7.0,REGULAR_SEASON,SCHEDULED,98,AC Milan,102,Atalanta BC,-1,-1,
558570,2019,Serie A,2494,2026-10-18 16:30:00+00:00,2026-10-18,16:30:00,2026,10,October,18,Sunday,42,16,7.0,REGULAR_SEASON,SCHEDULED,109,Juventus FC,110,SS Lazio,-1,-1,
565836,2002,Bundesliga,2522,2026-10-24 00:00:00+00:00,2026-10-24,00:00:00,2026,10,October,24,Saturday,43,0,7.0,REGULAR_SEASON,SCHEDULED,17,SC Freiburg,5,FC Bayern München,-1,-1,
565835,2002,Bundesliga,2522,2026-10-24 00:00:00+00:00,2026-10-24,00:00:00,2026,10,October,24,Saturday,43,0,7.0,REGULAR_SEASON,SCHEDULED,2,TSG 1899 Hoffenheim,3,Bayer 04 Leverkusen,-1,-1,
565833,2002,Bundesliga,2522,2026-10-24 00:00:00+00:00,2026-10-24,00:00:00,2026,10,October,24,Saturday,43,0,7.0,REGULAR_SEASON,SCHEDULED,10,VfB Stuttgart,18,Borussia Mönchengladbach,-1,-1,
565832,2002,Bundesliga,2522,2026-10-24 00:00:00+00:00,2026-10-24,00:00:00,2026,10,October,24,Saturday,43,0,7.0,REGULAR_SEASON,SCHEDULED,721,RB Leipzig,719,SV 07 Elversberg,-1,-1,
565834,2002,Bundesliga,2522,2026-10-24 00:00:00+00:00,2026-10-24,00:00:00,2026,10,October,24,Saturday,43,0,7.0,REGULAR_SEASON,SCHEDULED,29,SC Paderborn 07,7,Hamburger SV,-1,-1,
565830,2002,Bundesliga,2522,2026-10-24 00:00:00+00:00,2026-10-24,00:00:00,2026,10,October,24,Saturday,43,0,7.0,REGULAR_SEASON,SCHEDULED,15,1. FSV Mainz 05,12,SV Werder Bremen,-1,-1,
565837,2002,Bundesliga,2522,2026-10-24 00:00:00+00:00,2026-10-24,00:00:00,2026,10,October,24,Saturday,43,0,7.0,REGULAR_SEASON,SCHEDULED,4,Borussia Dortmund,19,Eintracht Frankfurt,-1,-1,
565831,2002,Bundesliga,2522,2026-10-24 00:00:00+00:00,2026-10-24,00:00:00,2026,10,October,24,Saturday,43,0,7.0,REGULAR_SEASON,SCHEDULED,1,1. FC Köln,6,FC Schalke 04,-1,-1,
565838,2002,Bundesliga,2522,2026-10-24 00:00:00+00:00,2026-10-24,00:00:00,2026,10,October,24,Saturday,43,0,7.0,REGULAR_SEASON,SCHEDULED,16,FC Augsburg,28,1. FC Union Berlin,-1,-1,
560612,2021,Premier League,2502,2026-10-24 14:00:00+00:00,2026-10-24,14:00:00,2026,10,October,24,Saturday,43,14,8.0,REGULAR_SEASON,SCHEDULED,64,Liverpool FC,397,Brighton & Hove Albion FC,-1,-1,
560618,2021,Premier League,2502,2026-10-24 14:00:00+00:00,2026-10-24,14:00:00,2026,10,October,24,Saturday,43,14,8.0,REGULAR_SEASON,SCHEDULED,1076,Coventry City FC,63,Fulham FC,-1,-1,
560620,2021,Premier League,2502,2026-10-24 14:00:00+00:00,2026-10-24,14:00:00,2026,10,October,24,Saturday,43,14,8.0,REGULAR_SEASON,SCHEDULED,349,Ipswich Town FC,351,Nottingham Forest FC,-1,-1,
560617,2021,Premier League,2502,2026-10-24 14:00:00+00:00,2026-10-24,14:00:00,2026,10,October,24,Saturday,43,14,8.0,REGULAR_SEASON,SCHEDULED,61,Chelsea FC,73,Tottenham Hotspur FC,-1,-1,
560616,2021,Premier League,2502,2026-10-24 14:00:00+00:00,2026-10-24,14:00:00,2026,10,October,24,Saturday,43,14,8.0,REGULAR_SEASON,SCHEDULED,57,Arsenal FC,62,Everton FC,-1,-1,
560615,2021,Premier League,2502,2026-10-24 14:00:00+00:00,2026-10-24,14:00:00,2026,10,October,24,Saturday,43,14,8.0,REGULAR_SEASON,SCHEDULED,66,Manchester United FC,1044,AFC Bournemouth,-1,-1,
560614,2021,Premier League,2502,2026-10-24 14:00:00+00:00,2026-10-24,14:00:00,2026,10,October,24,Saturday,43,14,8.0,REGULAR_SEASON,SCHEDULED,58,Aston Villa FC,65,Manchester City FC,-1,-1,
560621,2021,Premier League,2502,2026-10-24 14:00:00+00:00,2026-10-24,14:00:00,2026,10,October,24,Saturday,43,14,8.0,REGULAR_SEASON,SCHEDULED,71,Sunderland AFC,341,Leeds United FC,-1,-1,
560613,2021,Premier League,2502,2026-10-24 14:00:00+00:00,2026-10-24,14:00:00,2026,10,October,24,Saturday,43,14,8.0,REGULAR_SEASON,SCHEDULED,354,Crystal Palace FC,67,Newcastle United FC,-1,-1,
560619,2021,Premier League,2502,2026-10-24 14:00:00+00:00,2026-10-24,14:00:00,2026,10,October,24,Saturday,43,14,8.0,REGULAR_SEASON,SCHEDULED,322,Hull City AFC,402,Brentford FC,-1,-1,
564724,2014,Primera Division,2518,2026-10-25 16:00:00+00:00,2026-10-25,16:00:00,2026,10,October,25,Sunday,43,16,10.0,REGULAR_SEASON,SCHEDULED,78,Club Atlético de Madrid,560,RC Deportivo La Coruña,-1,-1,
564727,2014,Primera Division,2518,2026-10-25 16:00:00+00:00,2026-10-25,16:00:00,2026,10,October,25,Sunday,43,16,10.0,REGULAR_SEASON,SCHEDULED,5335,Real Racing Club de Santander,80,RCD Espanyol de Barcelona,-1,-1,
564726,2014,Primera Division,2518,2026-10-25 16:00:00+00:00,2026-10-25,16:00:00,2026,10,October,25,Sunday,43,16,10.0,REGULAR_SEASON,SCHEDULED,92,Real Sociedad de Fútbol,88,Levante UD,-1,-1,
564725,2014,Primera Division,2518,2026-10-25 16:00:00+00:00,2026-10-25,16:00:00,2026,10,October,25,Sunday,43,16,10.0,REGULAR_SEASON,SCHEDULED,558,RC Celta de Vigo,90,Real Betis Balompié,-1,-1,
564723,2014,Primera Division,2518,2026-10-25 16:00:00+00:00,2026-10-25,16:00:00,2026,10,October,25,Sunday,43,16,10.0,REGULAR_SEASON,SCHEDULED,81,FC Barcelona,86,Real Madrid CF,-1,-1,
564719,2014,Primera Division,2518,2026-10-25 16:00:00+00:00,2026-10-25,16:00:00,2026,10,October,25,Sunday,43,16,10.0,REGULAR_SEASON,SCHEDULED,263,Deportivo Alavés,84,Málaga CF,-1,-1,
564720,2014,Primera Division,2518,2026-10-25 16:00:00+00:00,2026-10-25,16:00:00,2026,10,October,25,Sunday,43,16,10.0,REGULAR_SEASON,SCHEDULED,77,Athletic Club,82,Getafe CF,-1,-1,
564721,2014,Primera Division,2518,2026-10-25 16:00:00+00:00,2026-10-25,16:00:00,2026,10,October,25,Sunday,43,16,10.0,REGULAR_SEASON,SCHEDULED,559,Sevilla FC,79,CA Osasuna,-1,-1,
564722,2014,Primera Division,2518,2026-10-25 16:00:00+00:00,2026-10-25,16:00:00,2026,10,October,25,Sunday,43,16,10.0,REGULAR_SEASON,SCHEDULED,95,Valencia CF,94,Villarreal CF,-1,-1,
564718,2014,Primera Division,2518,2026-10-25 16:00:00+00:00,2026-10-25,16:00:00,2026,10,October,25,Sunday,43,16,10.0,REGULAR_SEASON,SCHEDULED,87,Rayo Vallecano de Madrid,285,Elche CF,-1,-1,
558561,2019,Serie A,2494,2026-10-25 17:30:00+00:00,2026-10-25,17:30:00,2026,10,October,25,Sunday,43,17,8.0,REGULAR_SEASON,SCHEDULED,7397,Como 1907,471,US Sassuolo Calcio,-1,-1,
558559,2019,Serie A,2494,2026-10-25 17:30:00+00:00,2026-10-25,17:30:00,2026,10,October,25,Sunday,43,17,8.0,REGULAR_SEASON,SCHEDULED,115,Udinese Calcio,98,AC Milan,-1,-1,
558568,2019,Serie A,2494,2026-10-25 17:30:00+00:00,2026-10-25,17:30:00,2026,10,October,25,Sunday,43,17,8.0,REGULAR_SEASON,SCHEDULED,107,Genoa CFC,454,Venezia FC,-1,-1,
558567,2019,Serie A,2494,2026-10-25 17:30:00+00:00,2026-10-25,17:30:00,2026,10,October,25,Sunday,43,17,8.0,REGULAR_SEASON,SCHEDULED,586,Torino FC,5911,AC Monza,-1,-1,
558566,2019,Serie A,2494,2026-10-25 17:30:00+00:00,2026-10-25,17:30:00,2026,10,October,25,Sunday,43,17,8.0,REGULAR_SEASON,SCHEDULED,5890,US Lecce,109,Juventus FC,-1,-1,
558565,2019,Serie A,2494,2026-10-25 17:30:00+00:00,2026-10-25,17:30:00,2026,10,October,25,Sunday,43,17,8.0,REGULAR_SEASON,SCHEDULED,110,SS Lazio,112,Parma Calcio 1913,-1,-1,
558564,2019,Serie A,2494,2026-10-25 17:30:00+00:00,2026-10-25,17:30:00,2026,10,October,25,Sunday,43,17,8.0,REGULAR_SEASON,SCHEDULED,113,SSC Napoli,100,AS Roma,-1,-1,
558563,2019,Serie A,2494,2026-10-25 17:30:00+00:00,2026-10-25,17:30:00,2026,10,October,25,Sunday,43,17,8.0,REGULAR_SEASON,SCHEDULED,108,FC Internazionale Milano,99,ACF Fiorentina,-1,-1,
558562,2019,Serie A,2494,2026-10-25 17:30:00+00:00,2026-10-25,17:30:00,2026,10,October,25,Sunday,43,17,8.0,REGULAR_SEASON,SCHEDULED,102,Atalanta BC,470,Frosinone Calcio,-1,-1,
558560,2019,Serie A,2494,2026-10-25 17:30:00+00:00,2026-10-25,17:30:00,2026,10,October,25,Sunday,43,17,8.0,REGULAR_SEASON,SCHEDULED,104,Cagliari Calcio,103,Bologna FC 1909,-1,-1,
558550,2019,Serie A,2494,2026-10-28 17:30:00+00:00,2026-10-28,17:30:00,2026,10,October,28,Wednesday,44,17,9.0,REGULAR_SEASON,SCHEDULED,454,Venezia FC,108,FC Internazionale Milano,-1,-1,
558551,2019,Serie A,2494,2026-10-28 17:30:00+00:00,2026-10-28,17:30:00,2026,10,October,28,Wednesday,44,17,9.0,REGULAR_SEASON,SCHEDULED,99,ACF Fiorentina,102,Atalanta BC,-1,-1,
558552,2019,Serie A,2494,2026-10-28 17:30:00+00:00,2026-10-28,17:30:00,2026,10,October,28,Wednesday,44,17,9.0,REGULAR_SEASON,SCHEDULED,107,Genoa CFC,109,Juventus FC,-1,-1,
558553,2019,Serie A,2494,2026-10-28 17:30:00+00:00,2026-10-28,17:30:00,2026,10,October,28,Wednesday,44,17,9.0,REGULAR_SEASON,SCHEDULED,112,Parma Calcio 1913,115,Udinese Calcio,-1,-1,
558554,2019,Serie A,2494,2026-10-28 17:30:00+00:00,2026-10-28,17:30:00,2026,10,October,28,Wednesday,44,17,9.0,REGULAR_SEASON,SCHEDULED,5911,AC Monza,113,SSC Napoli,-1,-1,
558555,2019,Serie A,2494,2026-10-28 17:30:00+00:00,2026-10-28,17:30:00,2026,10,October,28,Wednesday,44,17,9.0,REGULAR_SEASON,SCHEDULED,100,AS Roma,104,Cagliari Calcio,-1,-1,
558556,2019,Serie A,2494,2026-10-28 17:30:00+00:00,2026-10-28,17:30:00,2026,10,October,28,Wednesday,44,17,9.0,REGULAR_SEASON,SCHEDULED,471,US Sassuolo Calcio,110,SS Lazio,-1,-1,
558557,2019,Serie A,2494,2026-10-28 17:30:00+00:00,2026-10-28,17:30:00,2026,10,October,28,Wednesday,44,17,9.0,REGULAR_SEASON,SCHEDULED,586,Torino FC,7397,Como 1907,-1,-1,
558558,2019,Serie A,2494,2026-10-28 17:30:00+00:00,2026-10-28,17:30:00,2026,10,October,28,Wednesday,44,17,9.0,REGULAR_SEASON,SCHEDULED,470,Frosinone Calcio,5890,US Lecce,-1,-1,
558549,2019,Serie A,2494,2026-10-28 17:30:00+00:00,2026-10-28,17:30:00,2026,10,October,28,Wednesday,44,17,9.0,REGULAR_SEASON,SCHEDULED,98,AC Milan,103,Bologna FC 1909,-1,-1,
565845,2002,Bundesliga,2522,2026-10-31 00:00:00+00:00,2026-10-31,00:00:00,2026,10,October,31,Saturday,44,0,8.0,REGULAR_SEASON,SCHEDULED,5,FC Bayern München,4,Borussia Dortmund,-1,-1,
565844,2002,Bundesliga,2522,2026-10-31 00:00:00+00:00,2026-10-31,00:00:00,2026,10,October,31,Saturday,44,0,8.0,REGULAR_SEASON,SCHEDULED,19,Eintracht Frankfurt,7,Hamburger SV,-1,-1,
565843,2002,Bundesliga,2522,2026-10-31 00:00:00+00:00,2026-10-31,00:00:00,2026,10,October,31,Saturday,44,0,8.0,REGULAR_SEASON,SCHEDULED,12,SV Werder Bremen,2,TSG 1899 Hoffenheim,-1,-1,
565842,2002,Bundesliga,2522,2026-10-31 00:00:00+00:00,2026-10-31,00:00:00,2026,10,October,31,Saturday,44,0,8.0,REGULAR_SEASON,SCHEDULED,16,FC Augsburg,17,SC Freiburg,-1,-1,
565841,2002,Bundesliga,2522,2026-10-31 00:00:00+00:00,2026-10-31,00:00:00,2026,10,October,31,Saturday,44,0,8.0,REGULAR_SEASON,SCHEDULED,28,1. FC Union Berlin,1,1. FC Köln,-1,-1,
565840,2002,Bundesliga,2522,2026-10-31 00:00:00+00:00,2026-10-31,00:00:00,2026,10,October,31,Saturday,44,0,8.0,REGULAR_SEASON,SCHEDULED,6,FC Schalke 04,721,RB Leipzig,-1,-1,
565839,2002,Bundesliga,2522,2026-10-31 00:00:00+00:00,2026-10-31,00:00:00,2026,10,October,31,Saturday,44,0,8.0,REGULAR_SEASON,SCHEDULED,18,Borussia Mönchengladbach,29,SC Paderborn 07,-1,-1,
565847,2002,Bundesliga,2522,2026-10-31 00:00:00+00:00,2026-10-31,00:00:00,2026,10,October,31,Saturday,44,0,8.0,REGULAR_SEASON,SCHEDULED,3,Bayer 04 Leverkusen,10,VfB Stuttgart,-1,-1,
565846,2002,Bundesliga,2522,2026-10-31 00:00:00+00:00,2026-10-31,00:00:00,2026,10,October,31,Saturday,44,0,8.0,REGULAR_SEASON,SCHEDULED,719,SV 07 Elversberg,15,1. FSV Mainz 05,-1,-1,
560623,2021,Premier League,2502,2026-10-31 15:00:00+00:00,2026-10-31,15:00:00,2026,10,October,31,Saturday,44,15,9.0,REGULAR_SEASON,SCHEDULED,65,Manchester City FC,397,Brighton & Hove Albion FC,-1,-1,
560624,2021,Premier League,2502,2026-10-31 15:00:00+00:00,2026-10-31,15:00:00,2026,10,October,31,Saturday,44,15,9.0,REGULAR_SEASON,SCHEDULED,1044,AFC Bournemouth,341,Leeds United FC,-1,-1,
560625,2021,Premier League,2502,2026-10-31 15:00:00+00:00,2026-10-31,15:00:00,2026,10,October,31,Saturday,44,15,9.0,REGULAR_SEASON,SCHEDULED,1076,Coventry City FC,71,Sunderland AFC,-1,-1,
560630,2021,Premier League,2502,2026-10-31 15:00:00+00:00,2026-10-31,15:00:00,2026,10,October,31,Saturday,44,15,9.0,REGULAR_SEASON,SCHEDULED,402,Brentford FC,351,Nottingham Forest FC,-1,-1,
560629,2021,Premier League,2502,2026-10-31 15:00:00+00:00,2026-10-31,15:00:00,2026,10,October,31,Saturday,44,15,9.0,REGULAR_SEASON,SCHEDULED,322,Hull City AFC,349,Ipswich Town FC,-1,-1,
560628,2021,Premier League,2502,2026-10-31 15:00:00+00:00,2026-10-31,15:00:00,2026,10,October,31,Saturday,44,15,9.0,REGULAR_SEASON,SCHEDULED,58,Aston Villa FC,63,Fulham FC,-1,-1,
560622,2021,Premier League,2502,2026-10-31 15:00:00+00:00,2026-10-31,15:00:00,2026,10,October,31,Saturday,44,15,9.0,REGULAR_SEASON,SCHEDULED,67,Newcastle United FC,62,Everton FC,-1,-1,
560631,2021,Premier League,2502,2026-10-31 15:00:00+00:00,2026-10-31,15:00:00,2026,10,October,31,Saturday,44,15,9.0,REGULAR_SEASON,SCHEDULED,64,Liverpool FC,57,Arsenal FC,-1,-1,
560626,2021,Premier League,2502,2026-10-31 15:00:00+00:00,2026-10-31,15:00:00,2026,10,October,31,Saturday,44,15,9.0,REGULAR_SEASON,SCHEDULED,61,Chelsea FC,66,Manchester United FC,-1,-1,
560627,2021,Premier League,2502,2026-10-31 15:00:00+00:00,2026-10-31,15:00:00,2026,10,October,31,Saturday,44,15,9.0,REGULAR_SEASON,SCHEDULED,73,Tottenham Hotspur FC,354,Crystal Palace FC,-1,-1,
564735,2014,Primera Division,2518,2026-11-01 16:00:00+00:00,2026-11-01,16:00:00,2026,11,November,1,Sunday,44,16,11.0,REGULAR_SEASON,SCHEDULED,87,Rayo Vallecano de Madrid,558,RC Celta de Vigo,-1,-1,
564732,2014,Primera Division,2518,2026-11-01 16:00:00+00:00,2026-11-01,16:00:00,2026,11,November,1,Sunday,44,16,11.0,REGULAR_SEASON,SCHEDULED,81,FC Barcelona,263,Deportivo Alavés,-1,-1,
564731,2014,Primera Division,2518,2026-11-01 16:00:00+00:00,2026-11-01,16:00:00,2026,11,November,1,Sunday,44,16,11.0,REGULAR_SEASON,SCHEDULED,560,RC Deportivo La Coruña,79,CA Osasuna,-1,-1,
564730,2014,Primera Division,2518,2026-11-01 16:00:00+00:00,2026-11-01,16:00:00,2026,11,November,1,Sunday,44,16,11.0,REGULAR_SEASON,SCHEDULED,88,Levante UD,78,Club Atlético de Madrid,-1,-1,
564729,2014,Primera Division,2518,2026-11-01 16:00:00+00:00,2026-11-01,16:00:00,2026,11,November,1,Sunday,44,16,11.0,REGULAR_SEASON,SCHEDULED,77,Athletic Club,92,Real Sociedad de Fútbol,-1,-1,
564728,2014,Primera Division,2518,2026-11-01 16:00:00+00:00,2026-11-01,16:00:00,2026,11,November,1,Sunday,44,16,11.0,REGULAR_SEASON,SCHEDULED,285,Elche CF,95,Valencia CF,-1,-1,
564734,2014,Primera Division,2518,2026-11-01 16:00:00+00:00,2026-11-01,16:00:00,2026,11,November,1,Sunday,44,16,11.0,REGULAR_SEASON,SCHEDULED,5335,Real Racing Club de Santander,86,Real Madrid CF,-1,-1,
564737,2014,Primera Division,2518,2026-11-01 16:00:00+00:00,2026-11-01,16:00:00,2026,11,November,1,Sunday,44,16,11.0,REGULAR_SEASON,SCHEDULED,94,Villarreal CF,80,RCD Espanyol de Barcelona,-1,-1,
564736,2014,Primera Division,2518,2026-11-01 16:00:00+00:00,2026-11-01,16:00:00,2026,11,November,1,Sunday,44,16,11.0,REGULAR_SEASON,SCHEDULED,90,Real Betis Balompié,84,Málaga CF,-1,-1,
564733,2014,Primera Division,2518,2026-11-01 16:00:00+00:00,2026-11-01,16:00:00,2026,11,November,1,Sunday,44,16,11.0,REGULAR_SEASON,SCHEDULED,82,Getafe CF,559,Sevilla FC,-1,-1,
558539,2019,Serie A,2494,2026-11-01 17:30:00+00:00,2026-11-01,17:30:00,2026,11,November,1,Sunday,44,17,10.0,REGULAR_SEASON,SCHEDULED,103,Bologna FC 1909,5911,AC Monza,-1,-1,
558540,2019,Serie A,2494,2026-11-01 17:30:00+00:00,2026-11-01,17:30:00,2026,11,November,1,Sunday,44,17,10.0,REGULAR_SEASON,SCHEDULED,5890,US Lecce,107,Genoa CFC,-1,-1,
558541,2019,Serie A,2494,2026-11-01 17:30:00+00:00,2026-11-01,17:30:00,2026,11,November,1,Sunday,44,17,10.0,REGULAR_SEASON,SCHEDULED,471,US Sassuolo Calcio,99,ACF Fiorentina,-1,-1,
558544,2019,Serie A,2494,2026-11-01 17:30:00+00:00,2026-11-01,17:30:00,2026,11,November,1,Sunday,44,17,10.0,REGULAR_SEASON,SCHEDULED,470,Frosinone Calcio,586,Torino FC,-1,-1,
558548,2019,Serie A,2494,2026-11-01 17:30:00+00:00,2026-11-01,17:30:00,2026,11,November,1,Sunday,44,17,10.0,REGULAR_SEASON,SCHEDULED,98,AC Milan,108,FC Internazionale Milano,-1,-1,
558547,2019,Serie A,2494,2026-11-01 17:30:00+00:00,2026-11-01,17:30:00,2026,11,November,1,Sunday,44,17,10.0,REGULAR_SEASON,SCHEDULED,109,Juventus FC,113,SSC Napoli,-1,-1,
558542,2019,Serie A,2494,2026-11-01 17:30:00+00:00,2026-11-01,17:30:00,2026,11,November,1,Sunday,44,17,10.0,REGULAR_SEASON,SCHEDULED,115,Udinese Calcio,100,AS Roma,-1,-1,
558545,2019,Serie A,2494,2026-11-01 17:30:00+00:00,2026-11-01,17:30:00,2026,11,November,1,Sunday,44,17,10.0,REGULAR_SEASON,SCHEDULED,102,Atalanta BC,112,Parma Calcio 1913,-1,-1,
558546,2019,Serie A,2494,2026-11-01 17:30:00+00:00,2026-11-01,17:30:00,2026,11,November,1,Sunday,44,17,10.0,REGULAR_SEASON,SCHEDULED,110,SS Lazio,104,Cagliari Calcio,-1,-1,
558543,2019,Serie A,2494,2026-11-01 17:30:00+00:00,2026-11-01,17:30:00,2026,11,November,1,Sunday,44,17,10.0,REGULAR_SEASON,SCHEDULED,7397,Como 1907,454,Venezia FC,-1,-1,
565856,2002,Bundesliga,2522,2026-11-07 00:00:00+00:00,2026-11-07,00:00:00,2026,11,November,7,Saturday,45,0,9.0,REGULAR_SEASON,SCHEDULED,2,TSG 1899 Hoffenheim,6,FC Schalke 04,-1,-1,
565855,2002,Bundesliga,2522,2026-11-07 00:00:00+00:00,2026-11-07,00:00:00,2026,11,November,7,Saturday,45,0,9.0,REGULAR_SEASON,SCHEDULED,1,1. FC Köln,3,Bayer 04 Leverkusen,-1,-1,
565854,2002,Bundesliga,2522,2026-11-07 00:00:00+00:00,2026-11-07,00:00:00,2026,11,November,7,Saturday,45,0,9.0,REGULAR_SEASON,SCHEDULED,17,SC Freiburg,28,1. FC Union Berlin,-1,-1,
565853,2002,Bundesliga,2522,2026-11-07 00:00:00+00:00,2026-11-07,00:00:00,2026,11,November,7,Saturday,45,0,9.0,REGULAR_SEASON,SCHEDULED,29,SC Paderborn 07,19,Eintracht Frankfurt,-1,-1,
565852,2002,Bundesliga,2522,2026-11-07 00:00:00+00:00,2026-11-07,00:00:00,2026,11,November,7,Saturday,45,0,9.0,REGULAR_SEASON,SCHEDULED,7,Hamburger SV,18,Borussia Mönchengladbach,-1,-1,
565850,2002,Bundesliga,2522,2026-11-07 00:00:00+00:00,2026-11-07,00:00:00,2026,11,November,7,Saturday,45,0,9.0,REGULAR_SEASON,SCHEDULED,4,Borussia Dortmund,719,SV 07 Elversberg,-1,-1,
565849,2002,Bundesliga,2522,2026-11-07 00:00:00+00:00,2026-11-07,00:00:00,2026,11,November,7,Saturday,45,0,9.0,REGULAR_SEASON,SCHEDULED,10,VfB Stuttgart,12,SV Werder Bremen,-1,-1,
565848,2002,Bundesliga,2522,2026-11-07 00:00:00+00:00,2026-11-07,00:00:00,2026,11,November,7,Saturday,45,0,9.0,REGULAR_SEASON,SCHEDULED,721,RB Leipzig,16,FC Augsburg,-1,-1,
565851,2002,Bundesliga,2522,2026-11-07 00:00:00+00:00,2026-11-07,00:00:00,2026,11,November,7,Saturday,45,0,9.0,REGULAR_SEASON,SCHEDULED,15,1. FSV Mainz 05,5,FC Bayern München,-1,-1,
560636,2021,Premier League,2502,2026-11-07 15:00:00+00:00,2026-11-07,15:00:00,2026,11,November,7,Saturday,45,15,10.0,REGULAR_SEASON,SCHEDULED,71,Sunderland AFC,61,Chelsea FC,-1,-1,
560637,2021,Premier League,2502,2026-11-07 15:00:00+00:00,2026-11-07,15:00:00,2026,11,November,7,Saturday,45,15,10.0,REGULAR_SEASON,SCHEDULED,349,Ipswich Town FC,1044,AFC Bournemouth,-1,-1,
560638,2021,Premier League,2502,2026-11-07 15:00:00+00:00,2026-11-07,15:00:00,2026,11,November,7,Saturday,45,15,10.0,REGULAR_SEASON,SCHEDULED,397,Brighton & Hove Albion FC,402,Brentford FC,-1,-1,
560639,2021,Premier League,2502,2026-11-07 15:00:00+00:00,2026-11-07,15:00:00,2026,11,November,7,Saturday,45,15,10.0,REGULAR_SEASON,SCHEDULED,66,Manchester United FC,58,Aston Villa FC,-1,-1,
560634,2021,Premier League,2502,2026-11-07 15:00:00+00:00,2026-11-07,15:00:00,2026,11,November,7,Saturday,45,15,10.0,REGULAR_SEASON,SCHEDULED,62,Everton FC,1076,Coventry City FC,-1,-1,
560633,2021,Premier League,2502,2026-11-07 15:00:00+00:00,2026-11-07,15:00:00,2026,11,November,7,Saturday,45,15,10.0,REGULAR_SEASON,SCHEDULED,63,Fulham FC,67,Newcastle United FC,-1,-1,
560632,2021,Premier League,2502,2026-11-07 15:00:00+00:00,2026-11-07,15:00:00,2026,11,November,7,Saturday,45,15,10.0,REGULAR_SEASON,SCHEDULED,341,Leeds United FC,73,Tottenham Hotspur FC,-1,-1,
560641,2021,Premier League,2502,2026-11-07 15:00:00+00:00,2026-11-07,15:00:00,2026,11,November,7,Saturday,45,15,10.0,REGULAR_SEASON,SCHEDULED,351,Nottingham Forest FC,65,Manchester City FC,-1,-1,
560640,2021,Premier League,2502,2026-11-07 15:00:00+00:00,2026-11-07,15:00:00,2026,11,November,7,Saturday,45,15,10.0,REGULAR_SEASON,SCHEDULED,57,Arsenal FC,322,Hull City AFC,-1,-1,
560635,2021,Premier League,2502,2026-11-07 15:00:00+00:00,2026-11-07,15:00:00,2026,11,November,7,Saturday,45,15,10.0,REGULAR_SEASON,SCHEDULED,354,Crystal Palace FC,64,Liverpool FC,-1,-1,
564738,2014,Primera Division,2518,2026-11-08 16:00:00+00:00,2026-11-08,16:00:00,2026,11,November,8,Sunday,45,16,12.0,REGULAR_SEASON,SCHEDULED,285,Elche CF,90,Real Betis Balompié,-1,-1,
564742,2014,Primera Division,2518,2026-11-08 16:00:00+00:00,2026-11-08,16:00:00,2026,11,November,8,Sunday,45,16,12.0,REGULAR_SEASON,SCHEDULED,558,RC Celta de Vigo,88,Levante UD,-1,-1,
564741,2014,Primera Division,2518,2026-11-08 16:00:00+00:00,2026-11-08,16:00:00,2026,11,November,8,Sunday,45,16,12.0,REGULAR_SEASON,SCHEDULED,95,Valencia CF,86,Real Madrid CF,-1,-1,
564740,2014,Primera Division,2518,2026-11-08 16:00:00+00:00,2026-11-08,16:00:00,2026,11,November,8,Sunday,45,16,12.0,REGULAR_SEASON,SCHEDULED,559,Sevilla FC,263,Deportivo Alavés,-1,-1,
564745,2014,Primera Division,2518,2026-11-08 16:00:00+00:00,2026-11-08,16:00:00,2026,11,November,8,Sunday,45,16,12.0,REGULAR_SEASON,SCHEDULED,80,RCD Espanyol de Barcelona,560,RC Deportivo La Coruña,-1,-1,
564739,2014,Primera Division,2518,2026-11-08 16:00:00+00:00,2026-11-08,16:00:00,2026,11,November,8,Sunday,45,16,12.0,REGULAR_SEASON,SCHEDULED,79,CA Osasuna,77,Athletic Club,-1,-1,
564744,2014,Primera Division,2518,2026-11-08 16:00:00+00:00,2026-11-08,16:00:00,2026,11,November,8,Sunday,45,16,12.0,REGULAR_SEASON,SCHEDULED,84,Málaga CF,5335,Real Racing Club de Santander,-1,-1,
564747,2014,Primera Division,2518,2026-11-08 16:00:00+00:00,2026-11-08,16:00:00,2026,11,November,8,Sunday,45,16,12.0,REGULAR_SEASON,SCHEDULED,94,Villarreal CF,82,Getafe CF,-1,-1,
564743,2014,Primera Division,2518,2026-11-08 16:00:00+00:00,2026-11-08,16:00:00,2026,11,November,8,Sunday,45,16,12.0,REGULAR_SEASON,SCHEDULED,92,Real Sociedad de Fútbol,87,Rayo Vallecano de Madrid,-1,-1,
564746,2014,Primera Division,2518,2026-11-08 16:00:00+00:00,2026-11-08,16:00:00,2026,11,November,8,Sunday,45,16,12.0,REGULAR_SEASON,SCHEDULED,78,Club Atlético de Madrid,81,FC Barcelona,-1,-1,
558538,2019,Serie A,2494,2026-11-08 17:30:00+00:00,2026-11-08,17:30:00,2026,11,November,8,Sunday,45,17,11.0,REGULAR_SEASON,SCHEDULED,5911,AC Monza,102,Atalanta BC,-1,-1,
558537,2019,Serie A,2494,2026-11-08 17:30:00+00:00,2026-11-08,17:30:00,2026,11,November,8,Sunday,45,17,11.0,REGULAR_SEASON,SCHEDULED,454,Venezia FC,115,Udinese Calcio,-1,-1,
558536,2019,Serie A,2494,2026-11-08 17:30:00+00:00,2026-11-08,17:30:00,2026,11,November,8,Sunday,45,17,11.0,REGULAR_SEASON,SCHEDULED,107,Genoa CFC,98,AC Milan,-1,-1,
558535,2019,Serie A,2494,2026-11-08 17:30:00+00:00,2026-11-08,17:30:00,2026,11,November,8,Sunday,45,17,11.0,REGULAR_SEASON,SCHEDULED,112,Parma Calcio 1913,103,Bologna FC 1909,-1,-1,
558534,2019,Serie A,2494,2026-11-08 17:30:00+00:00,2026-11-08,17:30:00,2026,11,November,8,Sunday,45,17,11.0,REGULAR_SEASON,SCHEDULED,104,Cagliari Calcio,470,Frosinone Calcio,-1,-1,
558533,2019,Serie A,2494,2026-11-08 17:30:00+00:00,2026-11-08,17:30:00,2026,11,November,8,Sunday,45,17,11.0,REGULAR_SEASON,SCHEDULED,113,SSC Napoli,110,SS Lazio,-1,-1,
558532,2019,Serie A,2494,2026-11-08 17:30:00+00:00,2026-11-08,17:30:00,2026,11,November,8,Sunday,45,17,11.0,REGULAR_SEASON,SCHEDULED,586,Torino FC,5890,US Lecce,-1,-1,
558529,2019,Serie A,2494,2026-11-08 17:30:00+00:00,2026-11-08,17:30:00,2026,11,November,8,Sunday,45,17,11.0,REGULAR_SEASON,SCHEDULED,99,ACF Fiorentina,109,Juventus FC,-1,-1,
558531,2019,Serie A,2494,2026-11-08 17:30:00+00:00,2026-11-08,17:30:00,2026,11,November,8,Sunday,45,17,11.0,REGULAR_SEASON,SCHEDULED,100,AS Roma,471,US Sassuolo Calcio,-1,-1,
558530,2019,Serie A,2494,2026-11-08 17:30:00+00:00,2026-11-08,17:30:00,2026,11,November,8,Sunday,45,17,11.0,REGULAR_SEASON,SCHEDULED,108,FC Internazionale Milano,7397,Como 1907,-1,-1,
565857,2002,Bundesliga,2522,2026-11-21 00:00:00+00:00,2026-11-21,00:00:00,2026,11,November,21,Saturday,47,0,10.0,REGULAR_SEASON,SCHEDULED,3,Bayer 04 Leverkusen,29,SC Paderborn 07,-1,-1,
565864,2002,Bundesliga,2522,2026-11-21 00:00:00+00:00,2026-11-21,00:00:00,2026,11,November,21,Saturday,47,0,10.0,REGULAR_SEASON,SCHEDULED,16,FC Augsburg,15,1. FSV Mainz 05,-1,-1,
565863,2002,Bundesliga,2522,2026-11-21 00:00:00+00:00,2026-11-21,00:00:00,2026,11,November,21,Saturday,47,0,10.0,REGULAR_SEASON,SCHEDULED,12,SV Werder Bremen,7,Hamburger SV,-1,-1,
565865,2002,Bundesliga,2522,2026-11-21 00:00:00+00:00,2026-11-21,00:00:00,2026,11,November,21,Saturday,47,0,10.0,REGULAR_SEASON,SCHEDULED,19,Eintracht Frankfurt,2,TSG 1899 Hoffenheim,-1,-1,
565861,2002,Bundesliga,2522,2026-11-21 00:00:00+00:00,2026-11-21,00:00:00,2026,11,November,21,Saturday,47,0,10.0,REGULAR_SEASON,SCHEDULED,6,FC Schalke 04,10,VfB Stuttgart,-1,-1,
565860,2002,Bundesliga,2522,2026-11-21 00:00:00+00:00,2026-11-21,00:00:00,2026,11,November,21,Saturday,47,0,10.0,REGULAR_SEASON,SCHEDULED,719,SV 07 Elversberg,17,SC Freiburg,-1,-1,
565859,2002,Bundesliga,2522,2026-11-21 00:00:00+00:00,2026-11-21,00:00:00,2026,11,November,21,Saturday,47,0,10.0,REGULAR_SEASON,SCHEDULED,5,FC Bayern München,1,1. FC Köln,-1,-1,
565858,2002,Bundesliga,2522,2026-11-21 00:00:00+00:00,2026-11-21,00:00:00,2026,11,November,21,Saturday,47,0,10.0,REGULAR_SEASON,SCHEDULED,28,1. FC Union Berlin,721,RB Leipzig,-1,-1,
565862,2002,Bundesliga,2522,2026-11-21 00:00:00+00:00,2026-11-21,00:00:00,2026,11,November,21,Saturday,47,0,10.0,REGULAR_SEASON,SCHEDULED,18,Borussia Mönchengladbach,4,Borussia Dortmund,-1,-1,
560642,2021,Premier League,2502,2026-11-21 15:00:00+00:00,2026-11-21,15:00:00,2026,11,November,21,Saturday,47,15,11.0,REGULAR_SEASON,SCHEDULED,61,Chelsea FC,341,Leeds United FC,-1,-1,
560643,2021,Premier League,2502,2026-11-21 15:00:00+00:00,2026-11-21,15:00:00,2026,11,November,21,Saturday,47,15,11.0,REGULAR_SEASON,SCHEDULED,65,Manchester City FC,63,Fulham FC,-1,-1,
560644,2021,Premier League,2502,2026-11-21 15:00:00+00:00,2026-11-21,15:00:00,2026,11,November,21,Saturday,47,15,11.0,REGULAR_SEASON,SCHEDULED,58,Aston Villa FC,71,Sunderland AFC,-1,-1,
560645,2021,Premier League,2502,2026-11-21 15:00:00+00:00,2026-11-21,15:00:00,2026,11,November,21,Saturday,47,15,11.0,REGULAR_SEASON,SCHEDULED,64,Liverpool FC,66,Manchester United FC,-1,-1,
560646,2021,Premier League,2502,2026-11-21 15:00:00+00:00,2026-11-21,15:00:00,2026,11,November,21,Saturday,47,15,11.0,REGULAR_SEASON,SCHEDULED,322,Hull City AFC,397,Brighton & Hove Albion FC,-1,-1,
560647,2021,Premier League,2502,2026-11-21 15:00:00+00:00,2026-11-21,15:00:00,2026,11,November,21,Saturday,47,15,11.0,REGULAR_SEASON,SCHEDULED,1044,AFC Bournemouth,351,Nottingham Forest FC,-1,-1,
560648,2021,Premier League,2502,2026-11-21 15:00:00+00:00,2026-11-21,15:00:00,2026,11,November,21,Saturday,47,15,11.0,REGULAR_SEASON,SCHEDULED,73,Tottenham Hotspur FC,349,Ipswich Town FC,-1,-1,
560651,2021,Premier League,2502,2026-11-21 15:00:00+00:00,2026-11-21,15:00:00,2026,11,November,21,Saturday,47,15,11.0,REGULAR_SEASON,SCHEDULED,67,Newcastle United FC,57,Arsenal FC,-1,-1,
560650,2021,Premier League,2502,2026-11-21 15:00:00+00:00,2026-11-21,15:00:00,2026,11,November,21,Saturday,47,15,11.0,REGULAR_SEASON,SCHEDULED,1076,Coventry City FC,354,Crystal Palace FC,-1,-1,
560649,2021,Premier League,2502,2026-11-21 15:00:00+00:00,2026-11-21,15:00:00,2026,11,November,21,Saturday,47,15,11.0,REGULAR_SEASON,SCHEDULED,402,Brentford FC,62,Everton FC,-1,-1,
564757,2014,Primera Division,2518,2026-11-22 16:00:00+00:00,2026-11-22,16:00:00,2026,11,November,22,Sunday,47,16,13.0,REGULAR_SEASON,SCHEDULED,88,Levante UD,285,Elche CF,-1,-1,
564754,2014,Primera Division,2518,2026-11-22 16:00:00+00:00,2026-11-22,16:00:00,2026,11,November,22,Sunday,47,16,13.0,REGULAR_SEASON,SCHEDULED,86,Real Madrid CF,558,RC Celta de Vigo,-1,-1,
564752,2014,Primera Division,2518,2026-11-22 16:00:00+00:00,2026-11-22,16:00:00,2026,11,November,22,Sunday,47,16,13.0,REGULAR_SEASON,SCHEDULED,79,CA Osasuna,84,Málaga CF,-1,-1,
564751,2014,Primera Division,2518,2026-11-22 16:00:00+00:00,2026-11-22,16:00:00,2026,11,November,22,Sunday,47,16,13.0,REGULAR_SEASON,SCHEDULED,87,Rayo Vallecano de Madrid,95,Valencia CF,-1,-1,
564749,2014,Primera Division,2518,2026-11-22 16:00:00+00:00,2026-11-22,16:00:00,2026,11,November,22,Sunday,47,16,13.0,REGULAR_SEASON,SCHEDULED,81,FC Barcelona,94,Villarreal CF,-1,-1,
564748,2014,Primera Division,2518,2026-11-22 16:00:00+00:00,2026-11-22,16:00:00,2026,11,November,22,Sunday,47,16,13.0,REGULAR_SEASON,SCHEDULED,77,Athletic Club,80,RCD Espanyol de Barcelona,-1,-1,
564753,2014,Primera Division,2518,2026-11-22 16:00:00+00:00,2026-11-22,16:00:00,2026,11,November,22,Sunday,47,16,13.0,REGULAR_SEASON,SCHEDULED,82,Getafe CF,78,Club Atlético de Madrid,-1,-1,
564750,2014,Primera Division,2518,2026-11-22 16:00:00+00:00,2026-11-22,16:00:00,2026,11,November,22,Sunday,47,16,13.0,REGULAR_SEASON,SCHEDULED,5335,Real Racing Club de Santander,92,Real Sociedad de Fútbol,-1,-1,
564756,2014,Primera Division,2518,2026-11-22 16:00:00+00:00,2026-11-22,16:00:00,2026,11,November,22,Sunday,47,16,13.0,REGULAR_SEASON,SCHEDULED,559,Sevilla FC,90,Real Betis Balompié,-1,-1,
564755,2014,Primera Division,2518,2026-11-22 16:00:00+00:00,2026-11-22,16:00:00,2026,11,November,22,Sunday,47,16,13.0,REGULAR_SEASON,SCHEDULED,263,Deportivo Alavés,560,RC Deportivo La Coruña,-1,-1,
558519,2019,Serie A,2494,2026-11-22 17:30:00+00:00,2026-11-22,17:30:00,2026,11,November,22,Sunday,47,17,12.0,REGULAR_SEASON,SCHEDULED,5911,AC Monza,99,ACF Fiorentina,-1,-1,
558520,2019,Serie A,2494,2026-11-22 17:30:00+00:00,2026-11-22,17:30:00,2026,11,November,22,Sunday,47,17,12.0,REGULAR_SEASON,SCHEDULED,102,Atalanta BC,108,FC Internazionale Milano,-1,-1,
558521,2019,Serie A,2494,2026-11-22 17:30:00+00:00,2026-11-22,17:30:00,2026,11,November,22,Sunday,47,17,12.0,REGULAR_SEASON,SCHEDULED,109,Juventus FC,454,Venezia FC,-1,-1,
558522,2019,Serie A,2494,2026-11-22 17:30:00+00:00,2026-11-22,17:30:00,2026,11,November,22,Sunday,47,17,12.0,REGULAR_SEASON,SCHEDULED,103,Bologna FC 1909,115,Udinese Calcio,-1,-1,
558523,2019,Serie A,2494,2026-11-22 17:30:00+00:00,2026-11-22,17:30:00,2026,11,November,22,Sunday,47,17,12.0,REGULAR_SEASON,SCHEDULED,98,AC Milan,470,Frosinone Calcio,-1,-1,
558524,2019,Serie A,2494,2026-11-22 17:30:00+00:00,2026-11-22,17:30:00,2026,11,November,22,Sunday,47,17,12.0,REGULAR_SEASON,SCHEDULED,471,US Sassuolo Calcio,107,Genoa CFC,-1,-1,
558525,2019,Serie A,2494,2026-11-22 17:30:00+00:00,2026-11-22,17:30:00,2026,11,November,22,Sunday,47,17,12.0,REGULAR_SEASON,SCHEDULED,7397,Como 1907,104,Cagliari Calcio,-1,-1,
558526,2019,Serie A,2494,2026-11-22 17:30:00+00:00,2026-11-22,17:30:00,2026,11,November,22,Sunday,47,17,12.0,REGULAR_SEASON,SCHEDULED,112,Parma Calcio 1913,100,AS Roma,-1,-1,
558528,2019,Serie A,2494,2026-11-22 17:30:00+00:00,2026-11-22,17:30:00,2026,11,November,22,Sunday,47,17,12.0,REGULAR_SEASON,SCHEDULED,110,SS Lazio,5890,US Lecce,-1,-1,
558527,2019,Serie A,2494,2026-11-22 17:30:00+00:00,2026-11-22,17:30:00,2026,11,November,22,Sunday,47,17,12.0,REGULAR_SEASON,SCHEDULED,113,SSC Napoli,586,Torino FC,-1,-1,
565866,2002,Bundesliga,2522,2026-11-28 00:00:00+00:00,2026-11-28,00:00:00,2026,11,November,28,Saturday,48,0,11.0,REGULAR_SEASON,SCHEDULED,1,1. FC Köln,719,SV 07 Elversberg,-1,-1,
565874,2002,Bundesliga,2522,2026-11-28 00:00:00+00:00,2026-11-28,00:00:00,2026,11,November,28,Saturday,48,0,11.0,REGULAR_SEASON,SCHEDULED,7,Hamburger SV,5,FC Bayern München,-1,-1,
565873,2002,Bundesliga,2522,2026-11-28 00:00:00+00:00,2026-11-28,00:00:00,2026,11,November,28,Saturday,48,0,11.0,REGULAR_SEASON,SCHEDULED,17,SC Freiburg,721,RB Leipzig,-1,-1,
565872,2002,Bundesliga,2522,2026-11-28 00:00:00+00:00,2026-11-28,00:00:00,2026,11,November,28,Saturday,48,0,11.0,REGULAR_SEASON,SCHEDULED,4,Borussia Dortmund,3,Bayer 04 Leverkusen,-1,-1,
565871,2002,Bundesliga,2522,2026-11-28 00:00:00+00:00,2026-11-28,00:00:00,2026,11,November,28,Saturday,48,0,11.0,REGULAR_SEASON,SCHEDULED,2,TSG 1899 Hoffenheim,16,FC Augsburg,-1,-1,
565870,2002,Bundesliga,2522,2026-11-28 00:00:00+00:00,2026-11-28,00:00:00,2026,11,November,28,Saturday,48,0,11.0,REGULAR_SEASON,SCHEDULED,10,VfB Stuttgart,19,Eintracht Frankfurt,-1,-1,
565869,2002,Bundesliga,2522,2026-11-28 00:00:00+00:00,2026-11-28,00:00:00,2026,11,November,28,Saturday,48,0,11.0,REGULAR_SEASON,SCHEDULED,12,SV Werder Bremen,18,Borussia Mönchengladbach,-1,-1,
565868,2002,Bundesliga,2522,2026-11-28 00:00:00+00:00,2026-11-28,00:00:00,2026,11,November,28,Saturday,48,0,11.0,REGULAR_SEASON,SCHEDULED,29,SC Paderborn 07,6,FC Schalke 04,-1,-1,
565867,2002,Bundesliga,2522,2026-11-28 00:00:00+00:00,2026-11-28,00:00:00,2026,11,November,28,Saturday,48,0,11.0,REGULAR_SEASON,SCHEDULED,15,1. FSV Mainz 05,28,1. FC Union Berlin,-1,-1,
560657,2021,Premier League,2502,2026-11-28 15:00:00+00:00,2026-11-28,15:00:00,2026,11,November,28,Saturday,48,15,12.0,REGULAR_SEASON,SCHEDULED,63,Fulham FC,1044,AFC Bournemouth,-1,-1,
560656,2021,Premier League,2502,2026-11-28 15:00:00+00:00,2026-11-28,15:00:00,2026,11,November,28,Saturday,48,15,12.0,REGULAR_SEASON,SCHEDULED,62,Everton FC,64,Liverpool FC,-1,-1,
560655,2021,Premier League,2502,2026-11-28 15:00:00+00:00,2026-11-28,15:00:00,2026,11,November,28,Saturday,48,15,12.0,REGULAR_SEASON,SCHEDULED,66,Manchester United FC,402,Brentford FC,-1,-1,
560660,2021,Premier League,2502,2026-11-28 15:00:00+00:00,2026-11-28,15:00:00,2026,11,November,28,Saturday,48,15,12.0,REGULAR_SEASON,SCHEDULED,71,Sunderland AFC,73,Tottenham Hotspur FC,-1,-1,
560654,2021,Premier League,2502,2026-11-28 15:00:00+00:00,2026-11-28,15:00:00,2026,11,November,28,Saturday,48,15,12.0,REGULAR_SEASON,SCHEDULED,57,Arsenal FC,65,Manchester City FC,-1,-1,
560653,2021,Premier League,2502,2026-11-28 15:00:00+00:00,2026-11-28,15:00:00,2026,11,November,28,Saturday,48,15,12.0,REGULAR_SEASON,SCHEDULED,349,Ipswich Town FC,58,Aston Villa FC,-1,-1,
560652,2021,Premier League,2502,2026-11-28 15:00:00+00:00,2026-11-28,15:00:00,2026,11,November,28,Saturday,48,15,12.0,REGULAR_SEASON,SCHEDULED,341,Leeds United FC,1076,Coventry City FC,-1,-1,
560658,2021,Premier League,2502,2026-11-28 15:00:00+00:00,2026-11-28,15:00:00,2026,11,November,28,Saturday,48,15,12.0,REGULAR_SEASON,SCHEDULED,351,Nottingham Forest FC,61,Chelsea FC,-1,-1,
560661,2021,Premier League,2502,2026-11-28 15:00:00+00:00,2026-11-28,15:00:00,2026,11,November,28,Saturday,48,15,12.0,REGULAR_SEASON,SCHEDULED,354,Crystal Palace FC,322,Hull City AFC,-1,-1,
560659,2021,Premier League,2502,2026-11-28 15:00:00+00:00,2026-11-28,15:00:00,2026,11,November,28,Saturday,48,15,12.0,REGULAR_SEASON,SCHEDULED,397,Brighton & Hove Albion FC,67,Newcastle United FC,-1,-1,
564758,2014,Primera Division,2518,2026-11-29 16:00:00+00:00,2026-11-29,16:00:00,2026,11,November,29,Sunday,48,16,14.0,REGULAR_SEASON,SCHEDULED,558,RC Celta de Vigo,94,Villarreal CF,-1,-1,
564759,2014,Primera Division,2518,2026-11-29 16:00:00+00:00,2026-11-29,16:00:00,2026,11,November,29,Sunday,48,16,14.0,REGULAR_SEASON,SCHEDULED,285,Elche CF,78,Club Atlético de Madrid,-1,-1,
564760,2014,Primera Division,2518,2026-11-29 16:00:00+00:00,2026-11-29,16:00:00,2026,11,November,29,Sunday,48,16,14.0,REGULAR_SEASON,SCHEDULED,90,Real Betis Balompié,87,Rayo Vallecano de Madrid,-1,-1,
564761,2014,Primera Division,2518,2026-11-29 16:00:00+00:00,2026-11-29,16:00:00,2026,11,November,29,Sunday,48,16,14.0,REGULAR_SEASON,SCHEDULED,95,Valencia CF,79,CA Osasuna,-1,-1,
564762,2014,Primera Division,2518,2026-11-29 16:00:00+00:00,2026-11-29,16:00:00,2026,11,November,29,Sunday,48,16,14.0,REGULAR_SEASON,SCHEDULED,86,Real Madrid CF,263,Deportivo Alavés,-1,-1,
564763,2014,Primera Division,2518,2026-11-29 16:00:00+00:00,2026-11-29,16:00:00,2026,11,November,29,Sunday,48,16,14.0,REGULAR_SEASON,SCHEDULED,80,RCD Espanyol de Barcelona,82,Getafe CF,-1,-1,
564764,2014,Primera Division,2518,2026-11-29 16:00:00+00:00,2026-11-29,16:00:00,2026,11,November,29,Sunday,48,16,14.0,REGULAR_SEASON,SCHEDULED,92,Real Sociedad de Fútbol,559,Sevilla FC,-1,-1,
564765,2014,Primera Division,2518,2026-11-29 16:00:00+00:00,2026-11-29,16:00:00,2026,11,November,29,Sunday,48,16,14.0,REGULAR_SEASON,SCHEDULED,88,Levante UD,5335,Real Racing Club de Santander,-1,-1,
564766,2014,Primera Division,2518,2026-11-29 16:00:00+00:00,2026-11-29,16:00:00,2026,11,November,29,Sunday,48,16,14.0,REGULAR_SEASON,SCHEDULED,560,RC Deportivo La Coruña,81,FC Barcelona,-1,-1,
564767,2014,Primera Division,2518,2026-11-29 16:00:00+00:00,2026-11-29,16:00:00,2026,11,November,29,Sunday,48,16,14.0,REGULAR_SEASON,SCHEDULED,84,Málaga CF,77,Athletic Club,-1,-1,
558511,2019,Serie A,2494,2026-11-29 17:30:00+00:00,2026-11-29,17:30:00,2026,11,November,29,Sunday,48,17,13.0,REGULAR_SEASON,SCHEDULED,7397,Como 1907,109,Juventus FC,-1,-1,
558509,2019,Serie A,2494,2026-11-29 17:30:00+00:00,2026-11-29,17:30:00,2026,11,November,29,Sunday,48,17,13.0,REGULAR_SEASON,SCHEDULED,471,US Sassuolo Calcio,113,SSC Napoli,-1,-1,
558518,2019,Serie A,2494,2026-11-29 17:30:00+00:00,2026-11-29,17:30:00,2026,11,November,29,Sunday,48,17,13.0,REGULAR_SEASON,SCHEDULED,108,FC Internazionale Milano,107,Genoa CFC,-1,-1,
558510,2019,Serie A,2494,2026-11-29 17:30:00+00:00,2026-11-29,17:30:00,2026,11,November,29,Sunday,48,17,13.0,REGULAR_SEASON,SCHEDULED,104,Cagliari Calcio,98,AC Milan,-1,-1,
558517,2019,Serie A,2494,2026-11-29 17:30:00+00:00,2026-11-29,17:30:00,2026,11,November,29,Sunday,48,17,13.0,REGULAR_SEASON,SCHEDULED,115,Udinese Calcio,99,ACF Fiorentina,-1,-1,
558512,2019,Serie A,2494,2026-11-29 17:30:00+00:00,2026-11-29,17:30:00,2026,11,November,29,Sunday,48,17,13.0,REGULAR_SEASON,SCHEDULED,100,AS Roma,5911,AC Monza,-1,-1,
558513,2019,Serie A,2494,2026-11-29 17:30:00+00:00,2026-11-29,17:30:00,2026,11,November,29,Sunday,48,17,13.0,REGULAR_SEASON,SCHEDULED,470,Frosinone Calcio,112,Parma Calcio 1913,-1,-1,
558514,2019,Serie A,2494,2026-11-29 17:30:00+00:00,2026-11-29,17:30:00,2026,11,November,29,Sunday,48,17,13.0,REGULAR_SEASON,SCHEDULED,586,Torino FC,110,SS Lazio,-1,-1,
558516,2019,Serie A,2494,2026-11-29 17:30:00+00:00,2026-11-29,17:30:00,2026,11,November,29,Sunday,48,17,13.0,REGULAR_SEASON,SCHEDULED,5890,US Lecce,102,Atalanta BC,-1,-1,
558515,2019,Serie A,2494,2026-11-29 17:30:00+00:00,2026-11-29,17:30:00,2026,11,November,29,Sunday,48,17,13.0,REGULAR_SEASON,SCHEDULED,454,Venezia FC,103,Bologna FC 1909,-1,-1,
560668,2021,Premier League,2502,2026-12-02 20:00:00+00:00,2026-12-02,20:00:00,2026,12,December,2,Wednesday,49,20,13.0,REGULAR_SEASON,SCHEDULED,1076,Coventry City FC,349,Ipswich Town FC,-1,-1,
560669,2021,Premier League,2502,2026-12-02 20:00:00+00:00,2026-12-02,20:00:00,2026,12,December,2,Wednesday,49,20,13.0,REGULAR_SEASON,SCHEDULED,65,Manchester City FC,341,Leeds United FC,-1,-1,
560671,2021,Premier League,2502,2026-12-02 20:00:00+00:00,2026-12-02,20:00:00,2026,12,December,2,Wednesday,49,20,13.0,REGULAR_SEASON,SCHEDULED,1044,AFC Bournemouth,397,Brighton & Hove Albion FC,-1,-1,
560670,2021,Premier League,2502,2026-12-02 20:00:00+00:00,2026-12-02,20:00:00,2026,12,December,2,Wednesday,49,20,13.0,REGULAR_SEASON,SCHEDULED,67,Newcastle United FC,66,Manchester United FC,-1,-1,
560662,2021,Premier League,2502,2026-12-02 20:00:00+00:00,2026-12-02,20:00:00,2026,12,December,2,Wednesday,49,20,13.0,REGULAR_SEASON,SCHEDULED,73,Tottenham Hotspur FC,63,Fulham FC,-1,-1,
560663,2021,Premier League,2502,2026-12-02 20:00:00+00:00,2026-12-02,20:00:00,2026,12,December,2,Wednesday,49,20,13.0,REGULAR_SEASON,SCHEDULED,64,Liverpool FC,71,Sunderland AFC,-1,-1,
560664,2021,Premier League,2502,2026-12-02 20:00:00+00:00,2026-12-02,20:00:00,2026,12,December,2,Wednesday,49,20,13.0,REGULAR_SEASON,SCHEDULED,322,Hull City AFC,351,Nottingham Forest FC,-1,-1,
560665,2021,Premier League,2502,2026-12-02 20:00:00+00:00,2026-12-02,20:00:00,2026,12,December,2,Wednesday,49,20,13.0,REGULAR_SEASON,SCHEDULED,61,Chelsea FC,354,Crystal Palace FC,-1,-1,
560666,2021,Premier League,2502,2026-12-02 20:00:00+00:00,2026-12-02,20:00:00,2026,12,December,2,Wednesday,49,20,13.0,REGULAR_SEASON,SCHEDULED,58,Aston Villa FC,62,Everton FC,-1,-1,
560667,2021,Premier League,2502,2026-12-02 20:00:00+00:00,2026-12-02,20:00:00,2026,12,December,2,Wednesday,49,20,13.0,REGULAR_SEASON,SCHEDULED,402,Brentford FC,57,Arsenal FC,-1,-1,
565883,2002,Bundesliga,2522,2026-12-05 00:00:00+00:00,2026-12-05,00:00:00,2026,12,December,5,Saturday,49,0,12.0,REGULAR_SEASON,SCHEDULED,16,FC Augsburg,1,1. FC Köln,-1,-1,
565881,2002,Bundesliga,2522,2026-12-05 00:00:00+00:00,2026-12-05,00:00:00,2026,12,December,5,Saturday,49,0,12.0,REGULAR_SEASON,SCHEDULED,17,SC Freiburg,2,TSG 1899 Hoffenheim,-1,-1,
565882,2002,Bundesliga,2522,2026-12-05 00:00:00+00:00,2026-12-05,00:00:00,2026,12,December,5,Saturday,49,0,12.0,REGULAR_SEASON,SCHEDULED,5,FC Bayern München,29,SC Paderborn 07,-1,-1,
565879,2002,Bundesliga,2522,2026-12-05 00:00:00+00:00,2026-12-05,00:00:00,2026,12,December,5,Saturday,49,0,12.0,REGULAR_SEASON,SCHEDULED,721,RB Leipzig,15,1. FSV Mainz 05,-1,-1,
565878,2002,Bundesliga,2522,2026-12-05 00:00:00+00:00,2026-12-05,00:00:00,2026,12,December,5,Saturday,49,0,12.0,REGULAR_SEASON,SCHEDULED,19,Eintracht Frankfurt,12,SV Werder Bremen,-1,-1,
565877,2002,Bundesliga,2522,2026-12-05 00:00:00+00:00,2026-12-05,00:00:00,2026,12,December,5,Saturday,49,0,12.0,REGULAR_SEASON,SCHEDULED,3,Bayer 04 Leverkusen,18,Borussia Mönchengladbach,-1,-1,
565880,2002,Bundesliga,2522,2026-12-05 00:00:00+00:00,2026-12-05,00:00:00,2026,12,December,5,Saturday,49,0,12.0,REGULAR_SEASON,SCHEDULED,719,SV 07 Elversberg,10,VfB Stuttgart,-1,-1,
565875,2002,Bundesliga,2522,2026-12-05 00:00:00+00:00,2026-12-05,00:00:00,2026,12,December,5,Saturday,49,0,12.0,REGULAR_SEASON,SCHEDULED,28,1. FC Union Berlin,7,Hamburger SV,-1,-1,
565876,2002,Bundesliga,2522,2026-12-05 00:00:00+00:00,2026-12-05,00:00:00,2026,12,December,5,Saturday,49,0,12.0,REGULAR_SEASON,SCHEDULED,6,FC Schalke 04,4,Borussia Dortmund,-1,-1,
560672,2021,Premier League,2502,2026-12-05 15:00:00+00:00,2026-12-05,15:00:00,2026,12,December,5,Saturday,49,15,14.0,REGULAR_SEASON,SCHEDULED,73,Tottenham Hotspur FC,57,Arsenal FC,-1,-1,
560673,2021,Premier League,2502,2026-12-05 15:00:00+00:00,2026-12-05,15:00:00,2026,12,December,5,Saturday,49,15,14.0,REGULAR_SEASON,SCHEDULED,66,Manchester United FC,1076,Coventry City FC,-1,-1,
560674,2021,Premier League,2502,2026-12-05 15:00:00+00:00,2026-12-05,15:00:00,2026,12,December,5,Saturday,49,15,14.0,REGULAR_SEASON,SCHEDULED,341,Leeds United FC,349,Ipswich Town FC,-1,-1,
560675,2021,Premier League,2502,2026-12-05 15:00:00+00:00,2026-12-05,15:00:00,2026,12,December,5,Saturday,49,15,14.0,REGULAR_SEASON,SCHEDULED,67,Newcastle United FC,71,Sunderland AFC,-1,-1,
560676,2021,Premier League,2502,2026-12-05 15:00:00+00:00,2026-12-05,15:00:00,2026,12,December,5,Saturday,49,15,14.0,REGULAR_SEASON,SCHEDULED,61,Chelsea FC,64,Liverpool FC,-1,-1,
560677,2021,Premier League,2502,2026-12-05 15:00:00+00:00,2026-12-05,15:00:00,2026,12,December,5,Saturday,49,15,14.0,REGULAR_SEASON,SCHEDULED,402,Brentford FC,65,Manchester City FC,-1,-1,
560678,2021,Premier League,2502,2026-12-05 15:00:00+00:00,2026-12-05,15:00:00,2026,12,December,5,Saturday,49,15,14.0,REGULAR_SEASON,SCHEDULED,1044,AFC Bournemouth,322,Hull City AFC,-1,-1,
560679,2021,Premier League,2502,2026-12-05 15:00:00+00:00,2026-12-05,15:00:00,2026,12,December,5,Saturday,49,15,14.0,REGULAR_SEASON,SCHEDULED,58,Aston Villa FC,354,Crystal Palace FC,-1,-1,
560680,2021,Premier League,2502,2026-12-05 15:00:00+00:00,2026-12-05,15:00:00,2026,12,December,5,Saturday,49,15,14.0,REGULAR_SEASON,SCHEDULED,351,Nottingham Forest FC,397,Brighton & Hove Albion FC,-1,-1,
560681,2021,Premier League,2502,2026-12-05 15:00:00+00:00,2026-12-05,15:00:00,2026,12,December,5,Saturday,49,15,14.0,REGULAR_SEASON,SCHEDULED,62,Everton FC,63,Fulham FC,-1,-1,
564768,2014,Primera Division,2518,2026-12-06 16:00:00+00:00,2026-12-06,16:00:00,2026,12,December,6,Sunday,49,16,15.0,REGULAR_SEASON,SCHEDULED,79,CA Osasuna,285,Elche CF,-1,-1,
564769,2014,Primera Division,2518,2026-12-06 16:00:00+00:00,2026-12-06,16:00:00,2026,12,December,6,Sunday,49,16,15.0,REGULAR_SEASON,SCHEDULED,559,Sevilla FC,84,Málaga CF,-1,-1,
564770,2014,Primera Division,2518,2026-12-06 16:00:00+00:00,2026-12-06,16:00:00,2026,12,December,6,Sunday,49,16,15.0,REGULAR_SEASON,SCHEDULED,263,Deportivo Alavés,80,RCD Espanyol de Barcelona,-1,-1,
564771,2014,Primera Division,2518,2026-12-06 16:00:00+00:00,2026-12-06,16:00:00,2026,12,December,6,Sunday,49,16,15.0,REGULAR_SEASON,SCHEDULED,78,Club Atlético de Madrid,90,Real Betis Balompié,-1,-1,
564777,2014,Primera Division,2518,2026-12-06 16:00:00+00:00,2026-12-06,16:00:00,2026,12,December,6,Sunday,49,16,15.0,REGULAR_SEASON,SCHEDULED,87,Rayo Vallecano de Madrid,88,Levante UD,-1,-1,
564773,2014,Primera Division,2518,2026-12-06 16:00:00+00:00,2026-12-06,16:00:00,2026,12,December,6,Sunday,49,16,15.0,REGULAR_SEASON,SCHEDULED,81,FC Barcelona,558,RC Celta de Vigo,-1,-1,
564774,2014,Primera Division,2518,2026-12-06 16:00:00+00:00,2026-12-06,16:00:00,2026,12,December,6,Sunday,49,16,15.0,REGULAR_SEASON,SCHEDULED,82,Getafe CF,95,Valencia CF,-1,-1,
564775,2014,Primera Division,2518,2026-12-06 16:00:00+00:00,2026-12-06,16:00:00,2026,12,December,6,Sunday,49,16,15.0,REGULAR_SEASON,SCHEDULED,77,Athletic Club,86,Real Madrid CF,-1,-1,
564776,2014,Primera Division,2518,2026-12-06 16:00:00+00:00,2026-12-06,16:00:00,2026,12,December,6,Sunday,49,16,15.0,REGULAR_SEASON,SCHEDULED,94,Villarreal CF,92,Real Sociedad de Fútbol,-1,-1,
564772,2014,Primera Division,2518,2026-12-06 16:00:00+00:00,2026-12-06,16:00:00,2026,12,December,6,Sunday,49,16,15.0,REGULAR_SEASON,SCHEDULED,5335,Real Racing Club de Santander,560,RC Deportivo La Coruña,-1,-1,
558508,2019,Serie A,2494,2026-12-06 17:30:00+00:00,2026-12-06,17:30:00,2026,12,December,6,Sunday,49,17,14.0,REGULAR_SEASON,SCHEDULED,113,SSC Napoli,5890,US Lecce,-1,-1,
558507,2019,Serie A,2494,2026-12-06 17:30:00+00:00,2026-12-06,17:30:00,2026,12,December,6,Sunday,49,17,14.0,REGULAR_SEASON,SCHEDULED,5911,AC Monza,7397,Como 1907,-1,-1,
558506,2019,Serie A,2494,2026-12-06 17:30:00+00:00,2026-12-06,17:30:00,2026,12,December,6,Sunday,49,17,14.0,REGULAR_SEASON,SCHEDULED,454,Venezia FC,471,US Sassuolo Calcio,-1,-1,
558505,2019,Serie A,2494,2026-12-06 17:30:00+00:00,2026-12-06,17:30:00,2026,12,December,6,Sunday,49,17,14.0,REGULAR_SEASON,SCHEDULED,98,AC Milan,112,Parma Calcio 1913,-1,-1,
558502,2019,Serie A,2494,2026-12-06 17:30:00+00:00,2026-12-06,17:30:00,2026,12,December,6,Sunday,49,17,14.0,REGULAR_SEASON,SCHEDULED,103,Bologna FC 1909,100,AS Roma,-1,-1,
558503,2019,Serie A,2494,2026-12-06 17:30:00+00:00,2026-12-06,17:30:00,2026,12,December,6,Sunday,49,17,14.0,REGULAR_SEASON,SCHEDULED,99,ACF Fiorentina,104,Cagliari Calcio,-1,-1,
558501,2019,Serie A,2494,2026-12-06 17:30:00+00:00,2026-12-06,17:30:00,2026,12,December,6,Sunday,49,17,14.0,REGULAR_SEASON,SCHEDULED,470,Frosinone Calcio,108,FC Internazionale Milano,-1,-1,
558500,2019,Serie A,2494,2026-12-06 17:30:00+00:00,2026-12-06,17:30:00,2026,12,December,6,Sunday,49,17,14.0,REGULAR_SEASON,SCHEDULED,109,Juventus FC,115,Udinese Calcio,-1,-1,
558499,2019,Serie A,2494,2026-12-06 17:30:00+00:00,2026-12-06,17:30:00,2026,12,December,6,Sunday,49,17,14.0,REGULAR_SEASON,SCHEDULED,107,Genoa CFC,586,Torino FC,-1,-1,
558504,2019,Serie A,2494,2026-12-06 17:30:00+00:00,2026-12-06,17:30:00,2026,12,December,6,Sunday,49,17,14.0,REGULAR_SEASON,SCHEDULED,110,SS Lazio,102,Atalanta BC,-1,-1,
565884,2002,Bundesliga,2522,2026-12-12 00:00:00+00:00,2026-12-12,00:00:00,2026,12,December,12,Saturday,50,0,13.0,REGULAR_SEASON,SCHEDULED,29,SC Paderborn 07,719,SV 07 Elversberg,-1,-1,
565885,2002,Bundesliga,2522,2026-12-12 00:00:00+00:00,2026-12-12,00:00:00,2026,12,December,12,Saturday,50,0,13.0,REGULAR_SEASON,SCHEDULED,12,SV Werder Bremen,3,Bayer 04 Leverkusen,-1,-1,
565887,2002,Bundesliga,2522,2026-12-12 00:00:00+00:00,2026-12-12,00:00:00,2026,12,December,12,Saturday,50,0,13.0,REGULAR_SEASON,SCHEDULED,4,Borussia Dortmund,16,FC Augsburg,-1,-1,
565888,2002,Bundesliga,2522,2026-12-12 00:00:00+00:00,2026-12-12,00:00:00,2026,12,December,12,Saturday,50,0,13.0,REGULAR_SEASON,SCHEDULED,7,Hamburger SV,6,FC Schalke 04,-1,-1,
565886,2002,Bundesliga,2522,2026-12-12 00:00:00+00:00,2026-12-12,00:00:00,2026,12,December,12,Saturday,50,0,13.0,REGULAR_SEASON,SCHEDULED,10,VfB Stuttgart,28,1. FC Union Berlin,-1,-1,
565890,2002,Bundesliga,2522,2026-12-12 00:00:00+00:00,2026-12-12,00:00:00,2026,12,December,12,Saturday,50,0,13.0,REGULAR_SEASON,SCHEDULED,1,1. FC Köln,721,RB Leipzig,-1,-1,
565891,2002,Bundesliga,2522,2026-12-12 00:00:00+00:00,2026-12-12,00:00:00,2026,12,December,12,Saturday,50,0,13.0,REGULAR_SEASON,SCHEDULED,2,TSG 1899 Hoffenheim,5,FC Bayern München,-1,-1,
565892,2002,Bundesliga,2522,2026-12-12 00:00:00+00:00,2026-12-12,00:00:00,2026,12,December,12,Saturday,50,0,13.0,REGULAR_SEASON,SCHEDULED,18,Borussia Mönchengladbach,19,Eintracht Frankfurt,-1,-1,
565889,2002,Bundesliga,2522,2026-12-12 00:00:00+00:00,2026-12-12,00:00:00,2026,12,December,12,Saturday,50,0,13.0,REGULAR_SEASON,SCHEDULED,15,1. FSV Mainz 05,17,SC Freiburg,-1,-1,
560690,2021,Premier League,2502,2026-12-12 15:00:00+00:00,2026-12-12,15:00:00,2026,12,December,12,Saturday,50,15,15.0,REGULAR_SEASON,SCHEDULED,64,Liverpool FC,341,Leeds United FC,-1,-1,
560682,2021,Premier League,2502,2026-12-12 15:00:00+00:00,2026-12-12,15:00:00,2026,12,December,12,Saturday,50,15,15.0,REGULAR_SEASON,SCHEDULED,71,Sunderland AFC,351,Nottingham Forest FC,-1,-1,
560683,2021,Premier League,2502,2026-12-12 15:00:00+00:00,2026-12-12,15:00:00,2026,12,December,12,Saturday,50,15,15.0,REGULAR_SEASON,SCHEDULED,354,Crystal Palace FC,66,Manchester United FC,-1,-1,
560684,2021,Premier League,2502,2026-12-12 15:00:00+00:00,2026-12-12,15:00:00,2026,12,December,12,Saturday,50,15,15.0,REGULAR_SEASON,SCHEDULED,322,Hull City AFC,73,Tottenham Hotspur FC,-1,-1,
560685,2021,Premier League,2502,2026-12-12 15:00:00+00:00,2026-12-12,15:00:00,2026,12,December,12,Saturday,50,15,15.0,REGULAR_SEASON,SCHEDULED,397,Brighton & Hove Albion FC,62,Everton FC,-1,-1,
560686,2021,Premier League,2502,2026-12-12 15:00:00+00:00,2026-12-12,15:00:00,2026,12,December,12,Saturday,50,15,15.0,REGULAR_SEASON,SCHEDULED,349,Ipswich Town FC,67,Newcastle United FC,-1,-1,
560687,2021,Premier League,2502,2026-12-12 15:00:00+00:00,2026-12-12,15:00:00,2026,12,December,12,Saturday,50,15,15.0,REGULAR_SEASON,SCHEDULED,1076,Coventry City FC,58,Aston Villa FC,-1,-1,
560688,2021,Premier League,2502,2026-12-12 15:00:00+00:00,2026-12-12,15:00:00,2026,12,December,12,Saturday,50,15,15.0,REGULAR_SEASON,SCHEDULED,57,Arsenal FC,1044,AFC Bournemouth,-1,-1,
560689,2021,Premier League,2502,2026-12-12 15:00:00+00:00,2026-12-12,15:00:00,2026,12,December,12,Saturday,50,15,15.0,REGULAR_SEASON,SCHEDULED,65,Manchester City FC,61,Chelsea FC,-1,-1,
560691,2021,Premier League,2502,2026-12-12 15:00:00+00:00,2026-12-12,15:00:00,2026,12,December,12,Saturday,50,15,15.0,REGULAR_SEASON,SCHEDULED,63,Fulham FC,402,Brentford FC,-1,-1,
564780,2014,Primera Division,2518,2026-12-13 16:00:00+00:00,2026-12-13,16:00:00,2026,12,December,13,Sunday,50,16,16.0,REGULAR_SEASON,SCHEDULED,86,Real Madrid CF,79,CA Osasuna,-1,-1,
564787,2014,Primera Division,2518,2026-12-13 16:00:00+00:00,2026-12-13,16:00:00,2026,12,December,13,Sunday,50,16,16.0,REGULAR_SEASON,SCHEDULED,78,Club Atlético de Madrid,95,Valencia CF,-1,-1,
564779,2014,Primera Division,2518,2026-12-13 16:00:00+00:00,2026-12-13,16:00:00,2026,12,December,13,Sunday,50,16,16.0,REGULAR_SEASON,SCHEDULED,84,Málaga CF,81,FC Barcelona,-1,-1,
564781,2014,Primera Division,2518,2026-12-13 16:00:00+00:00,2026-12-13,16:00:00,2026,12,December,13,Sunday,50,16,16.0,REGULAR_SEASON,SCHEDULED,560,RC Deportivo La Coruña,77,Athletic Club,-1,-1,
564782,2014,Primera Division,2518,2026-12-13 16:00:00+00:00,2026-12-13,16:00:00,2026,12,December,13,Sunday,50,16,16.0,REGULAR_SEASON,SCHEDULED,88,Levante UD,263,Deportivo Alavés,-1,-1,
564783,2014,Primera Division,2518,2026-12-13 16:00:00+00:00,2026-12-13,16:00:00,2026,12,December,13,Sunday,50,16,16.0,REGULAR_SEASON,SCHEDULED,285,Elche CF,559,Sevilla FC,-1,-1,
564784,2014,Primera Division,2518,2026-12-13 16:00:00+00:00,2026-12-13,16:00:00,2026,12,December,13,Sunday,50,16,16.0,REGULAR_SEASON,SCHEDULED,94,Villarreal CF,87,Rayo Vallecano de Madrid,-1,-1,
564785,2014,Primera Division,2518,2026-12-13 16:00:00+00:00,2026-12-13,16:00:00,2026,12,December,13,Sunday,50,16,16.0,REGULAR_SEASON,SCHEDULED,90,Real Betis Balompié,5335,Real Racing Club de Santander,-1,-1,
564786,2014,Primera Division,2518,2026-12-13 16:00:00+00:00,2026-12-13,16:00:00,2026,12,December,13,Sunday,50,16,16.0,REGULAR_SEASON,SCHEDULED,92,Real Sociedad de Fútbol,82,Getafe CF,-1,-1,
564778,2014,Primera Division,2518,2026-12-13 16:00:00+00:00,2026-12-13,16:00:00,2026,12,December,13,Sunday,50,16,16.0,REGULAR_SEASON,SCHEDULED,80,RCD Espanyol de Barcelona,558,RC Celta de Vigo,-1,-1,
558498,2019,Serie A,2494,2026-12-13 17:30:00+00:00,2026-12-13,17:30:00,2026,12,December,13,Sunday,50,17,15.0,REGULAR_SEASON,SCHEDULED,110,SS Lazio,100,AS Roma,-1,-1,
558496,2019,Serie A,2494,2026-12-13 17:30:00+00:00,2026-12-13,17:30:00,2026,12,December,13,Sunday,50,17,15.0,REGULAR_SEASON,SCHEDULED,109,Juventus FC,5911,AC Monza,-1,-1,
558495,2019,Serie A,2494,2026-12-13 17:30:00+00:00,2026-12-13,17:30:00,2026,12,December,13,Sunday,50,17,15.0,REGULAR_SEASON,SCHEDULED,108,FC Internazionale Milano,586,Torino FC,-1,-1,
558494,2019,Serie A,2494,2026-12-13 17:30:00+00:00,2026-12-13,17:30:00,2026,12,December,13,Sunday,50,17,15.0,REGULAR_SEASON,SCHEDULED,104,Cagliari Calcio,454,Venezia FC,-1,-1,
558493,2019,Serie A,2494,2026-12-13 17:30:00+00:00,2026-12-13,17:30:00,2026,12,December,13,Sunday,50,17,15.0,REGULAR_SEASON,SCHEDULED,112,Parma Calcio 1913,99,ACF Fiorentina,-1,-1,
558492,2019,Serie A,2494,2026-12-13 17:30:00+00:00,2026-12-13,17:30:00,2026,12,December,13,Sunday,50,17,15.0,REGULAR_SEASON,SCHEDULED,5890,US Lecce,471,US Sassuolo Calcio,-1,-1,
558491,2019,Serie A,2494,2026-12-13 17:30:00+00:00,2026-12-13,17:30:00,2026,12,December,13,Sunday,50,17,15.0,REGULAR_SEASON,SCHEDULED,115,Udinese Calcio,470,Frosinone Calcio,-1,-1,
558490,2019,Serie A,2494,2026-12-13 17:30:00+00:00,2026-12-13,17:30:00,2026,12,December,13,Sunday,50,17,15.0,REGULAR_SEASON,SCHEDULED,7397,Como 1907,103,Bologna FC 1909,-1,-1,
558489,2019,Serie A,2494,2026-12-13 17:30:00+00:00,2026-12-13,17:30:00,2026,12,December,13,Sunday,50,17,15.0,REGULAR_SEASON,SCHEDULED,113,SSC Napoli,98,AC Milan,-1,-1,
558497,2019,Serie A,2494,2026-12-13 17:30:00+00:00,2026-12-13,17:30:00,2026,12,December,13,Sunday,50,17,15.0,REGULAR_SEASON,SCHEDULED,102,Atalanta BC,107,Genoa CFC,-1,-1,
565901,2002,Bundesliga,2522,2026-12-19 00:00:00+00:00,2026-12-19,00:00:00,2026,12,December,19,Saturday,51,0,14.0,REGULAR_SEASON,SCHEDULED,16,FC Augsburg,29,SC Paderborn 07,-1,-1,
565900,2002,Bundesliga,2522,2026-12-19 00:00:00+00:00,2026-12-19,00:00:00,2026,12,December,19,Saturday,51,0,14.0,REGULAR_SEASON,SCHEDULED,28,1. FC Union Berlin,2,TSG 1899 Hoffenheim,-1,-1,
565899,2002,Bundesliga,2522,2026-12-19 00:00:00+00:00,2026-12-19,00:00:00,2026,12,December,19,Saturday,51,0,14.0,REGULAR_SEASON,SCHEDULED,15,1. FSV Mainz 05,1,1. FC Köln,-1,-1,
565898,2002,Bundesliga,2522,2026-12-19 00:00:00+00:00,2026-12-19,00:00:00,2026,12,December,19,Saturday,51,0,14.0,REGULAR_SEASON,SCHEDULED,721,RB Leipzig,4,Borussia Dortmund,-1,-1,
565896,2002,Bundesliga,2522,2026-12-19 00:00:00+00:00,2026-12-19,00:00:00,2026,12,December,19,Saturday,51,0,14.0,REGULAR_SEASON,SCHEDULED,3,Bayer 04 Leverkusen,19,Eintracht Frankfurt,-1,-1,
565895,2002,Bundesliga,2522,2026-12-19 00:00:00+00:00,2026-12-19,00:00:00,2026,12,December,19,Saturday,51,0,14.0,REGULAR_SEASON,SCHEDULED,719,SV 07 Elversberg,7,Hamburger SV,-1,-1,
565894,2002,Bundesliga,2522,2026-12-19 00:00:00+00:00,2026-12-19,00:00:00,2026,12,December,19,Saturday,51,0,14.0,REGULAR_SEASON,SCHEDULED,5,FC Bayern München,12,SV Werder Bremen,-1,-1,
565893,2002,Bundesliga,2522,2026-12-19 00:00:00+00:00,2026-12-19,00:00:00,2026,12,December,19,Saturday,51,0,14.0,REGULAR_SEASON,SCHEDULED,6,FC Schalke 04,18,Borussia Mönchengladbach,-1,-1,
565897,2002,Bundesliga,2522,2026-12-19 00:00:00+00:00,2026-12-19,00:00:00,2026,12,December,19,Saturday,51,0,14.0,REGULAR_SEASON,SCHEDULED,17,SC Freiburg,10,VfB Stuttgart,-1,-1,
560699,2021,Premier League,2502,2026-12-19 15:00:00+00:00,2026-12-19,15:00:00,2026,12,December,19,Saturday,51,15,16.0,REGULAR_SEASON,SCHEDULED,57,Arsenal FC,66,Manchester United FC,-1,-1,
560701,2021,Premier League,2502,2026-12-19 15:00:00+00:00,2026-12-19,15:00:00,2026,12,December,19,Saturday,51,15,16.0,REGULAR_SEASON,SCHEDULED,61,Chelsea FC,58,Aston Villa FC,-1,-1,
560692,2021,Premier League,2502,2026-12-19 15:00:00+00:00,2026-12-19,15:00:00,2026,12,December,19,Saturday,51,15,16.0,REGULAR_SEASON,SCHEDULED,341,Leeds United FC,63,Fulham FC,-1,-1,
560693,2021,Premier League,2502,2026-12-19 15:00:00+00:00,2026-12-19,15:00:00,2026,12,December,19,Saturday,51,15,16.0,REGULAR_SEASON,SCHEDULED,397,Brighton & Hove Albion FC,349,Ipswich Town FC,-1,-1,
560694,2021,Premier League,2502,2026-12-19 15:00:00+00:00,2026-12-19,15:00:00,2026,12,December,19,Saturday,51,15,16.0,REGULAR_SEASON,SCHEDULED,351,Nottingham Forest FC,62,Everton FC,-1,-1,
560695,2021,Premier League,2502,2026-12-19 15:00:00+00:00,2026-12-19,15:00:00,2026,12,December,19,Saturday,51,15,16.0,REGULAR_SEASON,SCHEDULED,402,Brentford FC,67,Newcastle United FC,-1,-1,
560696,2021,Premier League,2502,2026-12-19 15:00:00+00:00,2026-12-19,15:00:00,2026,12,December,19,Saturday,51,15,16.0,REGULAR_SEASON,SCHEDULED,65,Manchester City FC,322,Hull City AFC,-1,-1,
560697,2021,Premier League,2502,2026-12-19 15:00:00+00:00,2026-12-19,15:00:00,2026,12,December,19,Saturday,51,15,16.0,REGULAR_SEASON,SCHEDULED,71,Sunderland AFC,354,Crystal Palace FC,-1,-1,
560698,2021,Premier League,2502,2026-12-19 15:00:00+00:00,2026-12-19,15:00:00,2026,12,December,19,Saturday,51,15,16.0,REGULAR_SEASON,SCHEDULED,1044,AFC Bournemouth,1076,Coventry City FC,-1,-1,
560700,2021,Premier League,2502,2026-12-19 15:00:00+00:00,2026-12-19,15:00:00,2026,12,December,19,Saturday,51,15,16.0,REGULAR_SEASON,SCHEDULED,64,Liverpool FC,73,Tottenham Hotspur FC,-1,-1,
564788,2014,Primera Division,2518,2026-12-20 16:00:00+00:00,2026-12-20,16:00:00,2026,12,December,20,Sunday,51,16,17.0,REGULAR_SEASON,SCHEDULED,77,Athletic Club,90,Real Betis Balompié,-1,-1,
564797,2014,Primera Division,2518,2026-12-20 16:00:00+00:00,2026-12-20,16:00:00,2026,12,December,20,Sunday,51,16,17.0,REGULAR_SEASON,SCHEDULED,559,Sevilla FC,5335,Real Racing Club de Santander,-1,-1,
564796,2014,Primera Division,2518,2026-12-20 16:00:00+00:00,2026-12-20,16:00:00,2026,12,December,20,Sunday,51,16,17.0,REGULAR_SEASON,SCHEDULED,560,RC Deportivo La Coruña,86,Real Madrid CF,-1,-1,
564795,2014,Primera Division,2518,2026-12-20 16:00:00+00:00,2026-12-20,16:00:00,2026,12,December,20,Sunday,51,16,17.0,REGULAR_SEASON,SCHEDULED,87,Rayo Vallecano de Madrid,84,Málaga CF,-1,-1,
564794,2014,Primera Division,2518,2026-12-20 16:00:00+00:00,2026-12-20,16:00:00,2026,12,December,20,Sunday,51,16,17.0,REGULAR_SEASON,SCHEDULED,558,RC Celta de Vigo,78,Club Atlético de Madrid,-1,-1,
564793,2014,Primera Division,2518,2026-12-20 16:00:00+00:00,2026-12-20,16:00:00,2026,12,December,20,Sunday,51,16,17.0,REGULAR_SEASON,SCHEDULED,81,FC Barcelona,92,Real Sociedad de Fútbol,-1,-1,
564792,2014,Primera Division,2518,2026-12-20 16:00:00+00:00,2026-12-20,16:00:00,2026,12,December,20,Sunday,51,16,17.0,REGULAR_SEASON,SCHEDULED,79,CA Osasuna,94,Villarreal CF,-1,-1,
564791,2014,Primera Division,2518,2026-12-20 16:00:00+00:00,2026-12-20,16:00:00,2026,12,December,20,Sunday,51,16,17.0,REGULAR_SEASON,SCHEDULED,95,Valencia CF,80,RCD Espanyol de Barcelona,-1,-1,
564790,2014,Primera Division,2518,2026-12-20 16:00:00+00:00,2026-12-20,16:00:00,2026,12,December,20,Sunday,51,16,17.0,REGULAR_SEASON,SCHEDULED,263,Deportivo Alavés,285,Elche CF,-1,-1,
564789,2014,Primera Division,2518,2026-12-20 16:00:00+00:00,2026-12-20,16:00:00,2026,12,December,20,Sunday,51,16,17.0,REGULAR_SEASON,SCHEDULED,82,Getafe CF,88,Levante UD,-1,-1,
558480,2019,Serie A,2494,2026-12-20 17:30:00+00:00,2026-12-20,17:30:00,2026,12,December,20,Sunday,51,17,16.0,REGULAR_SEASON,SCHEDULED,471,US Sassuolo Calcio,112,Parma Calcio 1913,-1,-1,
558481,2019,Serie A,2494,2026-12-20 17:30:00+00:00,2026-12-20,17:30:00,2026,12,December,20,Sunday,51,17,16.0,REGULAR_SEASON,SCHEDULED,100,AS Roma,109,Juventus FC,-1,-1,
558483,2019,Serie A,2494,2026-12-20 17:30:00+00:00,2026-12-20,17:30:00,2026,12,December,20,Sunday,51,17,16.0,REGULAR_SEASON,SCHEDULED,102,Atalanta BC,113,SSC Napoli,-1,-1,
558485,2019,Serie A,2494,2026-12-20 17:30:00+00:00,2026-12-20,17:30:00,2026,12,December,20,Sunday,51,17,16.0,REGULAR_SEASON,SCHEDULED,107,Genoa CFC,115,Udinese Calcio,-1,-1,
558484,2019,Serie A,2494,2026-12-20 17:30:00+00:00,2026-12-20,17:30:00,2026,12,December,20,Sunday,51,17,16.0,REGULAR_SEASON,SCHEDULED,99,ACF Fiorentina,103,Bologna FC 1909,-1,-1,
558479,2019,Serie A,2494,2026-12-20 17:30:00+00:00,2026-12-20,17:30:00,2026,12,December,20,Sunday,51,17,16.0,REGULAR_SEASON,SCHEDULED,98,AC Milan,7397,Como 1907,-1,-1,
558486,2019,Serie A,2494,2026-12-20 17:30:00+00:00,2026-12-20,17:30:00,2026,12,December,20,Sunday,51,17,16.0,REGULAR_SEASON,SCHEDULED,5890,US Lecce,108,FC Internazionale Milano,-1,-1,
558482,2019,Serie A,2494,2026-12-20 17:30:00+00:00,2026-12-20,17:30:00,2026,12,December,20,Sunday,51,17,16.0,REGULAR_SEASON,SCHEDULED,470,Frosinone Calcio,110,SS Lazio,-1,-1,
558488,2019,Serie A,2494,2026-12-20 17:30:00+00:00,2026-12-20,17:30:00,2026,12,December,20,Sunday,51,17,16.0,REGULAR_SEASON,SCHEDULED,454,Venezia FC,5911,AC Monza,-1,-1,
558487,2019,Serie A,2494,2026-12-20 17:30:00+00:00,2026-12-20,17:30:00,2026,12,December,20,Sunday,51,17,16.0,REGULAR_SEASON,SCHEDULED,586,Torino FC,104,Cagliari Calcio,-1,-1,
560702,2021,Premier League,2502,2026-12-26 15:00:00+00:00,2026-12-26,15:00:00,2026,12,December,26,Saturday,52,15,17.0,REGULAR_SEASON,SCHEDULED,58,Aston Villa FC,341,Leeds United FC,-1,-1,
560703,2021,Premier League,2502,2026-12-26 15:00:00+00:00,2026-12-26,15:00:00,2026,12,December,26,Saturday,52,15,17.0,REGULAR_SEASON,SCHEDULED,66,Manchester United FC,351,Nottingham Forest FC,-1,-1,
560704,2021,Premier League,2502,2026-12-26 15:00:00+00:00,2026-12-26,15:00:00,2026,12,December,26,Saturday,52,15,17.0,REGULAR_SEASON,SCHEDULED,354,Crystal Palace FC,57,Arsenal FC,-1,-1,
560705,2021,Premier League,2502,2026-12-26 15:00:00+00:00,2026-12-26,15:00:00,2026,12,December,26,Saturday,52,15,17.0,REGULAR_SEASON,SCHEDULED,62,Everton FC,71,Sunderland AFC,-1,-1,
560706,2021,Premier League,2502,2026-12-26 15:00:00+00:00,2026-12-26,15:00:00,2026,12,December,26,Saturday,52,15,17.0,REGULAR_SEASON,SCHEDULED,1076,Coventry City FC,61,Chelsea FC,-1,-1,
560708,2021,Premier League,2502,2026-12-26 15:00:00+00:00,2026-12-26,15:00:00,2026,12,December,26,Saturday,52,15,17.0,REGULAR_SEASON,SCHEDULED,63,Fulham FC,397,Brighton & Hove Albion FC,-1,-1,
560709,2021,Premier League,2502,2026-12-26 15:00:00+00:00,2026-12-26,15:00:00,2026,12,December,26,Saturday,52,15,17.0,REGULAR_SEASON,SCHEDULED,73,Tottenham Hotspur FC,1044,AFC Bournemouth,-1,-1,
560710,2021,Premier League,2502,2026-12-26 15:00:00+00:00,2026-12-26,15:00:00,2026,12,December,26,Saturday,52,15,17.0,REGULAR_SEASON,SCHEDULED,322,Hull City AFC,64,Liverpool FC,-1,-1,
560711,2021,Premier League,2502,2026-12-26 15:00:00+00:00,2026-12-26,15:00:00,2026,12,December,26,Saturday,52,15,17.0,REGULAR_SEASON,SCHEDULED,349,Ipswich Town FC,402,Brentford FC,-1,-1,
560707,2021,Premier League,2502,2026-12-26 15:00:00+00:00,2026-12-26,15:00:00,2026,12,December,26,Saturday,52,15,17.0,REGULAR_SEASON,SCHEDULED,67,Newcastle United FC,65,Manchester City FC,-1,-1,
560720,2021,Premier League,2502,2026-12-30 20:00:00+00:00,2026-12-30,20:00:00,2026,12,December,30,Wednesday,53,20,18.0,REGULAR_SEASON,SCHEDULED,62,Everton FC,65,Manchester City FC,-1,-1,
560716,2021,Premier League,2502,2026-12-30 20:00:00+00:00,2026-12-30,20:00:00,2026,12,December,30,Wednesday,53,20,18.0,REGULAR_SEASON,SCHEDULED,322,Hull City AFC,341,Leeds United FC,-1,-1,
560719,2021,Premier League,2502,2026-12-30 20:00:00+00:00,2026-12-30,20:00:00,2026,12,December,30,Wednesday,53,20,18.0,REGULAR_SEASON,SCHEDULED,73,Tottenham Hotspur FC,397,Brighton & Hove Albion FC,-1,-1,
560718,2021,Premier League,2502,2026-12-30 20:00:00+00:00,2026-12-30,20:00:00,2026,12,December,30,Wednesday,53,20,18.0,REGULAR_SEASON,SCHEDULED,349,Ipswich Town FC,61,Chelsea FC,-1,-1,
560717,2021,Premier League,2502,2026-12-30 20:00:00+00:00,2026-12-30,20:00:00,2026,12,December,30,Wednesday,53,20,18.0,REGULAR_SEASON,SCHEDULED,66,Manchester United FC,71,Sunderland AFC,-1,-1,
560721,2021,Premier League,2502,2026-12-30 20:00:00+00:00,2026-12-30,20:00:00,2026,12,December,30,Wednesday,53,20,18.0,REGULAR_SEASON,SCHEDULED,354,Crystal Palace FC,1044,AFC Bournemouth,-1,-1,
560712,2021,Premier League,2502,2026-12-30 20:00:00+00:00,2026-12-30,20:00:00,2026,12,December,30,Wednesday,53,20,18.0,REGULAR_SEASON,SCHEDULED,63,Fulham FC,57,Arsenal FC,-1,-1,
560714,2021,Premier League,2502,2026-12-30 20:00:00+00:00,2026-12-30,20:00:00,2026,12,December,30,Wednesday,53,20,18.0,REGULAR_SEASON,SCHEDULED,58,Aston Villa FC,64,Liverpool FC,-1,-1,
560713,2021,Premier League,2502,2026-12-30 20:00:00+00:00,2026-12-30,20:00:00,2026,12,December,30,Wednesday,53,20,18.0,REGULAR_SEASON,SCHEDULED,1076,Coventry City FC,402,Brentford FC,-1,-1,
560715,2021,Premier League,2502,2026-12-30 20:00:00+00:00,2026-12-30,20:00:00,2026,12,December,30,Wednesday,53,20,18.0,REGULAR_SEASON,SCHEDULED,67,Newcastle United FC,351,Nottingham Forest FC,-1,-1,
560728,2021,Premier League,2502,2027-01-02 12:00:00+00:00,2027-01-02,12:00:00,2027,1,January,2,Saturday,53,12,19.0,REGULAR_SEASON,SCHEDULED,61,Chelsea FC,67,Newcastle United FC,-1,-1,
560725,2021,Premier League,2502,2027-01-02 12:00:00+00:00,2027-01-02,12:00:00,2027,1,January,2,Saturday,53,12,19.0,REGULAR_SEASON,SCHEDULED,57,Arsenal FC,349,Ipswich Town FC,-1,-1,
560729,2021,Premier League,2502,2027-01-02 12:00:00+00:00,2027-01-02,12:00:00,2027,1,January,2,Saturday,53,12,19.0,REGULAR_SEASON,SCHEDULED,351,Nottingham Forest FC,63,Fulham FC,-1,-1,
560730,2021,Premier League,2502,2027-01-02 12:00:00+00:00,2027-01-02,12:00:00,2027,1,January,2,Saturday,53,12,19.0,REGULAR_SEASON,SCHEDULED,397,Brighton & Hove Albion FC,66,Manchester United FC,-1,-1,
560726,2021,Premier League,2502,2027-01-02 12:00:00+00:00,2027-01-02,12:00:00,2027,1,January,2,Saturday,53,12,19.0,REGULAR_SEASON,SCHEDULED,71,Sunderland AFC,322,Hull City AFC,-1,-1,
560731,2021,Premier League,2502,2027-01-02 12:00:00+00:00,2027-01-02,12:00:00,2027,1,January,2,Saturday,53,12,19.0,REGULAR_SEASON,SCHEDULED,65,Manchester City FC,73,Tottenham Hotspur FC,-1,-1,
560727,2021,Premier League,2502,2027-01-02 12:00:00+00:00,2027-01-02,12:00:00,2027,1,January,2,Saturday,53,12,19.0,REGULAR_SEASON,SCHEDULED,64,Liverpool FC,1076,Coventry City FC,-1,-1,
560723,2021,Premier League,2502,2027-01-02 12:00:00+00:00,2027-01-02,12:00:00,2027,1,January,2,Saturday,53,12,19.0,REGULAR_SEASON,SCHEDULED,402,Brentford FC,354,Crystal Palace FC,-1,-1,
560722,2021,Premier League,2502,2027-01-02 12:00:00+00:00,2027-01-02,12:00:00,2027,1,January,2,Saturday,53,12,19.0,REGULAR_SEASON,SCHEDULED,1044,AFC Bournemouth,58,Aston Villa FC,-1,-1,
560724,2021,Premier League,2502,2027-01-02 12:00:00+00:00,2027-01-02,12:00:00,2027,1,January,2,Saturday,53,12,19.0,REGULAR_SEASON,SCHEDULED,341,Leeds United FC,62,Everton FC,-1,-1,
558472,2019,Serie A,2494,2027-01-03 12:00:00+00:00,2027-01-03,12:00:00,2027,1,January,3,Sunday,53,12,17.0,REGULAR_SEASON,SCHEDULED,112,Parma Calcio 1913,113,SSC Napoli,-1,-1,
558473,2019,Serie A,2494,2027-01-03 12:00:00+00:00,2027-01-03,12:00:00,2027,1,January,3,Sunday,53,12,17.0,REGULAR_SEASON,SCHEDULED,104,Cagliari Calcio,107,Genoa CFC,-1,-1,
558474,2019,Serie A,2494,2027-01-03 12:00:00+00:00,2027-01-03,12:00:00,2027,1,January,3,Sunday,53,12,17.0,REGULAR_SEASON,SCHEDULED,586,Torino FC,454,Venezia FC,-1,-1,
558475,2019,Serie A,2494,2027-01-03 12:00:00+00:00,2027-01-03,12:00:00,2027,1,January,3,Sunday,53,12,17.0,REGULAR_SEASON,SCHEDULED,5911,AC Monza,98,AC Milan,-1,-1,
558476,2019,Serie A,2494,2027-01-03 12:00:00+00:00,2027-01-03,12:00:00,2027,1,January,3,Sunday,53,12,17.0,REGULAR_SEASON,SCHEDULED,108,FC Internazionale Milano,471,US Sassuolo Calcio,-1,-1,
558477,2019,Serie A,2494,2027-01-03 12:00:00+00:00,2027-01-03,12:00:00,2027,1,January,3,Sunday,53,12,17.0,REGULAR_SEASON,SCHEDULED,103,Bologna FC 1909,109,Juventus FC,-1,-1,
558478,2019,Serie A,2494,2027-01-03 12:00:00+00:00,2027-01-03,12:00:00,2027,1,January,3,Sunday,53,12,17.0,REGULAR_SEASON,SCHEDULED,99,ACF Fiorentina,110,SS Lazio,-1,-1,
564798,2014,Primera Division,2518,2027-01-03 12:00:00+00:00,2027-01-03,12:00:00,2027,1,January,3,Sunday,53,12,18.0,REGULAR_SEASON,SCHEDULED,86,Real Madrid CF,82,Getafe CF,-1,-1,
564799,2014,Primera Division,2518,2027-01-03 12:00:00+00:00,2027-01-03,12:00:00,2027,1,January,3,Sunday,53,12,18.0,REGULAR_SEASON,SCHEDULED,92,Real Sociedad de Fútbol,79,CA Osasuna,-1,-1,
564801,2014,Primera Division,2518,2027-01-03 12:00:00+00:00,2027-01-03,12:00:00,2027,1,January,3,Sunday,53,12,18.0,REGULAR_SEASON,SCHEDULED,5335,Real Racing Club de Santander,77,Athletic Club,-1,-1,
564802,2014,Primera Division,2518,2027-01-03 12:00:00+00:00,2027-01-03,12:00:00,2027,1,January,3,Sunday,53,12,18.0,REGULAR_SEASON,SCHEDULED,84,Málaga CF,285,Elche CF,-1,-1,
564800,2014,Primera Division,2518,2027-01-03 12:00:00+00:00,2027-01-03,12:00:00,2027,1,January,3,Sunday,53,12,18.0,REGULAR_SEASON,SCHEDULED,88,Levante UD,95,Valencia CF,-1,-1,
564804,2014,Primera Division,2518,2027-01-03 12:00:00+00:00,2027-01-03,12:00:00,2027,1,January,3,Sunday,53,12,18.0,REGULAR_SEASON,SCHEDULED,558,RC Celta de Vigo,560,RC Deportivo La Coruña,-1,-1,
558470,2019,Serie A,2494,2027-01-03 12:00:00+00:00,2027-01-03,12:00:00,2027,1,January,3,Sunday,53,12,17.0,REGULAR_SEASON,SCHEDULED,7397,Como 1907,5890,US Lecce,-1,-1,
564803,2014,Primera Division,2518,2027-01-03 12:00:00+00:00,2027-01-03,12:00:00,2027,1,January,3,Sunday,53,12,18.0,REGULAR_SEASON,SCHEDULED,90,Real Betis Balompié,263,Deportivo Alavés,-1,-1,
558469,2019,Serie A,2494,2027-01-03 12:00:00+00:00,2027-01-03,12:00:00,2027,1,January,3,Sunday,53,12,17.0,REGULAR_SEASON,SCHEDULED,115,Udinese Calcio,102,Atalanta BC,-1,-1,
564806,2014,Primera Division,2518,2027-01-03 12:00:00+00:00,2027-01-03,12:00:00,2027,1,January,3,Sunday,53,12,18.0,REGULAR_SEASON,SCHEDULED,94,Villarreal CF,559,Sevilla FC,-1,-1,
564805,2014,Primera Division,2518,2027-01-03 12:00:00+00:00,2027-01-03,12:00:00,2027,1,January,3,Sunday,53,12,18.0,REGULAR_SEASON,SCHEDULED,80,RCD Espanyol de Barcelona,81,FC Barcelona,-1,-1,
564807,2014,Primera Division,2518,2027-01-03 12:00:00+00:00,2027-01-03,12:00:00,2027,1,January,3,Sunday,53,12,18.0,REGULAR_SEASON,SCHEDULED,87,Rayo Vallecano de Madrid,78,Club Atlético de Madrid,-1,-1,
558471,2019,Serie A,2494,2027-01-03 12:00:00+00:00,2027-01-03,12:00:00,2027,1,January,3,Sunday,53,12,17.0,REGULAR_SEASON,SCHEDULED,100,AS Roma,470,Frosinone Calcio,-1,-1,
558460,2019,Serie A,2494,2027-01-06 12:00:00+00:00,2027-01-06,12:00:00,2027,1,January,6,Wednesday,1,12,18.0,REGULAR_SEASON,SCHEDULED,471,US Sassuolo Calcio,115,Udinese Calcio,-1,-1,
558459,2019,Serie A,2494,2027-01-06 12:00:00+00:00,2027-01-06,12:00:00,2027,1,January,6,Wednesday,1,12,18.0,REGULAR_SEASON,SCHEDULED,470,Frosinone Calcio,103,Bologna FC 1909,-1,-1,
558461,2019,Serie A,2494,2027-01-06 12:00:00+00:00,2027-01-06,12:00:00,2027,1,January,6,Wednesday,1,12,18.0,REGULAR_SEASON,SCHEDULED,107,Genoa CFC,5911,AC Monza,-1,-1,
558462,2019,Serie A,2494,2027-01-06 12:00:00+00:00,2027-01-06,12:00:00,2027,1,January,6,Wednesday,1,12,18.0,REGULAR_SEASON,SCHEDULED,454,Venezia FC,100,AS Roma,-1,-1,
558463,2019,Serie A,2494,2027-01-06 12:00:00+00:00,2027-01-06,12:00:00,2027,1,January,6,Wednesday,1,12,18.0,REGULAR_SEASON,SCHEDULED,113,SSC Napoli,104,Cagliari Calcio,-1,-1,
558464,2019,Serie A,2494,2027-01-06 12:00:00+00:00,2027-01-06,12:00:00,2027,1,January,6,Wednesday,1,12,18.0,REGULAR_SEASON,SCHEDULED,98,AC Milan,99,ACF Fiorentina,-1,-1,
560740,2021,Premier League,2502,2027-01-06 12:00:00+00:00,2027-01-06,12:00:00,2027,1,January,6,Wednesday,1,12,20.0,REGULAR_SEASON,SCHEDULED,354,Crystal Palace FC,61,Chelsea FC,-1,-1,
558465,2019,Serie A,2494,2027-01-06 12:00:00+00:00,2027-01-06,12:00:00,2027,1,January,6,Wednesday,1,12,18.0,REGULAR_SEASON,SCHEDULED,109,Juventus FC,586,Torino FC,-1,-1,
558466,2019,Serie A,2494,2027-01-06 12:00:00+00:00,2027-01-06,12:00:00,2027,1,January,6,Wednesday,1,12,18.0,REGULAR_SEASON,SCHEDULED,102,Atalanta BC,7397,Como 1907,-1,-1,
558467,2019,Serie A,2494,2027-01-06 12:00:00+00:00,2027-01-06,12:00:00,2027,1,January,6,Wednesday,1,12,18.0,REGULAR_SEASON,SCHEDULED,110,SS Lazio,108,FC Internazionale Milano,-1,-1,
558468,2019,Serie A,2494,2027-01-06 12:00:00+00:00,2027-01-06,12:00:00,2027,1,January,6,Wednesday,1,12,18.0,REGULAR_SEASON,SCHEDULED,5890,US Lecce,112,Parma Calcio 1913,-1,-1,
560741,2021,Premier League,2502,2027-01-06 12:00:00+00:00,2027-01-06,12:00:00,2027,1,January,6,Wednesday,1,12,20.0,REGULAR_SEASON,SCHEDULED,349,Ipswich Town FC,1076,Coventry City FC,-1,-1,
560734,2021,Premier League,2502,2027-01-06 12:00:00+00:00,2027-01-06,12:00:00,2027,1,January,6,Wednesday,1,12,20.0,REGULAR_SEASON,SCHEDULED,66,Manchester United FC,67,Newcastle United FC,-1,-1,
560739,2021,Premier League,2502,2027-01-06 12:00:00+00:00,2027-01-06,12:00:00,2027,1,January,6,Wednesday,1,12,20.0,REGULAR_SEASON,SCHEDULED,71,Sunderland AFC,64,Liverpool FC,-1,-1,
560738,2021,Premier League,2502,2027-01-06 12:00:00+00:00,2027-01-06,12:00:00,2027,1,January,6,Wednesday,1,12,20.0,REGULAR_SEASON,SCHEDULED,62,Everton FC,58,Aston Villa FC,-1,-1,
560737,2021,Premier League,2502,2027-01-06 12:00:00+00:00,2027-01-06,12:00:00,2027,1,January,6,Wednesday,1,12,20.0,REGULAR_SEASON,SCHEDULED,63,Fulham FC,73,Tottenham Hotspur FC,-1,-1,
560736,2021,Premier League,2502,2027-01-06 12:00:00+00:00,2027-01-06,12:00:00,2027,1,January,6,Wednesday,1,12,20.0,REGULAR_SEASON,SCHEDULED,351,Nottingham Forest FC,322,Hull City AFC,-1,-1,
560735,2021,Premier League,2502,2027-01-06 12:00:00+00:00,2027-01-06,12:00:00,2027,1,January,6,Wednesday,1,12,20.0,REGULAR_SEASON,SCHEDULED,397,Brighton & Hove Albion FC,1044,AFC Bournemouth,-1,-1,
560733,2021,Premier League,2502,2027-01-06 12:00:00+00:00,2027-01-06,12:00:00,2027,1,January,6,Wednesday,1,12,20.0,REGULAR_SEASON,SCHEDULED,341,Leeds United FC,65,Manchester City FC,-1,-1,
560732,2021,Premier League,2502,2027-01-06 12:00:00+00:00,2027-01-06,12:00:00,2027,1,January,6,Wednesday,1,12,20.0,REGULAR_SEASON,SCHEDULED,57,Arsenal FC,402,Brentford FC,-1,-1,
565910,2002,Bundesliga,2522,2027-01-09 00:00:00+00:00,2027-01-09,00:00:00,2027,1,January,9,Saturday,1,0,15.0,REGULAR_SEASON,SCHEDULED,29,SC Paderborn 07,721,RB Leipzig,-1,-1,
565909,2002,Bundesliga,2522,2027-01-09 00:00:00+00:00,2027-01-09,00:00:00,2027,1,January,9,Saturday,1,0,15.0,REGULAR_SEASON,SCHEDULED,12,SV Werder Bremen,28,1. FC Union Berlin,-1,-1,
565908,2002,Bundesliga,2522,2027-01-09 00:00:00+00:00,2027-01-09,00:00:00,2027,1,January,9,Saturday,1,0,15.0,REGULAR_SEASON,SCHEDULED,4,Borussia Dortmund,15,1. FSV Mainz 05,-1,-1,
565907,2002,Bundesliga,2522,2027-01-09 00:00:00+00:00,2027-01-09,00:00:00,2027,1,January,9,Saturday,1,0,15.0,REGULAR_SEASON,SCHEDULED,18,Borussia Mönchengladbach,5,FC Bayern München,-1,-1,
565906,2002,Bundesliga,2522,2027-01-09 00:00:00+00:00,2027-01-09,00:00:00,2027,1,January,9,Saturday,1,0,15.0,REGULAR_SEASON,SCHEDULED,2,TSG 1899 Hoffenheim,719,SV 07 Elversberg,-1,-1,
565904,2002,Bundesliga,2522,2027-01-09 00:00:00+00:00,2027-01-09,00:00:00,2027,1,January,9,Saturday,1,0,15.0,REGULAR_SEASON,SCHEDULED,1,1. FC Köln,17,SC Freiburg,-1,-1,
565903,2002,Bundesliga,2522,2027-01-09 00:00:00+00:00,2027-01-09,00:00:00,2027,1,January,9,Saturday,1,0,15.0,REGULAR_SEASON,SCHEDULED,7,Hamburger SV,3,Bayer 04 Leverkusen,-1,-1,
565902,2002,Bundesliga,2522,2027-01-09 00:00:00+00:00,2027-01-09,00:00:00,2027,1,January,9,Saturday,1,0,15.0,REGULAR_SEASON,SCHEDULED,10,VfB Stuttgart,16,FC Augsburg,-1,-1,
565905,2002,Bundesliga,2522,2027-01-09 00:00:00+00:00,2027-01-09,00:00:00,2027,1,January,9,Saturday,1,0,15.0,REGULAR_SEASON,SCHEDULED,19,Eintracht Frankfurt,6,FC Schalke 04,-1,-1,
558455,2019,Serie A,2494,2027-01-10 12:00:00+00:00,2027-01-10,12:00:00,2027,1,January,10,Sunday,1,12,19.0,REGULAR_SEASON,SCHEDULED,103,Bologna FC 1909,107,Genoa CFC,-1,-1,
564817,2014,Primera Division,2518,2027-01-10 12:00:00+00:00,2027-01-10,12:00:00,2027,1,January,10,Sunday,1,12,19.0,REGULAR_SEASON,SCHEDULED,95,Valencia CF,84,Málaga CF,-1,-1,
564816,2014,Primera Division,2518,2027-01-10 12:00:00+00:00,2027-01-10,12:00:00,2027,1,January,10,Sunday,1,12,19.0,REGULAR_SEASON,SCHEDULED,80,RCD Espanyol de Barcelona,90,Real Betis Balompié,-1,-1,
564815,2014,Primera Division,2518,2027-01-10 12:00:00+00:00,2027-01-10,12:00:00,2027,1,January,10,Sunday,1,12,19.0,REGULAR_SEASON,SCHEDULED,559,Sevilla FC,558,RC Celta de Vigo,-1,-1,
564814,2014,Primera Division,2518,2027-01-10 12:00:00+00:00,2027-01-10,12:00:00,2027,1,January,10,Sunday,1,12,19.0,REGULAR_SEASON,SCHEDULED,263,Deportivo Alavés,92,Real Sociedad de Fútbol,-1,-1,
564813,2014,Primera Division,2518,2027-01-10 12:00:00+00:00,2027-01-10,12:00:00,2027,1,January,10,Sunday,1,12,19.0,REGULAR_SEASON,SCHEDULED,78,Club Atlético de Madrid,5335,Real Racing Club de Santander,-1,-1,
558454,2019,Serie A,2494,2027-01-10 12:00:00+00:00,2027-01-10,12:00:00,2027,1,January,10,Sunday,1,12,19.0,REGULAR_SEASON,SCHEDULED,112,Parma Calcio 1913,454,Venezia FC,-1,-1,
564811,2014,Primera Division,2518,2027-01-10 12:00:00+00:00,2027-01-10,12:00:00,2027,1,January,10,Sunday,1,12,19.0,REGULAR_SEASON,SCHEDULED,79,CA Osasuna,81,FC Barcelona,-1,-1,
564810,2014,Primera Division,2518,2027-01-10 12:00:00+00:00,2027-01-10,12:00:00,2027,1,January,10,Sunday,1,12,19.0,REGULAR_SEASON,SCHEDULED,86,Real Madrid CF,88,Levante UD,-1,-1,
564809,2014,Primera Division,2518,2027-01-10 12:00:00+00:00,2027-01-10,12:00:00,2027,1,January,10,Sunday,1,12,19.0,REGULAR_SEASON,SCHEDULED,285,Elche CF,82,Getafe CF,-1,-1,
564812,2014,Primera Division,2518,2027-01-10 12:00:00+00:00,2027-01-10,12:00:00,2027,1,January,10,Sunday,1,12,19.0,REGULAR_SEASON,SCHEDULED,560,RC Deportivo La Coruña,87,Rayo Vallecano de Madrid,-1,-1,
558449,2019,Serie A,2494,2027-01-10 12:00:00+00:00,2027-01-10,12:00:00,2027,1,January,10,Sunday,1,12,19.0,REGULAR_SEASON,SCHEDULED,99,ACF Fiorentina,5890,US Lecce,-1,-1,
558450,2019,Serie A,2494,2027-01-10 12:00:00+00:00,2027-01-10,12:00:00,2027,1,January,10,Sunday,1,12,19.0,REGULAR_SEASON,SCHEDULED,115,Udinese Calcio,113,SSC Napoli,-1,-1,
558451,2019,Serie A,2494,2027-01-10 12:00:00+00:00,2027-01-10,12:00:00,2027,1,January,10,Sunday,1,12,19.0,REGULAR_SEASON,SCHEDULED,586,Torino FC,102,Atalanta BC,-1,-1,
558452,2019,Serie A,2494,2027-01-10 12:00:00+00:00,2027-01-10,12:00:00,2027,1,January,10,Sunday,1,12,19.0,REGULAR_SEASON,SCHEDULED,5911,AC Monza,470,Frosinone Calcio,-1,-1,
558453,2019,Serie A,2494,2027-01-10 12:00:00+00:00,2027-01-10,12:00:00,2027,1,January,10,Sunday,1,12,19.0,REGULAR_SEASON,SCHEDULED,108,FC Internazionale Milano,109,Juventus FC,-1,-1,
558458,2019,Serie A,2494,2027-01-10 12:00:00+00:00,2027-01-10,12:00:00,2027,1,January,10,Sunday,1,12,19.0,REGULAR_SEASON,SCHEDULED,100,AS Roma,98,AC Milan,-1,-1,
558457,2019,Serie A,2494,2027-01-10 12:00:00+00:00,2027-01-10,12:00:00,2027,1,January,10,Sunday,1,12,19.0,REGULAR_SEASON,SCHEDULED,7397,Como 1907,110,SS Lazio,-1,-1,
558456,2019,Serie A,2494,2027-01-10 12:00:00+00:00,2027-01-10,12:00:00,2027,1,January,10,Sunday,1,12,19.0,REGULAR_SEASON,SCHEDULED,104,Cagliari Calcio,471,US Sassuolo Calcio,-1,-1,
564808,2014,Primera Division,2518,2027-01-10 12:00:00+00:00,2027-01-10,12:00:00,2027,1,January,10,Sunday,1,12,19.0,REGULAR_SEASON,SCHEDULED,77,Athletic Club,94,Villarreal CF,-1,-1,
565918,2002,Bundesliga,2522,2027-01-13 00:00:00+00:00,2027-01-13,00:00:00,2027,1,January,13,Wednesday,2,0,16.0,REGULAR_SEASON,SCHEDULED,719,SV 07 Elversberg,19,Eintracht Frankfurt,-1,-1,
565917,2002,Bundesliga,2522,2027-01-13 00:00:00+00:00,2027-01-13,00:00:00,2027,1,January,13,Wednesday,2,0,16.0,REGULAR_SEASON,SCHEDULED,16,FC Augsburg,18,Borussia Mönchengladbach,-1,-1,
565916,2002,Bundesliga,2522,2027-01-13 00:00:00+00:00,2027-01-13,00:00:00,2027,1,January,13,Wednesday,2,0,16.0,REGULAR_SEASON,SCHEDULED,5,FC Bayern München,3,Bayer 04 Leverkusen,-1,-1,
565915,2002,Bundesliga,2522,2027-01-13 00:00:00+00:00,2027-01-13,00:00:00,2027,1,January,13,Wednesday,2,0,16.0,REGULAR_SEASON,SCHEDULED,28,1. FC Union Berlin,29,SC Paderborn 07,-1,-1,
565911,2002,Bundesliga,2522,2027-01-13 00:00:00+00:00,2027-01-13,00:00:00,2027,1,January,13,Wednesday,2,0,16.0,REGULAR_SEASON,SCHEDULED,15,1. FSV Mainz 05,2,TSG 1899 Hoffenheim,-1,-1,
565913,2002,Bundesliga,2522,2027-01-13 00:00:00+00:00,2027-01-13,00:00:00,2027,1,January,13,Wednesday,2,0,16.0,REGULAR_SEASON,SCHEDULED,6,FC Schalke 04,12,SV Werder Bremen,-1,-1,
565912,2002,Bundesliga,2522,2027-01-13 00:00:00+00:00,2027-01-13,00:00:00,2027,1,January,13,Wednesday,2,0,16.0,REGULAR_SEASON,SCHEDULED,17,SC Freiburg,7,Hamburger SV,-1,-1,
565919,2002,Bundesliga,2522,2027-01-13 00:00:00+00:00,2027-01-13,00:00:00,2027,1,January,13,Wednesday,2,0,16.0,REGULAR_SEASON,SCHEDULED,1,1. FC Köln,4,Borussia Dortmund,-1,-1,
565914,2002,Bundesliga,2522,2027-01-13 00:00:00+00:00,2027-01-13,00:00:00,2027,1,January,13,Wednesday,2,0,16.0,REGULAR_SEASON,SCHEDULED,721,RB Leipzig,10,VfB Stuttgart,-1,-1,
565920,2002,Bundesliga,2522,2027-01-16 00:00:00+00:00,2027-01-16,00:00:00,2027,1,January,16,Saturday,2,0,17.0,REGULAR_SEASON,SCHEDULED,12,SV Werder Bremen,719,SV 07 Elversberg,-1,-1,
565921,2002,Bundesliga,2522,2027-01-16 00:00:00+00:00,2027-01-16,00:00:00,2027,1,January,16,Saturday,2,0,17.0,REGULAR_SEASON,SCHEDULED,19,Eintracht Frankfurt,5,FC Bayern München,-1,-1,
565922,2002,Bundesliga,2522,2027-01-16 00:00:00+00:00,2027-01-16,00:00:00,2027,1,January,16,Saturday,2,0,17.0,REGULAR_SEASON,SCHEDULED,29,SC Paderborn 07,1,1. FC Köln,-1,-1,
565923,2002,Bundesliga,2522,2027-01-16 00:00:00+00:00,2027-01-16,00:00:00,2027,1,January,16,Saturday,2,0,17.0,REGULAR_SEASON,SCHEDULED,2,TSG 1899 Hoffenheim,721,RB Leipzig,-1,-1,
565924,2002,Bundesliga,2522,2027-01-16 00:00:00+00:00,2027-01-16,00:00:00,2027,1,January,16,Saturday,2,0,17.0,REGULAR_SEASON,SCHEDULED,3,Bayer 04 Leverkusen,6,FC Schalke 04,-1,-1,
565925,2002,Bundesliga,2522,2027-01-16 00:00:00+00:00,2027-01-16,00:00:00,2027,1,January,16,Saturday,2,0,17.0,REGULAR_SEASON,SCHEDULED,10,VfB Stuttgart,15,1. FSV Mainz 05,-1,-1,
565926,2002,Bundesliga,2522,2027-01-16 00:00:00+00:00,2027-01-16,00:00:00,2027,1,January,16,Saturday,2,0,17.0,REGULAR_SEASON,SCHEDULED,7,Hamburger SV,16,FC Augsburg,-1,-1,
565927,2002,Bundesliga,2522,2027-01-16 00:00:00+00:00,2027-01-16,00:00:00,2027,1,January,16,Saturday,2,0,17.0,REGULAR_SEASON,SCHEDULED,18,Borussia Mönchengladbach,28,1. FC Union Berlin,-1,-1,
565928,2002,Bundesliga,2522,2027-01-16 00:00:00+00:00,2027-01-16,00:00:00,2027,1,January,16,Saturday,2,0,17.0,REGULAR_SEASON,SCHEDULED,4,Borussia Dortmund,17,SC Freiburg,-1,-1,
560744,2021,Premier League,2502,2027-01-16 12:00:00+00:00,2027-01-16,12:00:00,2027,1,January,16,Saturday,2,12,21.0,REGULAR_SEASON,SCHEDULED,61,Chelsea FC,71,Sunderland AFC,-1,-1,
560745,2021,Premier League,2502,2027-01-16 12:00:00+00:00,2027-01-16,12:00:00,2027,1,January,16,Saturday,2,12,21.0,REGULAR_SEASON,SCHEDULED,402,Brentford FC,397,Brighton & Hove Albion FC,-1,-1,
560746,2021,Premier League,2502,2027-01-16 12:00:00+00:00,2027-01-16,12:00:00,2027,1,January,16,Saturday,2,12,21.0,REGULAR_SEASON,SCHEDULED,58,Aston Villa FC,66,Manchester United FC,-1,-1,
560747,2021,Premier League,2502,2027-01-16 12:00:00+00:00,2027-01-16,12:00:00,2027,1,January,16,Saturday,2,12,21.0,REGULAR_SEASON,SCHEDULED,73,Tottenham Hotspur FC,341,Leeds United FC,-1,-1,
560748,2021,Premier League,2502,2027-01-16 12:00:00+00:00,2027-01-16,12:00:00,2027,1,January,16,Saturday,2,12,21.0,REGULAR_SEASON,SCHEDULED,1076,Coventry City FC,62,Everton FC,-1,-1,
560749,2021,Premier League,2502,2027-01-16 12:00:00+00:00,2027-01-16,12:00:00,2027,1,January,16,Saturday,2,12,21.0,REGULAR_SEASON,SCHEDULED,64,Liverpool FC,354,Crystal Palace FC,-1,-1,
560750,2021,Premier League,2502,2027-01-16 12:00:00+00:00,2027-01-16,12:00:00,2027,1,January,16,Saturday,2,12,21.0,REGULAR_SEASON,SCHEDULED,322,Hull City AFC,57,Arsenal FC,-1,-1,
560751,2021,Premier League,2502,2027-01-16 12:00:00+00:00,2027-01-16,12:00:00,2027,1,January,16,Saturday,2,12,21.0,REGULAR_SEASON,SCHEDULED,67,Newcastle United FC,63,Fulham FC,-1,-1,
560742,2021,Premier League,2502,2027-01-16 12:00:00+00:00,2027-01-16,12:00:00,2027,1,January,16,Saturday,2,12,21.0,REGULAR_SEASON,SCHEDULED,1044,AFC Bournemouth,349,Ipswich Town FC,-1,-1,
560743,2021,Premier League,2502,2027-01-16 12:00:00+00:00,2027-01-16,12:00:00,2027,1,January,16,Saturday,2,12,21.0,REGULAR_SEASON,SCHEDULED,65,Manchester City FC,351,Nottingham Forest FC,-1,-1,
564819,2014,Primera Division,2518,2027-01-17 12:00:00+00:00,2027-01-17,12:00:00,2027,1,January,17,Sunday,2,12,20.0,REGULAR_SEASON,SCHEDULED,81,FC Barcelona,285,Elche CF,-1,-1,
564821,2014,Primera Division,2518,2027-01-17 12:00:00+00:00,2027-01-17,12:00:00,2027,1,January,17,Sunday,2,12,20.0,REGULAR_SEASON,SCHEDULED,5335,Real Racing Club de Santander,79,CA Osasuna,-1,-1,
564822,2014,Primera Division,2518,2027-01-17 12:00:00+00:00,2027-01-17,12:00:00,2027,1,January,17,Sunday,2,12,20.0,REGULAR_SEASON,SCHEDULED,88,Levante UD,80,RCD Espanyol de Barcelona,-1,-1,
564823,2014,Primera Division,2518,2027-01-17 12:00:00+00:00,2027-01-17,12:00:00,2027,1,January,17,Sunday,2,12,20.0,REGULAR_SEASON,SCHEDULED,558,RC Celta de Vigo,95,Valencia CF,-1,-1,
564824,2014,Primera Division,2518,2027-01-17 12:00:00+00:00,2027-01-17,12:00:00,2027,1,January,17,Sunday,2,12,20.0,REGULAR_SEASON,SCHEDULED,82,Getafe CF,77,Athletic Club,-1,-1,
564825,2014,Primera Division,2518,2027-01-17 12:00:00+00:00,2027-01-17,12:00:00,2027,1,January,17,Sunday,2,12,20.0,REGULAR_SEASON,SCHEDULED,87,Rayo Vallecano de Madrid,559,Sevilla FC,-1,-1,
564818,2014,Primera Division,2518,2027-01-17 12:00:00+00:00,2027-01-17,12:00:00,2027,1,January,17,Sunday,2,12,20.0,REGULAR_SEASON,SCHEDULED,84,Málaga CF,86,Real Madrid CF,-1,-1,
564820,2014,Primera Division,2518,2027-01-17 12:00:00+00:00,2027-01-17,12:00:00,2027,1,January,17,Sunday,2,12,20.0,REGULAR_SEASON,SCHEDULED,94,Villarreal CF,263,Deportivo Alavés,-1,-1,
558441,2019,Serie A,2494,2027-01-17 12:00:00+00:00,2027-01-17,12:00:00,2027,1,January,17,Sunday,2,12,20.0,REGULAR_SEASON,SCHEDULED,109,Juventus FC,107,Genoa CFC,-1,-1,
558440,2019,Serie A,2494,2027-01-17 12:00:00+00:00,2027-01-17,12:00:00,2027,1,January,17,Sunday,2,12,20.0,REGULAR_SEASON,SCHEDULED,112,Parma Calcio 1913,108,FC Internazionale Milano,-1,-1,
558439,2019,Serie A,2494,2027-01-17 12:00:00+00:00,2027-01-17,12:00:00,2027,1,January,17,Sunday,2,12,20.0,REGULAR_SEASON,SCHEDULED,98,AC Milan,586,Torino FC,-1,-1,
558448,2019,Serie A,2494,2027-01-17 12:00:00+00:00,2027-01-17,12:00:00,2027,1,January,17,Sunday,2,12,20.0,REGULAR_SEASON,SCHEDULED,102,Atalanta BC,100,AS Roma,-1,-1,
558447,2019,Serie A,2494,2027-01-17 12:00:00+00:00,2027-01-17,12:00:00,2027,1,January,17,Sunday,2,12,20.0,REGULAR_SEASON,SCHEDULED,454,Venezia FC,470,Frosinone Calcio,-1,-1,
558446,2019,Serie A,2494,2027-01-17 12:00:00+00:00,2027-01-17,12:00:00,2027,1,January,17,Sunday,2,12,20.0,REGULAR_SEASON,SCHEDULED,110,SS Lazio,103,Bologna FC 1909,-1,-1,
564827,2014,Primera Division,2518,2027-01-17 12:00:00+00:00,2027-01-17,12:00:00,2027,1,January,17,Sunday,2,12,20.0,REGULAR_SEASON,SCHEDULED,78,Club Atlético de Madrid,92,Real Sociedad de Fútbol,-1,-1,
558444,2019,Serie A,2494,2027-01-17 12:00:00+00:00,2027-01-17,12:00:00,2027,1,January,17,Sunday,2,12,20.0,REGULAR_SEASON,SCHEDULED,471,US Sassuolo Calcio,5911,AC Monza,-1,-1,
558443,2019,Serie A,2494,2027-01-17 12:00:00+00:00,2027-01-17,12:00:00,2027,1,January,17,Sunday,2,12,20.0,REGULAR_SEASON,SCHEDULED,104,Cagliari Calcio,7397,Como 1907,-1,-1,
558442,2019,Serie A,2494,2027-01-17 12:00:00+00:00,2027-01-17,12:00:00,2027,1,January,17,Sunday,2,12,20.0,REGULAR_SEASON,SCHEDULED,5890,US Lecce,115,Udinese Calcio,-1,-1,
564826,2014,Primera Division,2518,2027-01-17 12:00:00+00:00,2027-01-17,12:00:00,2027,1,January,17,Sunday,2,12,20.0,REGULAR_SEASON,SCHEDULED,90,Real Betis Balompié,560,RC Deportivo La Coruña,-1,-1,
558445,2019,Serie A,2494,2027-01-17 12:00:00+00:00,2027-01-17,12:00:00,2027,1,January,17,Sunday,2,12,20.0,REGULAR_SEASON,SCHEDULED,113,SSC Napoli,99,ACF Fiorentina,-1,-1,
565936,2002,Bundesliga,2522,2027-01-23 00:00:00+00:00,2027-01-23,00:00:00,2027,1,January,23,Saturday,3,0,18.0,REGULAR_SEASON,SCHEDULED,19,Eintracht Frankfurt,28,1. FC Union Berlin,-1,-1,
565935,2002,Bundesliga,2522,2027-01-23 00:00:00+00:00,2027-01-23,00:00:00,2027,1,January,23,Saturday,3,0,18.0,REGULAR_SEASON,SCHEDULED,18,Borussia Mönchengladbach,721,RB Leipzig,-1,-1,
565934,2002,Bundesliga,2522,2027-01-23 00:00:00+00:00,2027-01-23,00:00:00,2027,1,January,23,Saturday,3,0,18.0,REGULAR_SEASON,SCHEDULED,10,VfB Stuttgart,5,FC Bayern München,-1,-1,
565933,2002,Bundesliga,2522,2027-01-23 00:00:00+00:00,2027-01-23,00:00:00,2027,1,January,23,Saturday,3,0,18.0,REGULAR_SEASON,SCHEDULED,2,TSG 1899 Hoffenheim,1,1. FC Köln,-1,-1,
565932,2002,Bundesliga,2522,2027-01-23 00:00:00+00:00,2027-01-23,00:00:00,2027,1,January,23,Saturday,3,0,18.0,REGULAR_SEASON,SCHEDULED,6,FC Schalke 04,16,FC Augsburg,-1,-1,
565931,2002,Bundesliga,2522,2027-01-23 00:00:00+00:00,2027-01-23,00:00:00,2027,1,January,23,Saturday,3,0,18.0,REGULAR_SEASON,SCHEDULED,29,SC Paderborn 07,15,1. FSV Mainz 05,-1,-1,
565929,2002,Bundesliga,2522,2027-01-23 00:00:00+00:00,2027-01-23,00:00:00,2027,1,January,23,Saturday,3,0,18.0,REGULAR_SEASON,SCHEDULED,12,SV Werder Bremen,17,SC Freiburg,-1,-1,
565937,2002,Bundesliga,2522,2027-01-23 00:00:00+00:00,2027-01-23,00:00:00,2027,1,January,23,Saturday,3,0,18.0,REGULAR_SEASON,SCHEDULED,3,Bayer 04 Leverkusen,719,SV 07 Elversberg,-1,-1,
565930,2002,Bundesliga,2522,2027-01-23 00:00:00+00:00,2027-01-23,00:00:00,2027,1,January,23,Saturday,3,0,18.0,REGULAR_SEASON,SCHEDULED,7,Hamburger SV,4,Borussia Dortmund,-1,-1,
560755,2021,Premier League,2502,2027-01-23 12:00:00+00:00,2027-01-23,12:00:00,2027,1,January,23,Saturday,3,12,22.0,REGULAR_SEASON,SCHEDULED,351,Nottingham Forest FC,1044,AFC Bournemouth,-1,-1,
560753,2021,Premier League,2502,2027-01-23 12:00:00+00:00,2027-01-23,12:00:00,2027,1,January,23,Saturday,3,12,22.0,REGULAR_SEASON,SCHEDULED,62,Everton FC,402,Brentford FC,-1,-1,
560754,2021,Premier League,2502,2027-01-23 12:00:00+00:00,2027-01-23,12:00:00,2027,1,January,23,Saturday,3,12,22.0,REGULAR_SEASON,SCHEDULED,71,Sunderland AFC,1076,Coventry City FC,-1,-1,
560761,2021,Premier League,2502,2027-01-23 12:00:00+00:00,2027-01-23,12:00:00,2027,1,January,23,Saturday,3,12,22.0,REGULAR_SEASON,SCHEDULED,354,Crystal Palace FC,73,Tottenham Hotspur FC,-1,-1,
560752,2021,Premier League,2502,2027-01-23 12:00:00+00:00,2027-01-23,12:00:00,2027,1,January,23,Saturday,3,12,22.0,REGULAR_SEASON,SCHEDULED,349,Ipswich Town FC,322,Hull City AFC,-1,-1,
560759,2021,Premier League,2502,2027-01-23 12:00:00+00:00,2027-01-23,12:00:00,2027,1,January,23,Saturday,3,12,22.0,REGULAR_SEASON,SCHEDULED,66,Manchester United FC,64,Liverpool FC,-1,-1,
560758,2021,Premier League,2502,2027-01-23 12:00:00+00:00,2027-01-23,12:00:00,2027,1,January,23,Saturday,3,12,22.0,REGULAR_SEASON,SCHEDULED,63,Fulham FC,58,Aston Villa FC,-1,-1,
560757,2021,Premier League,2502,2027-01-23 12:00:00+00:00,2027-01-23,12:00:00,2027,1,January,23,Saturday,3,12,22.0,REGULAR_SEASON,SCHEDULED,341,Leeds United FC,61,Chelsea FC,-1,-1,
560760,2021,Premier League,2502,2027-01-23 12:00:00+00:00,2027-01-23,12:00:00,2027,1,January,23,Saturday,3,12,22.0,REGULAR_SEASON,SCHEDULED,397,Brighton & Hove Albion FC,65,Manchester City FC,-1,-1,
560756,2021,Premier League,2502,2027-01-23 12:00:00+00:00,2027-01-23,12:00:00,2027,1,January,23,Saturday,3,12,22.0,REGULAR_SEASON,SCHEDULED,57,Arsenal FC,67,Newcastle United FC,-1,-1,
558436,2019,Serie A,2494,2027-01-24 12:00:00+00:00,2027-01-24,12:00:00,2027,1,January,24,Sunday,3,12,21.0,REGULAR_SEASON,SCHEDULED,107,Genoa CFC,112,Parma Calcio 1913,-1,-1,
558429,2019,Serie A,2494,2027-01-24 12:00:00+00:00,2027-01-24,12:00:00,2027,1,January,24,Sunday,3,12,21.0,REGULAR_SEASON,SCHEDULED,5890,US Lecce,586,Torino FC,-1,-1,
558430,2019,Serie A,2494,2027-01-24 12:00:00+00:00,2027-01-24,12:00:00,2027,1,January,24,Sunday,3,12,21.0,REGULAR_SEASON,SCHEDULED,109,Juventus FC,104,Cagliari Calcio,-1,-1,
558431,2019,Serie A,2494,2027-01-24 12:00:00+00:00,2027-01-24,12:00:00,2027,1,January,24,Sunday,3,12,21.0,REGULAR_SEASON,SCHEDULED,108,FC Internazionale Milano,454,Venezia FC,-1,-1,
558432,2019,Serie A,2494,2027-01-24 12:00:00+00:00,2027-01-24,12:00:00,2027,1,January,24,Sunday,3,12,21.0,REGULAR_SEASON,SCHEDULED,99,ACF Fiorentina,471,US Sassuolo Calcio,-1,-1,
558433,2019,Serie A,2494,2027-01-24 12:00:00+00:00,2027-01-24,12:00:00,2027,1,January,24,Sunday,3,12,21.0,REGULAR_SEASON,SCHEDULED,470,Frosinone Calcio,98,AC Milan,-1,-1,
558434,2019,Serie A,2494,2027-01-24 12:00:00+00:00,2027-01-24,12:00:00,2027,1,January,24,Sunday,3,12,21.0,REGULAR_SEASON,SCHEDULED,100,AS Roma,115,Udinese Calcio,-1,-1,
558435,2019,Serie A,2494,2027-01-24 12:00:00+00:00,2027-01-24,12:00:00,2027,1,January,24,Sunday,3,12,21.0,REGULAR_SEASON,SCHEDULED,103,Bologna FC 1909,102,Atalanta BC,-1,-1,
558438,2019,Serie A,2494,2027-01-24 12:00:00+00:00,2027-01-24,12:00:00,2027,1,January,24,Sunday,3,12,21.0,REGULAR_SEASON,SCHEDULED,5911,AC Monza,110,SS Lazio,-1,-1,
564831,2014,Primera Division,2518,2027-01-24 12:00:00+00:00,2027-01-24,12:00:00,2027,1,January,24,Sunday,3,12,21.0,REGULAR_SEASON,SCHEDULED,285,Elche CF,87,Rayo Vallecano de Madrid,-1,-1,
564828,2014,Primera Division,2518,2027-01-24 12:00:00+00:00,2027-01-24,12:00:00,2027,1,January,24,Sunday,3,12,21.0,REGULAR_SEASON,SCHEDULED,86,Real Madrid CF,90,Real Betis Balompié,-1,-1,
564829,2014,Primera Division,2518,2027-01-24 12:00:00+00:00,2027-01-24,12:00:00,2027,1,January,24,Sunday,3,12,21.0,REGULAR_SEASON,SCHEDULED,82,Getafe CF,79,CA Osasuna,-1,-1,
564830,2014,Primera Division,2518,2027-01-24 12:00:00+00:00,2027-01-24,12:00:00,2027,1,January,24,Sunday,3,12,21.0,REGULAR_SEASON,SCHEDULED,95,Valencia CF,559,Sevilla FC,-1,-1,
564832,2014,Primera Division,2518,2027-01-24 12:00:00+00:00,2027-01-24,12:00:00,2027,1,January,24,Sunday,3,12,21.0,REGULAR_SEASON,SCHEDULED,263,Deportivo Alavés,81,FC Barcelona,-1,-1,
564833,2014,Primera Division,2518,2027-01-24 12:00:00+00:00,2027-01-24,12:00:00,2027,1,January,24,Sunday,3,12,21.0,REGULAR_SEASON,SCHEDULED,92,Real Sociedad de Fútbol,84,Málaga CF,-1,-1,
558437,2019,Serie A,2494,2027-01-24 12:00:00+00:00,2027-01-24,12:00:00,2027,1,January,24,Sunday,3,12,21.0,REGULAR_SEASON,SCHEDULED,7397,Como 1907,113,SSC Napoli,-1,-1,
564835,2014,Primera Division,2518,2027-01-24 12:00:00+00:00,2027-01-24,12:00:00,2027,1,January,24,Sunday,3,12,21.0,REGULAR_SEASON,SCHEDULED,77,Athletic Club,88,Levante UD,-1,-1,
564836,2014,Primera Division,2518,2027-01-24 12:00:00+00:00,2027-01-24,12:00:00,2027,1,January,24,Sunday,3,12,21.0,REGULAR_SEASON,SCHEDULED,80,RCD Espanyol de Barcelona,94,Villarreal CF,-1,-1,
564837,2014,Primera Division,2518,2027-01-24 12:00:00+00:00,2027-01-24,12:00:00,2027,1,January,24,Sunday,3,12,21.0,REGULAR_SEASON,SCHEDULED,560,RC Deportivo La Coruña,78,Club Atlético de Madrid,-1,-1,
564834,2014,Primera Division,2518,2027-01-24 12:00:00+00:00,2027-01-24,12:00:00,2027,1,January,24,Sunday,3,12,21.0,REGULAR_SEASON,SCHEDULED,5335,Real Racing Club de Santander,558,RC Celta de Vigo,-1,-1,
565943,2002,Bundesliga,2522,2027-01-30 00:00:00+00:00,2027-01-30,00:00:00,2027,1,January,30,Saturday,4,0,19.0,REGULAR_SEASON,SCHEDULED,28,1. FC Union Berlin,3,Bayer 04 Leverkusen,-1,-1,
565941,2002,Bundesliga,2522,2027-01-30 00:00:00+00:00,2027-01-30,00:00:00,2027,1,January,30,Saturday,4,0,19.0,REGULAR_SEASON,SCHEDULED,721,RB Leipzig,12,SV Werder Bremen,-1,-1,
565946,2002,Bundesliga,2522,2027-01-30 00:00:00+00:00,2027-01-30,00:00:00,2027,1,January,30,Saturday,4,0,19.0,REGULAR_SEASON,SCHEDULED,5,FC Bayern München,6,FC Schalke 04,-1,-1,
565945,2002,Bundesliga,2522,2027-01-30 00:00:00+00:00,2027-01-30,00:00:00,2027,1,January,30,Saturday,4,0,19.0,REGULAR_SEASON,SCHEDULED,4,Borussia Dortmund,2,TSG 1899 Hoffenheim,-1,-1,
565944,2002,Bundesliga,2522,2027-01-30 00:00:00+00:00,2027-01-30,00:00:00,2027,1,January,30,Saturday,4,0,19.0,REGULAR_SEASON,SCHEDULED,17,SC Freiburg,29,SC Paderborn 07,-1,-1,
565938,2002,Bundesliga,2522,2027-01-30 00:00:00+00:00,2027-01-30,00:00:00,2027,1,January,30,Saturday,4,0,19.0,REGULAR_SEASON,SCHEDULED,719,SV 07 Elversberg,18,Borussia Mönchengladbach,-1,-1,
565942,2002,Bundesliga,2522,2027-01-30 00:00:00+00:00,2027-01-30,00:00:00,2027,1,January,30,Saturday,4,0,19.0,REGULAR_SEASON,SCHEDULED,1,1. FC Köln,10,VfB Stuttgart,-1,-1,
565939,2002,Bundesliga,2522,2027-01-30 00:00:00+00:00,2027-01-30,00:00:00,2027,1,January,30,Saturday,4,0,19.0,REGULAR_SEASON,SCHEDULED,16,FC Augsburg,19,Eintracht Frankfurt,-1,-1,
565940,2002,Bundesliga,2522,2027-01-30 00:00:00+00:00,2027-01-30,00:00:00,2027,1,January,30,Saturday,4,0,19.0,REGULAR_SEASON,SCHEDULED,15,1. FSV Mainz 05,7,Hamburger SV,-1,-1,
560763,2021,Premier League,2502,2027-01-30 12:00:00+00:00,2027-01-30,12:00:00,2027,1,January,30,Saturday,4,12,23.0,REGULAR_SEASON,SCHEDULED,402,Brentford FC,66,Manchester United FC,-1,-1,
560764,2021,Premier League,2502,2027-01-30 12:00:00+00:00,2027-01-30,12:00:00,2027,1,January,30,Saturday,4,12,23.0,REGULAR_SEASON,SCHEDULED,67,Newcastle United FC,397,Brighton & Hove Albion FC,-1,-1,
560765,2021,Premier League,2502,2027-01-30 12:00:00+00:00,2027-01-30,12:00:00,2027,1,January,30,Saturday,4,12,23.0,REGULAR_SEASON,SCHEDULED,322,Hull City AFC,354,Crystal Palace FC,-1,-1,
560766,2021,Premier League,2502,2027-01-30 12:00:00+00:00,2027-01-30,12:00:00,2027,1,January,30,Saturday,4,12,23.0,REGULAR_SEASON,SCHEDULED,1076,Coventry City FC,341,Leeds United FC,-1,-1,
560767,2021,Premier League,2502,2027-01-30 12:00:00+00:00,2027-01-30,12:00:00,2027,1,January,30,Saturday,4,12,23.0,REGULAR_SEASON,SCHEDULED,1044,AFC Bournemouth,63,Fulham FC,-1,-1,
560768,2021,Premier League,2502,2027-01-30 12:00:00+00:00,2027-01-30,12:00:00,2027,1,January,30,Saturday,4,12,23.0,REGULAR_SEASON,SCHEDULED,61,Chelsea FC,351,Nottingham Forest FC,-1,-1,
560769,2021,Premier League,2502,2027-01-30 12:00:00+00:00,2027-01-30,12:00:00,2027,1,January,30,Saturday,4,12,23.0,REGULAR_SEASON,SCHEDULED,64,Liverpool FC,62,Everton FC,-1,-1,
560770,2021,Premier League,2502,2027-01-30 12:00:00+00:00,2027-01-30,12:00:00,2027,1,January,30,Saturday,4,12,23.0,REGULAR_SEASON,SCHEDULED,65,Manchester City FC,57,Arsenal FC,-1,-1,
560771,2021,Premier League,2502,2027-01-30 12:00:00+00:00,2027-01-30,12:00:00,2027,1,January,30,Saturday,4,12,23.0,REGULAR_SEASON,SCHEDULED,58,Aston Villa FC,349,Ipswich Town FC,-1,-1,
560762,2021,Premier League,2502,2027-01-30 12:00:00+00:00,2027-01-30,12:00:00,2027,1,January,30,Saturday,4,12,23.0,REGULAR_SEASON,SCHEDULED,73,Tottenham Hotspur FC,71,Sunderland AFC,-1,-1,
558425,2019,Serie A,2494,2027-01-31 12:00:00+00:00,2027-01-31,12:00:00,2027,1,January,31,Sunday,4,12,22.0,REGULAR_SEASON,SCHEDULED,104,Cagliari Calcio,112,Parma Calcio 1913,-1,-1,
564847,2014,Primera Division,2518,2027-01-31 12:00:00+00:00,2027-01-31,12:00:00,2027,1,January,31,Sunday,4,12,22.0,REGULAR_SEASON,SCHEDULED,84,Málaga CF,263,Deportivo Alavés,-1,-1,
564845,2014,Primera Division,2518,2027-01-31 12:00:00+00:00,2027-01-31,12:00:00,2027,1,January,31,Sunday,4,12,22.0,REGULAR_SEASON,SCHEDULED,559,Sevilla FC,77,Athletic Club,-1,-1,
564844,2014,Primera Division,2518,2027-01-31 12:00:00+00:00,2027-01-31,12:00:00,2027,1,January,31,Sunday,4,12,22.0,REGULAR_SEASON,SCHEDULED,81,FC Barcelona,95,Valencia CF,-1,-1,
564838,2014,Primera Division,2518,2027-01-31 12:00:00+00:00,2027-01-31,12:00:00,2027,1,January,31,Sunday,4,12,22.0,REGULAR_SEASON,SCHEDULED,90,Real Betis Balompié,285,Elche CF,-1,-1,
564842,2014,Primera Division,2518,2027-01-31 12:00:00+00:00,2027-01-31,12:00:00,2027,1,January,31,Sunday,4,12,22.0,REGULAR_SEASON,SCHEDULED,94,Villarreal CF,5335,Real Racing Club de Santander,-1,-1,
564841,2014,Primera Division,2518,2027-01-31 12:00:00+00:00,2027-01-31,12:00:00,2027,1,January,31,Sunday,4,12,22.0,REGULAR_SEASON,SCHEDULED,558,RC Celta de Vigo,82,Getafe CF,-1,-1,
564840,2014,Primera Division,2518,2027-01-31 12:00:00+00:00,2027-01-31,12:00:00,2027,1,January,31,Sunday,4,12,22.0,REGULAR_SEASON,SCHEDULED,78,Club Atlético de Madrid,80,RCD Espanyol de Barcelona,-1,-1,
564839,2014,Primera Division,2518,2027-01-31 12:00:00+00:00,2027-01-31,12:00:00,2027,1,January,31,Sunday,4,12,22.0,REGULAR_SEASON,SCHEDULED,87,Rayo Vallecano de Madrid,86,Real Madrid CF,-1,-1,
558426,2019,Serie A,2494,2027-01-31 12:00:00+00:00,2027-01-31,12:00:00,2027,1,January,31,Sunday,4,12,22.0,REGULAR_SEASON,SCHEDULED,102,Atalanta BC,99,ACF Fiorentina,-1,-1,
564843,2014,Primera Division,2518,2027-01-31 12:00:00+00:00,2027-01-31,12:00:00,2027,1,January,31,Sunday,4,12,22.0,REGULAR_SEASON,SCHEDULED,88,Levante UD,92,Real Sociedad de Fútbol,-1,-1,
558427,2019,Serie A,2494,2027-01-31 12:00:00+00:00,2027-01-31,12:00:00,2027,1,January,31,Sunday,4,12,22.0,REGULAR_SEASON,SCHEDULED,110,SS Lazio,454,Venezia FC,-1,-1,
564846,2014,Primera Division,2518,2027-01-31 12:00:00+00:00,2027-01-31,12:00:00,2027,1,January,31,Sunday,4,12,22.0,REGULAR_SEASON,SCHEDULED,79,CA Osasuna,560,RC Deportivo La Coruña,-1,-1,
558422,2019,Serie A,2494,2027-01-31 12:00:00+00:00,2027-01-31,12:00:00,2027,1,January,31,Sunday,4,12,22.0,REGULAR_SEASON,SCHEDULED,115,Udinese Calcio,103,Bologna FC 1909,-1,-1,
558419,2019,Serie A,2494,2027-01-31 12:00:00+00:00,2027-01-31,12:00:00,2027,1,January,31,Sunday,4,12,22.0,REGULAR_SEASON,SCHEDULED,98,AC Milan,109,Juventus FC,-1,-1,
558420,2019,Serie A,2494,2027-01-31 12:00:00+00:00,2027-01-31,12:00:00,2027,1,January,31,Sunday,4,12,22.0,REGULAR_SEASON,SCHEDULED,5911,AC Monza,100,AS Roma,-1,-1,
558424,2019,Serie A,2494,2027-01-31 12:00:00+00:00,2027-01-31,12:00:00,2027,1,January,31,Sunday,4,12,22.0,REGULAR_SEASON,SCHEDULED,107,Genoa CFC,5890,US Lecce,-1,-1,
558423,2019,Serie A,2494,2027-01-31 12:00:00+00:00,2027-01-31,12:00:00,2027,1,January,31,Sunday,4,12,22.0,REGULAR_SEASON,SCHEDULED,471,US Sassuolo Calcio,7397,Como 1907,-1,-1,
558428,2019,Serie A,2494,2027-01-31 12:00:00+00:00,2027-01-31,12:00:00,2027,1,January,31,Sunday,4,12,22.0,REGULAR_SEASON,SCHEDULED,113,SSC Napoli,108,FC Internazionale Milano,-1,-1,
558421,2019,Serie A,2494,2027-01-31 12:00:00+00:00,2027-01-31,12:00:00,2027,1,January,31,Sunday,4,12,22.0,REGULAR_SEASON,SCHEDULED,586,Torino FC,470,Frosinone Calcio,-1,-1,
565954,2002,Bundesliga,2522,2027-02-06 00:00:00+00:00,2027-02-06,00:00:00,2027,2,February,6,Saturday,5,0,20.0,REGULAR_SEASON,SCHEDULED,5,FC Bayern München,719,SV 07 Elversberg,-1,-1,
565953,2002,Bundesliga,2522,2027-02-06 00:00:00+00:00,2027-02-06,00:00:00,2027,2,February,6,Saturday,5,0,20.0,REGULAR_SEASON,SCHEDULED,10,VfB Stuttgart,2,TSG 1899 Hoffenheim,-1,-1,
565951,2002,Bundesliga,2522,2027-02-06 00:00:00+00:00,2027-02-06,00:00:00,2027,2,February,6,Saturday,5,0,20.0,REGULAR_SEASON,SCHEDULED,3,Bayer 04 Leverkusen,16,FC Augsburg,-1,-1,
565950,2002,Bundesliga,2522,2027-02-06 00:00:00+00:00,2027-02-06,00:00:00,2027,2,February,6,Saturday,5,0,20.0,REGULAR_SEASON,SCHEDULED,7,Hamburger SV,721,RB Leipzig,-1,-1,
565952,2002,Bundesliga,2522,2027-02-06 00:00:00+00:00,2027-02-06,00:00:00,2027,2,February,6,Saturday,5,0,20.0,REGULAR_SEASON,SCHEDULED,12,SV Werder Bremen,1,1. FC Köln,-1,-1,
565949,2002,Bundesliga,2522,2027-02-06 00:00:00+00:00,2027-02-06,00:00:00,2027,2,February,6,Saturday,5,0,20.0,REGULAR_SEASON,SCHEDULED,6,FC Schalke 04,28,1. FC Union Berlin,-1,-1,
565948,2002,Bundesliga,2522,2027-02-06 00:00:00+00:00,2027-02-06,00:00:00,2027,2,February,6,Saturday,5,0,20.0,REGULAR_SEASON,SCHEDULED,18,Borussia Mönchengladbach,17,SC Freiburg,-1,-1,
565947,2002,Bundesliga,2522,2027-02-06 00:00:00+00:00,2027-02-06,00:00:00,2027,2,February,6,Saturday,5,0,20.0,REGULAR_SEASON,SCHEDULED,19,Eintracht Frankfurt,15,1. FSV Mainz 05,-1,-1,
565955,2002,Bundesliga,2522,2027-02-06 00:00:00+00:00,2027-02-06,00:00:00,2027,2,February,6,Saturday,5,0,20.0,REGULAR_SEASON,SCHEDULED,29,SC Paderborn 07,4,Borussia Dortmund,-1,-1,
560773,2021,Premier League,2502,2027-02-06 12:00:00+00:00,2027-02-06,12:00:00,2027,2,February,6,Saturday,5,12,24.0,REGULAR_SEASON,SCHEDULED,397,Brighton & Hove Albion FC,322,Hull City AFC,-1,-1,
560772,2021,Premier League,2502,2027-02-06 12:00:00+00:00,2027-02-06,12:00:00,2027,2,February,6,Saturday,5,12,24.0,REGULAR_SEASON,SCHEDULED,57,Arsenal FC,64,Liverpool FC,-1,-1,
560781,2021,Premier League,2502,2027-02-06 12:00:00+00:00,2027-02-06,12:00:00,2027,2,February,6,Saturday,5,12,24.0,REGULAR_SEASON,SCHEDULED,351,Nottingham Forest FC,402,Brentford FC,-1,-1,
560779,2021,Premier League,2502,2027-02-06 12:00:00+00:00,2027-02-06,12:00:00,2027,2,February,6,Saturday,5,12,24.0,REGULAR_SEASON,SCHEDULED,341,Leeds United FC,1044,AFC Bournemouth,-1,-1,
560778,2021,Premier League,2502,2027-02-06 12:00:00+00:00,2027-02-06,12:00:00,2027,2,February,6,Saturday,5,12,24.0,REGULAR_SEASON,SCHEDULED,63,Fulham FC,65,Manchester City FC,-1,-1,
560777,2021,Premier League,2502,2027-02-06 12:00:00+00:00,2027-02-06,12:00:00,2027,2,February,6,Saturday,5,12,24.0,REGULAR_SEASON,SCHEDULED,62,Everton FC,67,Newcastle United FC,-1,-1,
560776,2021,Premier League,2502,2027-02-06 12:00:00+00:00,2027-02-06,12:00:00,2027,2,February,6,Saturday,5,12,24.0,REGULAR_SEASON,SCHEDULED,349,Ipswich Town FC,73,Tottenham Hotspur FC,-1,-1,
560774,2021,Premier League,2502,2027-02-06 12:00:00+00:00,2027-02-06,12:00:00,2027,2,February,6,Saturday,5,12,24.0,REGULAR_SEASON,SCHEDULED,71,Sunderland AFC,58,Aston Villa FC,-1,-1,
560775,2021,Premier League,2502,2027-02-06 12:00:00+00:00,2027-02-06,12:00:00,2027,2,February,6,Saturday,5,12,24.0,REGULAR_SEASON,SCHEDULED,354,Crystal Palace FC,1076,Coventry City FC,-1,-1,
560780,2021,Premier League,2502,2027-02-06 12:00:00+00:00,2027-02-06,12:00:00,2027,2,February,6,Saturday,5,12,24.0,REGULAR_SEASON,SCHEDULED,66,Manchester United FC,61,Chelsea FC,-1,-1,
558414,2019,Serie A,2494,2027-02-07 12:00:00+00:00,2027-02-07,12:00:00,2027,2,February,7,Sunday,5,12,23.0,REGULAR_SEASON,SCHEDULED,100,AS Roma,586,Torino FC,-1,-1,
558415,2019,Serie A,2494,2027-02-07 12:00:00+00:00,2027-02-07,12:00:00,2027,2,February,7,Sunday,5,12,23.0,REGULAR_SEASON,SCHEDULED,102,Atalanta BC,110,SS Lazio,-1,-1,
558416,2019,Serie A,2494,2027-02-07 12:00:00+00:00,2027-02-07,12:00:00,2027,2,February,7,Sunday,5,12,23.0,REGULAR_SEASON,SCHEDULED,112,Parma Calcio 1913,470,Frosinone Calcio,-1,-1,
558417,2019,Serie A,2494,2027-02-07 12:00:00+00:00,2027-02-07,12:00:00,2027,2,February,7,Sunday,5,12,23.0,REGULAR_SEASON,SCHEDULED,103,Bologna FC 1909,98,AC Milan,-1,-1,
558412,2019,Serie A,2494,2027-02-07 12:00:00+00:00,2027-02-07,12:00:00,2027,2,February,7,Sunday,5,12,23.0,REGULAR_SEASON,SCHEDULED,5890,US Lecce,113,SSC Napoli,-1,-1,
558411,2019,Serie A,2494,2027-02-07 12:00:00+00:00,2027-02-07,12:00:00,2027,2,February,7,Sunday,5,12,23.0,REGULAR_SEASON,SCHEDULED,7397,Como 1907,5911,AC Monza,-1,-1,
558413,2019,Serie A,2494,2027-02-07 12:00:00+00:00,2027-02-07,12:00:00,2027,2,February,7,Sunday,5,12,23.0,REGULAR_SEASON,SCHEDULED,454,Venezia FC,107,Genoa CFC,-1,-1,
558418,2019,Serie A,2494,2027-02-07 12:00:00+00:00,2027-02-07,12:00:00,2027,2,February,7,Sunday,5,12,23.0,REGULAR_SEASON,SCHEDULED,99,ACF Fiorentina,115,Udinese Calcio,-1,-1,
558410,2019,Serie A,2494,2027-02-07 12:00:00+00:00,2027-02-07,12:00:00,2027,2,February,7,Sunday,5,12,23.0,REGULAR_SEASON,SCHEDULED,108,FC Internazionale Milano,104,Cagliari Calcio,-1,-1,
558409,2019,Serie A,2494,2027-02-07 12:00:00+00:00,2027-02-07,12:00:00,2027,2,February,7,Sunday,5,12,23.0,REGULAR_SEASON,SCHEDULED,109,Juventus FC,471,US Sassuolo Calcio,-1,-1,
564855,2014,Primera Division,2518,2027-02-07 12:00:00+00:00,2027-02-07,12:00:00,2027,2,February,7,Sunday,5,12,23.0,REGULAR_SEASON,SCHEDULED,92,Real Sociedad de Fútbol,86,Real Madrid CF,-1,-1,
564849,2014,Primera Division,2518,2027-02-07 12:00:00+00:00,2027-02-07,12:00:00,2027,2,February,7,Sunday,5,12,23.0,REGULAR_SEASON,SCHEDULED,263,Deportivo Alavés,558,RC Celta de Vigo,-1,-1,
564850,2014,Primera Division,2518,2027-02-07 12:00:00+00:00,2027-02-07,12:00:00,2027,2,February,7,Sunday,5,12,23.0,REGULAR_SEASON,SCHEDULED,90,Real Betis Balompié,559,Sevilla FC,-1,-1,
564851,2014,Primera Division,2518,2027-02-07 12:00:00+00:00,2027-02-07,12:00:00,2027,2,February,7,Sunday,5,12,23.0,REGULAR_SEASON,SCHEDULED,285,Elche CF,88,Levante UD,-1,-1,
564852,2014,Primera Division,2518,2027-02-07 12:00:00+00:00,2027-02-07,12:00:00,2027,2,February,7,Sunday,5,12,23.0,REGULAR_SEASON,SCHEDULED,80,RCD Espanyol de Barcelona,87,Rayo Vallecano de Madrid,-1,-1,
564853,2014,Primera Division,2518,2027-02-07 12:00:00+00:00,2027-02-07,12:00:00,2027,2,February,7,Sunday,5,12,23.0,REGULAR_SEASON,SCHEDULED,82,Getafe CF,94,Villarreal CF,-1,-1,
564854,2014,Primera Division,2518,2027-02-07 12:00:00+00:00,2027-02-07,12:00:00,2027,2,February,7,Sunday,5,12,23.0,REGULAR_SEASON,SCHEDULED,560,RC Deportivo La Coruña,84,Málaga CF,-1,-1,
564856,2014,Primera Division,2518,2027-02-07 12:00:00+00:00,2027-02-07,12:00:00,2027,2,February,7,Sunday,5,12,23.0,REGULAR_SEASON,SCHEDULED,95,Valencia CF,5335,Real Racing Club de Santander,-1,-1,
564857,2014,Primera Division,2518,2027-02-07 12:00:00+00:00,2027-02-07,12:00:00,2027,2,February,7,Sunday,5,12,23.0,REGULAR_SEASON,SCHEDULED,81,FC Barcelona,78,Club Atlético de Madrid,-1,-1,
564848,2014,Primera Division,2518,2027-02-07 12:00:00+00:00,2027-02-07,12:00:00,2027,2,February,7,Sunday,5,12,23.0,REGULAR_SEASON,SCHEDULED,77,Athletic Club,79,CA Osasuna,-1,-1,
560788,2021,Premier League,2502,2027-02-10 12:00:00+00:00,2027-02-10,12:00:00,2027,2,February,10,Wednesday,6,12,25.0,REGULAR_SEASON,SCHEDULED,63,Fulham FC,351,Nottingham Forest FC,-1,-1,
560787,2021,Premier League,2502,2027-02-10 12:00:00+00:00,2027-02-10,12:00:00,2027,2,February,10,Wednesday,6,12,25.0,REGULAR_SEASON,SCHEDULED,67,Newcastle United FC,61,Chelsea FC,-1,-1,
560786,2021,Premier League,2502,2027-02-10 12:00:00+00:00,2027-02-10,12:00:00,2027,2,February,10,Wednesday,6,12,25.0,REGULAR_SEASON,SCHEDULED,354,Crystal Palace FC,402,Brentford FC,-1,-1,
560791,2021,Premier League,2502,2027-02-10 12:00:00+00:00,2027-02-10,12:00:00,2027,2,February,10,Wednesday,6,12,25.0,REGULAR_SEASON,SCHEDULED,349,Ipswich Town FC,57,Arsenal FC,-1,-1,
560784,2021,Premier League,2502,2027-02-10 12:00:00+00:00,2027-02-10,12:00:00,2027,2,February,10,Wednesday,6,12,25.0,REGULAR_SEASON,SCHEDULED,322,Hull City AFC,71,Sunderland AFC,-1,-1,
560783,2021,Premier League,2502,2027-02-10 12:00:00+00:00,2027-02-10,12:00:00,2027,2,February,10,Wednesday,6,12,25.0,REGULAR_SEASON,SCHEDULED,1076,Coventry City FC,64,Liverpool FC,-1,-1,
560782,2021,Premier League,2502,2027-02-10 12:00:00+00:00,2027-02-10,12:00:00,2027,2,February,10,Wednesday,6,12,25.0,REGULAR_SEASON,SCHEDULED,62,Everton FC,341,Leeds United FC,-1,-1,
560785,2021,Premier League,2502,2027-02-10 12:00:00+00:00,2027-02-10,12:00:00,2027,2,February,10,Wednesday,6,12,25.0,REGULAR_SEASON,SCHEDULED,58,Aston Villa FC,1044,AFC Bournemouth,-1,-1,
560789,2021,Premier League,2502,2027-02-10 12:00:00+00:00,2027-02-10,12:00:00,2027,2,February,10,Wednesday,6,12,25.0,REGULAR_SEASON,SCHEDULED,73,Tottenham Hotspur FC,65,Manchester City FC,-1,-1,
560790,2021,Premier League,2502,2027-02-10 12:00:00+00:00,2027-02-10,12:00:00,2027,2,February,10,Wednesday,6,12,25.0,REGULAR_SEASON,SCHEDULED,66,Manchester United FC,397,Brighton & Hove Albion FC,-1,-1,
565964,2002,Bundesliga,2522,2027-02-13 00:00:00+00:00,2027-02-13,00:00:00,2027,2,February,13,Saturday,6,0,21.0,REGULAR_SEASON,SCHEDULED,721,RB Leipzig,3,Bayer 04 Leverkusen,-1,-1,
565963,2002,Bundesliga,2522,2027-02-13 00:00:00+00:00,2027-02-13,00:00:00,2027,2,February,13,Saturday,6,0,21.0,REGULAR_SEASON,SCHEDULED,16,FC Augsburg,12,SV Werder Bremen,-1,-1,
565962,2002,Bundesliga,2522,2027-02-13 00:00:00+00:00,2027-02-13,00:00:00,2027,2,February,13,Saturday,6,0,21.0,REGULAR_SEASON,SCHEDULED,17,SC Freiburg,19,Eintracht Frankfurt,-1,-1,
565961,2002,Bundesliga,2522,2027-02-13 00:00:00+00:00,2027-02-13,00:00:00,2027,2,February,13,Saturday,6,0,21.0,REGULAR_SEASON,SCHEDULED,2,TSG 1899 Hoffenheim,29,SC Paderborn 07,-1,-1,
565960,2002,Bundesliga,2522,2027-02-13 00:00:00+00:00,2027-02-13,00:00:00,2027,2,February,13,Saturday,6,0,21.0,REGULAR_SEASON,SCHEDULED,4,Borussia Dortmund,10,VfB Stuttgart,-1,-1,
565959,2002,Bundesliga,2522,2027-02-13 00:00:00+00:00,2027-02-13,00:00:00,2027,2,February,13,Saturday,6,0,21.0,REGULAR_SEASON,SCHEDULED,719,SV 07 Elversberg,6,FC Schalke 04,-1,-1,
565958,2002,Bundesliga,2522,2027-02-13 00:00:00+00:00,2027-02-13,00:00:00,2027,2,February,13,Saturday,6,0,21.0,REGULAR_SEASON,SCHEDULED,28,1. FC Union Berlin,5,FC Bayern München,-1,-1,
565957,2002,Bundesliga,2522,2027-02-13 00:00:00+00:00,2027-02-13,00:00:00,2027,2,February,13,Saturday,6,0,21.0,REGULAR_SEASON,SCHEDULED,15,1. FSV Mainz 05,18,Borussia Mönchengladbach,-1,-1,
565956,2002,Bundesliga,2522,2027-02-13 00:00:00+00:00,2027-02-13,00:00:00,2027,2,February,13,Saturday,6,0,21.0,REGULAR_SEASON,SCHEDULED,1,1. FC Köln,7,Hamburger SV,-1,-1,
558403,2019,Serie A,2494,2027-02-14 12:00:00+00:00,2027-02-14,12:00:00,2027,2,February,14,Sunday,6,12,24.0,REGULAR_SEASON,SCHEDULED,103,Bologna FC 1909,7397,Como 1907,-1,-1,
558399,2019,Serie A,2494,2027-02-14 12:00:00+00:00,2027-02-14,12:00:00,2027,2,February,14,Sunday,6,12,24.0,REGULAR_SEASON,SCHEDULED,113,SSC Napoli,109,Juventus FC,-1,-1,
564867,2014,Primera Division,2518,2027-02-14 12:00:00+00:00,2027-02-14,12:00:00,2027,2,February,14,Sunday,6,12,24.0,REGULAR_SEASON,SCHEDULED,86,Real Madrid CF,77,Athletic Club,-1,-1,
564866,2014,Primera Division,2518,2027-02-14 12:00:00+00:00,2027-02-14,12:00:00,2027,2,February,14,Sunday,6,12,24.0,REGULAR_SEASON,SCHEDULED,5335,Real Racing Club de Santander,82,Getafe CF,-1,-1,
564865,2014,Primera Division,2518,2027-02-14 12:00:00+00:00,2027-02-14,12:00:00,2027,2,February,14,Sunday,6,12,24.0,REGULAR_SEASON,SCHEDULED,88,Levante UD,84,Málaga CF,-1,-1,
564864,2014,Primera Division,2518,2027-02-14 12:00:00+00:00,2027-02-14,12:00:00,2027,2,February,14,Sunday,6,12,24.0,REGULAR_SEASON,SCHEDULED,95,Valencia CF,263,Deportivo Alavés,-1,-1,
564858,2014,Primera Division,2518,2027-02-14 12:00:00+00:00,2027-02-14,12:00:00,2027,2,February,14,Sunday,6,12,24.0,REGULAR_SEASON,SCHEDULED,559,Sevilla FC,80,RCD Espanyol de Barcelona,-1,-1,
564861,2014,Primera Division,2518,2027-02-14 12:00:00+00:00,2027-02-14,12:00:00,2027,2,February,14,Sunday,6,12,24.0,REGULAR_SEASON,SCHEDULED,94,Villarreal CF,81,FC Barcelona,-1,-1,
564860,2014,Primera Division,2518,2027-02-14 12:00:00+00:00,2027-02-14,12:00:00,2027,2,February,14,Sunday,6,12,24.0,REGULAR_SEASON,SCHEDULED,558,RC Celta de Vigo,87,Rayo Vallecano de Madrid,-1,-1,
564859,2014,Primera Division,2518,2027-02-14 12:00:00+00:00,2027-02-14,12:00:00,2027,2,February,14,Sunday,6,12,24.0,REGULAR_SEASON,SCHEDULED,79,CA Osasuna,78,Club Atlético de Madrid,-1,-1,
558400,2019,Serie A,2494,2027-02-14 12:00:00+00:00,2027-02-14,12:00:00,2027,2,February,14,Sunday,6,12,24.0,REGULAR_SEASON,SCHEDULED,5911,AC Monza,5890,US Lecce,-1,-1,
564862,2014,Primera Division,2518,2027-02-14 12:00:00+00:00,2027-02-14,12:00:00,2027,2,February,14,Sunday,6,12,24.0,REGULAR_SEASON,SCHEDULED,92,Real Sociedad de Fútbol,90,Real Betis Balompié,-1,-1,
558401,2019,Serie A,2494,2027-02-14 12:00:00+00:00,2027-02-14,12:00:00,2027,2,February,14,Sunday,6,12,24.0,REGULAR_SEASON,SCHEDULED,586,Torino FC,471,US Sassuolo Calcio,-1,-1,
564863,2014,Primera Division,2518,2027-02-14 12:00:00+00:00,2027-02-14,12:00:00,2027,2,February,14,Sunday,6,12,24.0,REGULAR_SEASON,SCHEDULED,285,Elche CF,560,RC Deportivo La Coruña,-1,-1,
558402,2019,Serie A,2494,2027-02-14 12:00:00+00:00,2027-02-14,12:00:00,2027,2,February,14,Sunday,6,12,24.0,REGULAR_SEASON,SCHEDULED,470,Frosinone Calcio,99,ACF Fiorentina,-1,-1,
558408,2019,Serie A,2494,2027-02-14 12:00:00+00:00,2027-02-14,12:00:00,2027,2,February,14,Sunday,6,12,24.0,REGULAR_SEASON,SCHEDULED,108,FC Internazionale Milano,98,AC Milan,-1,-1,
558407,2019,Serie A,2494,2027-02-14 12:00:00+00:00,2027-02-14,12:00:00,2027,2,February,14,Sunday,6,12,24.0,REGULAR_SEASON,SCHEDULED,104,Cagliari Calcio,110,SS Lazio,-1,-1,
558406,2019,Serie A,2494,2027-02-14 12:00:00+00:00,2027-02-14,12:00:00,2027,2,February,14,Sunday,6,12,24.0,REGULAR_SEASON,SCHEDULED,107,Genoa CFC,102,Atalanta BC,-1,-1,
558405,2019,Serie A,2494,2027-02-14 12:00:00+00:00,2027-02-14,12:00:00,2027,2,February,14,Sunday,6,12,24.0,REGULAR_SEASON,SCHEDULED,115,Udinese Calcio,454,Venezia FC,-1,-1,
558404,2019,Serie A,2494,2027-02-14 12:00:00+00:00,2027-02-14,12:00:00,2027,2,February,14,Sunday,6,12,24.0,REGULAR_SEASON,SCHEDULED,100,AS Roma,112,Parma Calcio 1913,-1,-1,
565965,2002,Bundesliga,2522,2027-02-20 00:00:00+00:00,2027-02-20,00:00:00,2027,2,February,20,Saturday,7,0,22.0,REGULAR_SEASON,SCHEDULED,6,FC Schalke 04,17,SC Freiburg,-1,-1,
565967,2002,Bundesliga,2522,2027-02-20 00:00:00+00:00,2027-02-20,00:00:00,2027,2,February,20,Saturday,7,0,22.0,REGULAR_SEASON,SCHEDULED,18,Borussia Mönchengladbach,1,1. FC Köln,-1,-1,
565968,2002,Bundesliga,2522,2027-02-20 00:00:00+00:00,2027-02-20,00:00:00,2027,2,February,20,Saturday,7,0,22.0,REGULAR_SEASON,SCHEDULED,12,SV Werder Bremen,4,Borussia Dortmund,-1,-1,
565969,2002,Bundesliga,2522,2027-02-20 00:00:00+00:00,2027-02-20,00:00:00,2027,2,February,20,Saturday,7,0,22.0,REGULAR_SEASON,SCHEDULED,7,Hamburger SV,2,TSG 1899 Hoffenheim,-1,-1,
565966,2002,Bundesliga,2522,2027-02-20 00:00:00+00:00,2027-02-20,00:00:00,2027,2,February,20,Saturday,7,0,22.0,REGULAR_SEASON,SCHEDULED,10,VfB Stuttgart,29,SC Paderborn 07,-1,-1,
565970,2002,Bundesliga,2522,2027-02-20 00:00:00+00:00,2027-02-20,00:00:00,2027,2,February,20,Saturday,7,0,22.0,REGULAR_SEASON,SCHEDULED,3,Bayer 04 Leverkusen,15,1. FSV Mainz 05,-1,-1,
565971,2002,Bundesliga,2522,2027-02-20 00:00:00+00:00,2027-02-20,00:00:00,2027,2,February,20,Saturday,7,0,22.0,REGULAR_SEASON,SCHEDULED,19,Eintracht Frankfurt,721,RB Leipzig,-1,-1,
565972,2002,Bundesliga,2522,2027-02-20 00:00:00+00:00,2027-02-20,00:00:00,2027,2,February,20,Saturday,7,0,22.0,REGULAR_SEASON,SCHEDULED,5,FC Bayern München,16,FC Augsburg,-1,-1,
565973,2002,Bundesliga,2522,2027-02-20 00:00:00+00:00,2027-02-20,00:00:00,2027,2,February,20,Saturday,7,0,22.0,REGULAR_SEASON,SCHEDULED,719,SV 07 Elversberg,28,1. FC Union Berlin,-1,-1,
560797,2021,Premier League,2502,2027-02-20 12:00:00+00:00,2027-02-20,12:00:00,2027,2,February,20,Saturday,7,12,26.0,REGULAR_SEASON,SCHEDULED,57,Arsenal FC,63,Fulham FC,-1,-1,
560794,2021,Premier League,2502,2027-02-20 12:00:00+00:00,2027-02-20,12:00:00,2027,2,February,20,Saturday,7,12,26.0,REGULAR_SEASON,SCHEDULED,402,Brentford FC,1076,Coventry City FC,-1,-1,
560798,2021,Premier League,2502,2027-02-20 12:00:00+00:00,2027-02-20,12:00:00,2027,2,February,20,Saturday,7,12,26.0,REGULAR_SEASON,SCHEDULED,351,Nottingham Forest FC,66,Manchester United FC,-1,-1,
560799,2021,Premier League,2502,2027-02-20 12:00:00+00:00,2027-02-20,12:00:00,2027,2,February,20,Saturday,7,12,26.0,REGULAR_SEASON,SCHEDULED,397,Brighton & Hove Albion FC,73,Tottenham Hotspur FC,-1,-1,
560800,2021,Premier League,2502,2027-02-20 12:00:00+00:00,2027-02-20,12:00:00,2027,2,February,20,Saturday,7,12,26.0,REGULAR_SEASON,SCHEDULED,71,Sunderland AFC,62,Everton FC,-1,-1,
560801,2021,Premier League,2502,2027-02-20 12:00:00+00:00,2027-02-20,12:00:00,2027,2,February,20,Saturday,7,12,26.0,REGULAR_SEASON,SCHEDULED,341,Leeds United FC,58,Aston Villa FC,-1,-1,
560793,2021,Premier League,2502,2027-02-20 12:00:00+00:00,2027-02-20,12:00:00,2027,2,February,20,Saturday,7,12,26.0,REGULAR_SEASON,SCHEDULED,1044,AFC Bournemouth,354,Crystal Palace FC,-1,-1,
560795,2021,Premier League,2502,2027-02-20 12:00:00+00:00,2027-02-20,12:00:00,2027,2,February,20,Saturday,7,12,26.0,REGULAR_SEASON,SCHEDULED,61,Chelsea FC,349,Ipswich Town FC,-1,-1,
560796,2021,Premier League,2502,2027-02-20 12:00:00+00:00,2027-02-20,12:00:00,2027,2,February,20,Saturday,7,12,26.0,REGULAR_SEASON,SCHEDULED,64,Liverpool FC,322,Hull City AFC,-1,-1,
560792,2021,Premier League,2502,2027-02-20 12:00:00+00:00,2027-02-20,12:00:00,2027,2,February,20,Saturday,7,12,26.0,REGULAR_SEASON,SCHEDULED,65,Manchester City FC,67,Newcastle United FC,-1,-1,
558390,2019,Serie A,2494,2027-02-21 12:00:00+00:00,2027-02-21,12:00:00,2027,2,February,21,Sunday,7,12,25.0,REGULAR_SEASON,SCHEDULED,102,Atalanta BC,5911,AC Monza,-1,-1,
558391,2019,Serie A,2494,2027-02-21 12:00:00+00:00,2027-02-21,12:00:00,2027,2,February,21,Sunday,7,12,25.0,REGULAR_SEASON,SCHEDULED,115,Udinese Calcio,112,Parma Calcio 1913,-1,-1,
564877,2014,Primera Division,2518,2027-02-21 12:00:00+00:00,2027-02-21,12:00:00,2027,2,February,21,Sunday,7,12,25.0,REGULAR_SEASON,SCHEDULED,87,Rayo Vallecano de Madrid,82,Getafe CF,-1,-1,
558393,2019,Serie A,2494,2027-02-21 12:00:00+00:00,2027-02-21,12:00:00,2027,2,February,21,Sunday,7,12,25.0,REGULAR_SEASON,SCHEDULED,99,ACF Fiorentina,108,FC Internazionale Milano,-1,-1,
564876,2014,Primera Division,2518,2027-02-21 12:00:00+00:00,2027-02-21,12:00:00,2027,2,February,21,Sunday,7,12,25.0,REGULAR_SEASON,SCHEDULED,560,RC Deportivo La Coruña,92,Real Sociedad de Fútbol,-1,-1,
564875,2014,Primera Division,2518,2027-02-21 12:00:00+00:00,2027-02-21,12:00:00,2027,2,February,21,Sunday,7,12,25.0,REGULAR_SEASON,SCHEDULED,78,Club Atlético de Madrid,285,Elche CF,-1,-1,
564874,2014,Primera Division,2518,2027-02-21 12:00:00+00:00,2027-02-21,12:00:00,2027,2,February,21,Sunday,7,12,25.0,REGULAR_SEASON,SCHEDULED,559,Sevilla FC,86,Real Madrid CF,-1,-1,
564873,2014,Primera Division,2518,2027-02-21 12:00:00+00:00,2027-02-21,12:00:00,2027,2,February,21,Sunday,7,12,25.0,REGULAR_SEASON,SCHEDULED,80,RCD Espanyol de Barcelona,79,CA Osasuna,-1,-1,
558392,2019,Serie A,2494,2027-02-21 12:00:00+00:00,2027-02-21,12:00:00,2027,2,February,21,Sunday,7,12,25.0,REGULAR_SEASON,SCHEDULED,109,Juventus FC,103,Bologna FC 1909,-1,-1,
564871,2014,Primera Division,2518,2027-02-21 12:00:00+00:00,2027-02-21,12:00:00,2027,2,February,21,Sunday,7,12,25.0,REGULAR_SEASON,SCHEDULED,81,FC Barcelona,88,Levante UD,-1,-1,
564870,2014,Primera Division,2518,2027-02-21 12:00:00+00:00,2027-02-21,12:00:00,2027,2,February,21,Sunday,7,12,25.0,REGULAR_SEASON,SCHEDULED,94,Villarreal CF,95,Valencia CF,-1,-1,
564869,2014,Primera Division,2518,2027-02-21 12:00:00+00:00,2027-02-21,12:00:00,2027,2,February,21,Sunday,7,12,25.0,REGULAR_SEASON,SCHEDULED,84,Málaga CF,90,Real Betis Balompié,-1,-1,
564868,2014,Primera Division,2518,2027-02-21 12:00:00+00:00,2027-02-21,12:00:00,2027,2,February,21,Sunday,7,12,25.0,REGULAR_SEASON,SCHEDULED,263,Deportivo Alavés,5335,Real Racing Club de Santander,-1,-1,
564872,2014,Primera Division,2518,2027-02-21 12:00:00+00:00,2027-02-21,12:00:00,2027,2,February,21,Sunday,7,12,25.0,REGULAR_SEASON,SCHEDULED,77,Athletic Club,558,RC Celta de Vigo,-1,-1,
558389,2019,Serie A,2494,2027-02-21 12:00:00+00:00,2027-02-21,12:00:00,2027,2,February,21,Sunday,7,12,25.0,REGULAR_SEASON,SCHEDULED,7397,Como 1907,586,Torino FC,-1,-1,
558394,2019,Serie A,2494,2027-02-21 12:00:00+00:00,2027-02-21,12:00:00,2027,2,February,21,Sunday,7,12,25.0,REGULAR_SEASON,SCHEDULED,471,US Sassuolo Calcio,100,AS Roma,-1,-1,
558395,2019,Serie A,2494,2027-02-21 12:00:00+00:00,2027-02-21,12:00:00,2027,2,February,21,Sunday,7,12,25.0,REGULAR_SEASON,SCHEDULED,98,AC Milan,107,Genoa CFC,-1,-1,
558396,2019,Serie A,2494,2027-02-21 12:00:00+00:00,2027-02-21,12:00:00,2027,2,February,21,Sunday,7,12,25.0,REGULAR_SEASON,SCHEDULED,454,Venezia FC,104,Cagliari Calcio,-1,-1,
558398,2019,Serie A,2494,2027-02-21 12:00:00+00:00,2027-02-21,12:00:00,2027,2,February,21,Sunday,7,12,25.0,REGULAR_SEASON,SCHEDULED,110,SS Lazio,113,SSC Napoli,-1,-1,
558397,2019,Serie A,2494,2027-02-21 12:00:00+00:00,2027-02-21,12:00:00,2027,2,February,21,Sunday,7,12,25.0,REGULAR_SEASON,SCHEDULED,5890,US Lecce,470,Frosinone Calcio,-1,-1,
565982,2002,Bundesliga,2522,2027-02-27 00:00:00+00:00,2027-02-27,00:00:00,2027,2,February,27,Saturday,8,0,23.0,REGULAR_SEASON,SCHEDULED,4,Borussia Dortmund,28,1. FC Union Berlin,-1,-1,
565981,2002,Bundesliga,2522,2027-02-27 00:00:00+00:00,2027-02-27,00:00:00,2027,2,February,27,Saturday,8,0,23.0,REGULAR_SEASON,SCHEDULED,721,RB Leipzig,5,FC Bayern München,-1,-1,
565980,2002,Bundesliga,2522,2027-02-27 00:00:00+00:00,2027-02-27,00:00:00,2027,2,February,27,Saturday,8,0,23.0,REGULAR_SEASON,SCHEDULED,29,SC Paderborn 07,12,SV Werder Bremen,-1,-1,
565979,2002,Bundesliga,2522,2027-02-27 00:00:00+00:00,2027-02-27,00:00:00,2027,2,February,27,Saturday,8,0,23.0,REGULAR_SEASON,SCHEDULED,2,TSG 1899 Hoffenheim,18,Borussia Mönchengladbach,-1,-1,
565978,2002,Bundesliga,2522,2027-02-27 00:00:00+00:00,2027-02-27,00:00:00,2027,2,February,27,Saturday,8,0,23.0,REGULAR_SEASON,SCHEDULED,15,1. FSV Mainz 05,6,FC Schalke 04,-1,-1,
565977,2002,Bundesliga,2522,2027-02-27 00:00:00+00:00,2027-02-27,00:00:00,2027,2,February,27,Saturday,8,0,23.0,REGULAR_SEASON,SCHEDULED,16,FC Augsburg,719,SV 07 Elversberg,-1,-1,
565976,2002,Bundesliga,2522,2027-02-27 00:00:00+00:00,2027-02-27,00:00:00,2027,2,February,27,Saturday,8,0,23.0,REGULAR_SEASON,SCHEDULED,17,SC Freiburg,3,Bayer 04 Leverkusen,-1,-1,
565975,2002,Bundesliga,2522,2027-02-27 00:00:00+00:00,2027-02-27,00:00:00,2027,2,February,27,Saturday,8,0,23.0,REGULAR_SEASON,SCHEDULED,1,1. FC Köln,19,Eintracht Frankfurt,-1,-1,
565974,2002,Bundesliga,2522,2027-02-27 00:00:00+00:00,2027-02-27,00:00:00,2027,2,February,27,Saturday,8,0,23.0,REGULAR_SEASON,SCHEDULED,10,VfB Stuttgart,7,Hamburger SV,-1,-1,
560803,2021,Premier League,2502,2027-02-27 12:00:00+00:00,2027-02-27,12:00:00,2027,2,February,27,Saturday,8,12,27.0,REGULAR_SEASON,SCHEDULED,66,Manchester United FC,57,Arsenal FC,-1,-1,
560809,2021,Premier League,2502,2027-02-27 12:00:00+00:00,2027-02-27,12:00:00,2027,2,February,27,Saturday,8,12,27.0,REGULAR_SEASON,SCHEDULED,73,Tottenham Hotspur FC,64,Liverpool FC,-1,-1,
560808,2021,Premier League,2502,2027-02-27 12:00:00+00:00,2027-02-27,12:00:00,2027,2,February,27,Saturday,8,12,27.0,REGULAR_SEASON,SCHEDULED,58,Aston Villa FC,61,Chelsea FC,-1,-1,
560805,2021,Premier League,2502,2027-02-27 12:00:00+00:00,2027-02-27,12:00:00,2027,2,February,27,Saturday,8,12,27.0,REGULAR_SEASON,SCHEDULED,1076,Coventry City FC,1044,AFC Bournemouth,-1,-1,
560802,2021,Premier League,2502,2027-02-27 12:00:00+00:00,2027-02-27,12:00:00,2027,2,February,27,Saturday,8,12,27.0,REGULAR_SEASON,SCHEDULED,354,Crystal Palace FC,71,Sunderland AFC,-1,-1,
560807,2021,Premier League,2502,2027-02-27 12:00:00+00:00,2027-02-27,12:00:00,2027,2,February,27,Saturday,8,12,27.0,REGULAR_SEASON,SCHEDULED,63,Fulham FC,341,Leeds United FC,-1,-1,
560806,2021,Premier League,2502,2027-02-27 12:00:00+00:00,2027-02-27,12:00:00,2027,2,February,27,Saturday,8,12,27.0,REGULAR_SEASON,SCHEDULED,62,Everton FC,351,Nottingham Forest FC,-1,-1,
560810,2021,Premier League,2502,2027-02-27 12:00:00+00:00,2027-02-27,12:00:00,2027,2,February,27,Saturday,8,12,27.0,REGULAR_SEASON,SCHEDULED,67,Newcastle United FC,402,Brentford FC,-1,-1,
560804,2021,Premier League,2502,2027-02-27 12:00:00+00:00,2027-02-27,12:00:00,2027,2,February,27,Saturday,8,12,27.0,REGULAR_SEASON,SCHEDULED,349,Ipswich Town FC,397,Brighton & Hove Albion FC,-1,-1,
560811,2021,Premier League,2502,2027-02-27 12:00:00+00:00,2027-02-27,12:00:00,2027,2,February,27,Saturday,8,12,27.0,REGULAR_SEASON,SCHEDULED,322,Hull City AFC,65,Manchester City FC,-1,-1,
564878,2014,Primera Division,2518,2027-02-28 12:00:00+00:00,2027-02-28,12:00:00,2027,2,February,28,Sunday,8,12,26.0,REGULAR_SEASON,SCHEDULED,558,RC Celta de Vigo,80,RCD Espanyol de Barcelona,-1,-1,
558383,2019,Serie A,2494,2027-02-28 12:00:00+00:00,2027-02-28,12:00:00,2027,2,February,28,Sunday,8,12,26.0,REGULAR_SEASON,SCHEDULED,100,AS Roma,454,Venezia FC,-1,-1,
558382,2019,Serie A,2494,2027-02-28 12:00:00+00:00,2027-02-28,12:00:00,2027,2,February,28,Sunday,8,12,26.0,REGULAR_SEASON,SCHEDULED,107,Genoa CFC,110,SS Lazio,-1,-1,
558381,2019,Serie A,2494,2027-02-28 12:00:00+00:00,2027-02-28,12:00:00,2027,2,February,28,Sunday,8,12,26.0,REGULAR_SEASON,SCHEDULED,112,Parma Calcio 1913,471,US Sassuolo Calcio,-1,-1,
558380,2019,Serie A,2494,2027-02-28 12:00:00+00:00,2027-02-28,12:00:00,2027,2,February,28,Sunday,8,12,26.0,REGULAR_SEASON,SCHEDULED,104,Cagliari Calcio,115,Udinese Calcio,-1,-1,
558384,2019,Serie A,2494,2027-02-28 12:00:00+00:00,2027-02-28,12:00:00,2027,2,February,28,Sunday,8,12,26.0,REGULAR_SEASON,SCHEDULED,7397,Como 1907,98,AC Milan,-1,-1,
558379,2019,Serie A,2494,2027-02-28 12:00:00+00:00,2027-02-28,12:00:00,2027,2,February,28,Sunday,8,12,26.0,REGULAR_SEASON,SCHEDULED,108,FC Internazionale Milano,102,Atalanta BC,-1,-1,
564879,2014,Primera Division,2518,2027-02-28 12:00:00+00:00,2027-02-28,12:00:00,2027,2,February,28,Sunday,8,12,26.0,REGULAR_SEASON,SCHEDULED,88,Levante UD,560,RC Deportivo La Coruña,-1,-1,
564880,2014,Primera Division,2518,2027-02-28 12:00:00+00:00,2027-02-28,12:00:00,2027,2,February,28,Sunday,8,12,26.0,REGULAR_SEASON,SCHEDULED,84,Málaga CF,78,Club Atlético de Madrid,-1,-1,
564881,2014,Primera Division,2518,2027-02-28 12:00:00+00:00,2027-02-28,12:00:00,2027,2,February,28,Sunday,8,12,26.0,REGULAR_SEASON,SCHEDULED,79,CA Osasuna,559,Sevilla FC,-1,-1,
564882,2014,Primera Division,2518,2027-02-28 12:00:00+00:00,2027-02-28,12:00:00,2027,2,February,28,Sunday,8,12,26.0,REGULAR_SEASON,SCHEDULED,86,Real Madrid CF,95,Valencia CF,-1,-1,
564883,2014,Primera Division,2518,2027-02-28 12:00:00+00:00,2027-02-28,12:00:00,2027,2,February,28,Sunday,8,12,26.0,REGULAR_SEASON,SCHEDULED,82,Getafe CF,263,Deportivo Alavés,-1,-1,
564884,2014,Primera Division,2518,2027-02-28 12:00:00+00:00,2027-02-28,12:00:00,2027,2,February,28,Sunday,8,12,26.0,REGULAR_SEASON,SCHEDULED,77,Athletic Club,81,FC Barcelona,-1,-1,
564885,2014,Primera Division,2518,2027-02-28 12:00:00+00:00,2027-02-28,12:00:00,2027,2,February,28,Sunday,8,12,26.0,REGULAR_SEASON,SCHEDULED,5335,Real Racing Club de Santander,87,Rayo Vallecano de Madrid,-1,-1,
564886,2014,Primera Division,2518,2027-02-28 12:00:00+00:00,2027-02-28,12:00:00,2027,2,February,28,Sunday,8,12,26.0,REGULAR_SEASON,SCHEDULED,90,Real Betis Balompié,94,Villarreal CF,-1,-1,
564887,2014,Primera Division,2518,2027-02-28 12:00:00+00:00,2027-02-28,12:00:00,2027,2,February,28,Sunday,8,12,26.0,REGULAR_SEASON,SCHEDULED,92,Real Sociedad de Fútbol,285,Elche CF,-1,-1,
558387,2019,Serie A,2494,2027-02-28 12:00:00+00:00,2027-02-28,12:00:00,2027,2,February,28,Sunday,8,12,26.0,REGULAR_SEASON,SCHEDULED,5911,AC Monza,109,Juventus FC,-1,-1,
558388,2019,Serie A,2494,2027-02-28 12:00:00+00:00,2027-02-28,12:00:00,2027,2,February,28,Sunday,8,12,26.0,REGULAR_SEASON,SCHEDULED,470,Frosinone Calcio,113,SSC Napoli,-1,-1,
558385,2019,Serie A,2494,2027-02-28 12:00:00+00:00,2027-02-28,12:00:00,2027,2,February,28,Sunday,8,12,26.0,REGULAR_SEASON,SCHEDULED,586,Torino FC,99,ACF Fiorentina,-1,-1,
558386,2019,Serie A,2494,2027-02-28 12:00:00+00:00,2027-02-28,12:00:00,2027,2,February,28,Sunday,8,12,26.0,REGULAR_SEASON,SCHEDULED,103,Bologna FC 1909,5890,US Lecce,-1,-1,
565987,2002,Bundesliga,2522,2027-03-03 00:00:00+00:00,2027-03-03,00:00:00,2027,3,March,3,Wednesday,9,0,24.0,REGULAR_SEASON,SCHEDULED,12,SV Werder Bremen,15,1. FSV Mainz 05,-1,-1,
565986,2002,Bundesliga,2522,2027-03-03 00:00:00+00:00,2027-03-03,00:00:00,2027,3,March,3,Wednesday,9,0,24.0,REGULAR_SEASON,SCHEDULED,5,FC Bayern München,17,SC Freiburg,-1,-1,
565985,2002,Bundesliga,2522,2027-03-03 00:00:00+00:00,2027-03-03,00:00:00,2027,3,March,3,Wednesday,9,0,24.0,REGULAR_SEASON,SCHEDULED,3,Bayer 04 Leverkusen,2,TSG 1899 Hoffenheim,-1,-1,
565984,2002,Bundesliga,2522,2027-03-03 00:00:00+00:00,2027-03-03,00:00:00,2027,3,March,3,Wednesday,9,0,24.0,REGULAR_SEASON,SCHEDULED,6,FC Schalke 04,1,1. FC Köln,-1,-1,
565983,2002,Bundesliga,2522,2027-03-03 00:00:00+00:00,2027-03-03,00:00:00,2027,3,March,3,Wednesday,9,0,24.0,REGULAR_SEASON,SCHEDULED,19,Eintracht Frankfurt,4,Borussia Dortmund,-1,-1,
565991,2002,Bundesliga,2522,2027-03-03 00:00:00+00:00,2027-03-03,00:00:00,2027,3,March,3,Wednesday,9,0,24.0,REGULAR_SEASON,SCHEDULED,7,Hamburger SV,29,SC Paderborn 07,-1,-1,
565988,2002,Bundesliga,2522,2027-03-03 00:00:00+00:00,2027-03-03,00:00:00,2027,3,March,3,Wednesday,9,0,24.0,REGULAR_SEASON,SCHEDULED,28,1. FC Union Berlin,16,FC Augsburg,-1,-1,
565990,2002,Bundesliga,2522,2027-03-03 00:00:00+00:00,2027-03-03,00:00:00,2027,3,March,3,Wednesday,9,0,24.0,REGULAR_SEASON,SCHEDULED,18,Borussia Mönchengladbach,10,VfB Stuttgart,-1,-1,
565989,2002,Bundesliga,2522,2027-03-03 00:00:00+00:00,2027-03-03,00:00:00,2027,3,March,3,Wednesday,9,0,24.0,REGULAR_SEASON,SCHEDULED,719,SV 07 Elversberg,721,RB Leipzig,-1,-1,
560821,2021,Premier League,2502,2027-03-03 12:00:00+00:00,2027-03-03,12:00:00,2027,3,March,3,Wednesday,9,12,28.0,REGULAR_SEASON,SCHEDULED,61,Chelsea FC,1076,Coventry City FC,-1,-1,
560819,2021,Premier League,2502,2027-03-03 12:00:00+00:00,2027-03-03,12:00:00,2027,3,March,3,Wednesday,9,12,28.0,REGULAR_SEASON,SCHEDULED,397,Brighton & Hove Albion FC,63,Fulham FC,-1,-1,
560818,2021,Premier League,2502,2027-03-03 12:00:00+00:00,2027-03-03,12:00:00,2027,3,March,3,Wednesday,9,12,28.0,REGULAR_SEASON,SCHEDULED,64,Liverpool FC,58,Aston Villa FC,-1,-1,
560817,2021,Premier League,2502,2027-03-03 12:00:00+00:00,2027-03-03,12:00:00,2027,3,March,3,Wednesday,9,12,28.0,REGULAR_SEASON,SCHEDULED,71,Sunderland AFC,66,Manchester United FC,-1,-1,
560816,2021,Premier League,2502,2027-03-03 12:00:00+00:00,2027-03-03,12:00:00,2027,3,March,3,Wednesday,9,12,28.0,REGULAR_SEASON,SCHEDULED,341,Leeds United FC,322,Hull City AFC,-1,-1,
560815,2021,Premier League,2502,2027-03-03 12:00:00+00:00,2027-03-03,12:00:00,2027,3,March,3,Wednesday,9,12,28.0,REGULAR_SEASON,SCHEDULED,57,Arsenal FC,354,Crystal Palace FC,-1,-1,
560820,2021,Premier League,2502,2027-03-03 12:00:00+00:00,2027-03-03,12:00:00,2027,3,March,3,Wednesday,9,12,28.0,REGULAR_SEASON,SCHEDULED,402,Brentford FC,349,Ipswich Town FC,-1,-1,
560813,2021,Premier League,2502,2027-03-03 12:00:00+00:00,2027-03-03,12:00:00,2027,3,March,3,Wednesday,9,12,28.0,REGULAR_SEASON,SCHEDULED,1044,AFC Bournemouth,73,Tottenham Hotspur FC,-1,-1,
560812,2021,Premier League,2502,2027-03-03 12:00:00+00:00,2027-03-03,12:00:00,2027,3,March,3,Wednesday,9,12,28.0,REGULAR_SEASON,SCHEDULED,351,Nottingham Forest FC,67,Newcastle United FC,-1,-1,
560814,2021,Premier League,2502,2027-03-03 12:00:00+00:00,2027-03-03,12:00:00,2027,3,March,3,Wednesday,9,12,28.0,REGULAR_SEASON,SCHEDULED,65,Manchester City FC,62,Everton FC,-1,-1,
565995,2002,Bundesliga,2522,2027-03-06 00:00:00+00:00,2027-03-06,00:00:00,2027,3,March,6,Saturday,9,0,25.0,REGULAR_SEASON,SCHEDULED,7,Hamburger SV,19,Eintracht Frankfurt,-1,-1,
565992,2002,Bundesliga,2522,2027-03-06 00:00:00+00:00,2027-03-06,00:00:00,2027,3,March,6,Saturday,9,0,25.0,REGULAR_SEASON,SCHEDULED,4,Borussia Dortmund,5,FC Bayern München,-1,-1,
565993,2002,Bundesliga,2522,2027-03-06 00:00:00+00:00,2027-03-06,00:00:00,2027,3,March,6,Saturday,9,0,25.0,REGULAR_SEASON,SCHEDULED,17,SC Freiburg,16,FC Augsburg,-1,-1,
565994,2002,Bundesliga,2522,2027-03-06 00:00:00+00:00,2027-03-06,00:00:00,2027,3,March,6,Saturday,9,0,25.0,REGULAR_SEASON,SCHEDULED,15,1. FSV Mainz 05,719,SV 07 Elversberg,-1,-1,
566000,2002,Bundesliga,2522,2027-03-06 00:00:00+00:00,2027-03-06,00:00:00,2027,3,March,6,Saturday,9,0,25.0,REGULAR_SEASON,SCHEDULED,2,TSG 1899 Hoffenheim,12,SV Werder Bremen,-1,-1,
565998,2002,Bundesliga,2522,2027-03-06 00:00:00+00:00,2027-03-06,00:00:00,2027,3,March,6,Saturday,9,0,25.0,REGULAR_SEASON,SCHEDULED,29,SC Paderborn 07,18,Borussia Mönchengladbach,-1,-1,
565997,2002,Bundesliga,2522,2027-03-06 00:00:00+00:00,2027-03-06,00:00:00,2027,3,March,6,Saturday,9,0,25.0,REGULAR_SEASON,SCHEDULED,721,RB Leipzig,6,FC Schalke 04,-1,-1,
565996,2002,Bundesliga,2522,2027-03-06 00:00:00+00:00,2027-03-06,00:00:00,2027,3,March,6,Saturday,9,0,25.0,REGULAR_SEASON,SCHEDULED,10,VfB Stuttgart,3,Bayer 04 Leverkusen,-1,-1,
565999,2002,Bundesliga,2522,2027-03-06 00:00:00+00:00,2027-03-06,00:00:00,2027,3,March,6,Saturday,9,0,25.0,REGULAR_SEASON,SCHEDULED,1,1. FC Köln,28,1. FC Union Berlin,-1,-1,
564890,2014,Primera Division,2518,2027-03-07 12:00:00+00:00,2027-03-07,12:00:00,2027,3,March,7,Sunday,9,12,27.0,REGULAR_SEASON,SCHEDULED,263,Deportivo Alavés,77,Athletic Club,-1,-1,
564892,2014,Primera Division,2518,2027-03-07 12:00:00+00:00,2027-03-07,12:00:00,2027,3,March,7,Sunday,9,12,27.0,REGULAR_SEASON,SCHEDULED,559,Sevilla FC,92,Real Sociedad de Fútbol,-1,-1,
564893,2014,Primera Division,2518,2027-03-07 12:00:00+00:00,2027-03-07,12:00:00,2027,3,March,7,Sunday,9,12,27.0,REGULAR_SEASON,SCHEDULED,78,Club Atlético de Madrid,558,RC Celta de Vigo,-1,-1,
564894,2014,Primera Division,2518,2027-03-07 12:00:00+00:00,2027-03-07,12:00:00,2027,3,March,7,Sunday,9,12,27.0,REGULAR_SEASON,SCHEDULED,94,Villarreal CF,86,Real Madrid CF,-1,-1,
564895,2014,Primera Division,2518,2027-03-07 12:00:00+00:00,2027-03-07,12:00:00,2027,3,March,7,Sunday,9,12,27.0,REGULAR_SEASON,SCHEDULED,95,Valencia CF,88,Levante UD,-1,-1,
564896,2014,Primera Division,2518,2027-03-07 12:00:00+00:00,2027-03-07,12:00:00,2027,3,March,7,Sunday,9,12,27.0,REGULAR_SEASON,SCHEDULED,560,RC Deportivo La Coruña,82,Getafe CF,-1,-1,
564897,2014,Primera Division,2518,2027-03-07 12:00:00+00:00,2027-03-07,12:00:00,2027,3,March,7,Sunday,9,12,27.0,REGULAR_SEASON,SCHEDULED,80,RCD Espanyol de Barcelona,5335,Real Racing Club de Santander,-1,-1,
564891,2014,Primera Division,2518,2027-03-07 12:00:00+00:00,2027-03-07,12:00:00,2027,3,March,7,Sunday,9,12,27.0,REGULAR_SEASON,SCHEDULED,87,Rayo Vallecano de Madrid,79,CA Osasuna,-1,-1,
558372,2019,Serie A,2494,2027-03-07 12:00:00+00:00,2027-03-07,12:00:00,2027,3,March,7,Sunday,9,12,27.0,REGULAR_SEASON,SCHEDULED,5890,US Lecce,7397,Como 1907,-1,-1,
558370,2019,Serie A,2494,2027-03-07 12:00:00+00:00,2027-03-07,12:00:00,2027,3,March,7,Sunday,9,12,27.0,REGULAR_SEASON,SCHEDULED,102,Atalanta BC,586,Torino FC,-1,-1,
558373,2019,Serie A,2494,2027-03-07 12:00:00+00:00,2027-03-07,12:00:00,2027,3,March,7,Sunday,9,12,27.0,REGULAR_SEASON,SCHEDULED,110,SS Lazio,470,Frosinone Calcio,-1,-1,
564888,2014,Primera Division,2518,2027-03-07 12:00:00+00:00,2027-03-07,12:00:00,2027,3,March,7,Sunday,9,12,27.0,REGULAR_SEASON,SCHEDULED,81,FC Barcelona,90,Real Betis Balompié,-1,-1,
558371,2019,Serie A,2494,2027-03-07 12:00:00+00:00,2027-03-07,12:00:00,2027,3,March,7,Sunday,9,12,27.0,REGULAR_SEASON,SCHEDULED,113,SSC Napoli,112,Parma Calcio 1913,-1,-1,
558378,2019,Serie A,2494,2027-03-07 12:00:00+00:00,2027-03-07,12:00:00,2027,3,March,7,Sunday,9,12,27.0,REGULAR_SEASON,SCHEDULED,109,Juventus FC,100,AS Roma,-1,-1,
558369,2019,Serie A,2494,2027-03-07 12:00:00+00:00,2027-03-07,12:00:00,2027,3,March,7,Sunday,9,12,27.0,REGULAR_SEASON,SCHEDULED,115,Udinese Calcio,108,FC Internazionale Milano,-1,-1,
558374,2019,Serie A,2494,2027-03-07 12:00:00+00:00,2027-03-07,12:00:00,2027,3,March,7,Sunday,9,12,27.0,REGULAR_SEASON,SCHEDULED,471,US Sassuolo Calcio,103,Bologna FC 1909,-1,-1,
558375,2019,Serie A,2494,2027-03-07 12:00:00+00:00,2027-03-07,12:00:00,2027,3,March,7,Sunday,9,12,27.0,REGULAR_SEASON,SCHEDULED,5911,AC Monza,107,Genoa CFC,-1,-1,
564889,2014,Primera Division,2518,2027-03-07 12:00:00+00:00,2027-03-07,12:00:00,2027,3,March,7,Sunday,9,12,27.0,REGULAR_SEASON,SCHEDULED,285,Elche CF,84,Málaga CF,-1,-1,
558376,2019,Serie A,2494,2027-03-07 12:00:00+00:00,2027-03-07,12:00:00,2027,3,March,7,Sunday,9,12,27.0,REGULAR_SEASON,SCHEDULED,99,ACF Fiorentina,454,Venezia FC,-1,-1,
558377,2019,Serie A,2494,2027-03-07 12:00:00+00:00,2027-03-07,12:00:00,2027,3,March,7,Sunday,9,12,27.0,REGULAR_SEASON,SCHEDULED,98,AC Milan,104,Cagliari Calcio,-1,-1,
566003,2002,Bundesliga,2522,2027-03-13 00:00:00+00:00,2027-03-13,00:00:00,2027,3,March,13,Saturday,10,0,26.0,REGULAR_SEASON,SCHEDULED,19,Eintracht Frankfurt,29,SC Paderborn 07,-1,-1,
566007,2002,Bundesliga,2522,2027-03-13 00:00:00+00:00,2027-03-13,00:00:00,2027,3,March,13,Saturday,10,0,26.0,REGULAR_SEASON,SCHEDULED,6,FC Schalke 04,2,TSG 1899 Hoffenheim,-1,-1,
566006,2002,Bundesliga,2522,2027-03-13 00:00:00+00:00,2027-03-13,00:00:00,2027,3,March,13,Saturday,10,0,26.0,REGULAR_SEASON,SCHEDULED,12,SV Werder Bremen,10,VfB Stuttgart,-1,-1,
566005,2002,Bundesliga,2522,2027-03-13 00:00:00+00:00,2027-03-13,00:00:00,2027,3,March,13,Saturday,10,0,26.0,REGULAR_SEASON,SCHEDULED,18,Borussia Mönchengladbach,7,Hamburger SV,-1,-1,
566004,2002,Bundesliga,2522,2027-03-13 00:00:00+00:00,2027-03-13,00:00:00,2027,3,March,13,Saturday,10,0,26.0,REGULAR_SEASON,SCHEDULED,16,FC Augsburg,721,RB Leipzig,-1,-1,
566008,2002,Bundesliga,2522,2027-03-13 00:00:00+00:00,2027-03-13,00:00:00,2027,3,March,13,Saturday,10,0,26.0,REGULAR_SEASON,SCHEDULED,5,FC Bayern München,15,1. FSV Mainz 05,-1,-1,
566002,2002,Bundesliga,2522,2027-03-13 00:00:00+00:00,2027-03-13,00:00:00,2027,3,March,13,Saturday,10,0,26.0,REGULAR_SEASON,SCHEDULED,719,SV 07 Elversberg,4,Borussia Dortmund,-1,-1,
566009,2002,Bundesliga,2522,2027-03-13 00:00:00+00:00,2027-03-13,00:00:00,2027,3,March,13,Saturday,10,0,26.0,REGULAR_SEASON,SCHEDULED,3,Bayer 04 Leverkusen,1,1. FC Köln,-1,-1,
566001,2002,Bundesliga,2522,2027-03-13 00:00:00+00:00,2027-03-13,00:00:00,2027,3,March,13,Saturday,10,0,26.0,REGULAR_SEASON,SCHEDULED,28,1. FC Union Berlin,17,SC Freiburg,-1,-1,
560831,2021,Premier League,2502,2027-03-13 12:00:00+00:00,2027-03-13,12:00:00,2027,3,March,13,Saturday,10,12,29.0,REGULAR_SEASON,SCHEDULED,71,Sunderland AFC,402,Brentford FC,-1,-1,
560830,2021,Premier League,2502,2027-03-13 12:00:00+00:00,2027-03-13,12:00:00,2027,3,March,13,Saturday,10,12,29.0,REGULAR_SEASON,SCHEDULED,66,Manchester United FC,62,Everton FC,-1,-1,
560829,2021,Premier League,2502,2027-03-13 12:00:00+00:00,2027-03-13,12:00:00,2027,3,March,13,Saturday,10,12,29.0,REGULAR_SEASON,SCHEDULED,58,Aston Villa FC,322,Hull City AFC,-1,-1,
560828,2021,Premier League,2502,2027-03-13 12:00:00+00:00,2027-03-13,12:00:00,2027,3,March,13,Saturday,10,12,29.0,REGULAR_SEASON,SCHEDULED,61,Chelsea FC,57,Arsenal FC,-1,-1,
560824,2021,Premier League,2502,2027-03-13 12:00:00+00:00,2027-03-13,12:00:00,2027,3,March,13,Saturday,10,12,29.0,REGULAR_SEASON,SCHEDULED,354,Crystal Palace FC,63,Fulham FC,-1,-1,
560827,2021,Premier League,2502,2027-03-13 12:00:00+00:00,2027-03-13,12:00:00,2027,3,March,13,Saturday,10,12,29.0,REGULAR_SEASON,SCHEDULED,1044,AFC Bournemouth,67,Newcastle United FC,-1,-1,
560822,2021,Premier League,2502,2027-03-13 12:00:00+00:00,2027-03-13,12:00:00,2027,3,March,13,Saturday,10,12,29.0,REGULAR_SEASON,SCHEDULED,341,Leeds United FC,397,Brighton & Hove Albion FC,-1,-1,
560826,2021,Premier League,2502,2027-03-13 12:00:00+00:00,2027-03-13,12:00:00,2027,3,March,13,Saturday,10,12,29.0,REGULAR_SEASON,SCHEDULED,1076,Coventry City FC,65,Manchester City FC,-1,-1,
560825,2021,Premier League,2502,2027-03-13 12:00:00+00:00,2027-03-13,12:00:00,2027,3,March,13,Saturday,10,12,29.0,REGULAR_SEASON,SCHEDULED,64,Liverpool FC,349,Ipswich Town FC,-1,-1,
560823,2021,Premier League,2502,2027-03-13 12:00:00+00:00,2027-03-13,12:00:00,2027,3,March,13,Saturday,10,12,29.0,REGULAR_SEASON,SCHEDULED,73,Tottenham Hotspur FC,351,Nottingham Forest FC,-1,-1,
564898,2014,Primera Division,2518,2027-03-14 12:00:00+00:00,2027-03-14,12:00:00,2027,3,March,14,Sunday,10,12,28.0,REGULAR_SEASON,SCHEDULED,79,CA Osasuna,558,RC Celta de Vigo,-1,-1,
564906,2014,Primera Division,2518,2027-03-14 12:00:00+00:00,2027-03-14,12:00:00,2027,3,March,14,Sunday,10,12,28.0,REGULAR_SEASON,SCHEDULED,81,FC Barcelona,560,RC Deportivo La Coruña,-1,-1,
564905,2014,Primera Division,2518,2027-03-14 12:00:00+00:00,2027-03-14,12:00:00,2027,3,March,14,Sunday,10,12,28.0,REGULAR_SEASON,SCHEDULED,82,Getafe CF,92,Real Sociedad de Fútbol,-1,-1,
564903,2014,Primera Division,2518,2027-03-14 12:00:00+00:00,2027-03-14,12:00:00,2027,3,March,14,Sunday,10,12,28.0,REGULAR_SEASON,SCHEDULED,5335,Real Racing Club de Santander,78,Club Atlético de Madrid,-1,-1,
564902,2014,Primera Division,2518,2027-03-14 12:00:00+00:00,2027-03-14,12:00:00,2027,3,March,14,Sunday,10,12,28.0,REGULAR_SEASON,SCHEDULED,90,Real Betis Balompié,88,Levante UD,-1,-1,
564901,2014,Primera Division,2518,2027-03-14 12:00:00+00:00,2027-03-14,12:00:00,2027,3,March,14,Sunday,10,12,28.0,REGULAR_SEASON,SCHEDULED,77,Athletic Club,95,Valencia CF,-1,-1,
564900,2014,Primera Division,2518,2027-03-14 12:00:00+00:00,2027-03-14,12:00:00,2027,3,March,14,Sunday,10,12,28.0,REGULAR_SEASON,SCHEDULED,263,Deportivo Alavés,559,Sevilla FC,-1,-1,
564899,2014,Primera Division,2518,2027-03-14 12:00:00+00:00,2027-03-14,12:00:00,2027,3,March,14,Sunday,10,12,28.0,REGULAR_SEASON,SCHEDULED,285,Elche CF,94,Villarreal CF,-1,-1,
564907,2014,Primera Division,2518,2027-03-14 12:00:00+00:00,2027-03-14,12:00:00,2027,3,March,14,Sunday,10,12,28.0,REGULAR_SEASON,SCHEDULED,86,Real Madrid CF,80,RCD Espanyol de Barcelona,-1,-1,
564904,2014,Primera Division,2518,2027-03-14 12:00:00+00:00,2027-03-14,12:00:00,2027,3,March,14,Sunday,10,12,28.0,REGULAR_SEASON,SCHEDULED,84,Málaga CF,87,Rayo Vallecano de Madrid,-1,-1,
558362,2019,Serie A,2494,2027-03-14 12:00:00+00:00,2027-03-14,12:00:00,2027,3,March,14,Sunday,10,12,28.0,REGULAR_SEASON,SCHEDULED,107,Genoa CFC,100,AS Roma,-1,-1,
558363,2019,Serie A,2494,2027-03-14 12:00:00+00:00,2027-03-14,12:00:00,2027,3,March,14,Sunday,10,12,28.0,REGULAR_SEASON,SCHEDULED,112,Parma Calcio 1913,5890,US Lecce,-1,-1,
558368,2019,Serie A,2494,2027-03-14 12:00:00+00:00,2027-03-14,12:00:00,2027,3,March,14,Sunday,10,12,28.0,REGULAR_SEASON,SCHEDULED,454,Venezia FC,102,Atalanta BC,-1,-1,
558367,2019,Serie A,2494,2027-03-14 12:00:00+00:00,2027-03-14,12:00:00,2027,3,March,14,Sunday,10,12,28.0,REGULAR_SEASON,SCHEDULED,110,SS Lazio,109,Juventus FC,-1,-1,
558366,2019,Serie A,2494,2027-03-14 12:00:00+00:00,2027-03-14,12:00:00,2027,3,March,14,Sunday,10,12,28.0,REGULAR_SEASON,SCHEDULED,7397,Como 1907,115,Udinese Calcio,-1,-1,
558365,2019,Serie A,2494,2027-03-14 12:00:00+00:00,2027-03-14,12:00:00,2027,3,March,14,Sunday,10,12,28.0,REGULAR_SEASON,SCHEDULED,470,Frosinone Calcio,5911,AC Monza,-1,-1,
558364,2019,Serie A,2494,2027-03-14 12:00:00+00:00,2027-03-14,12:00:00,2027,3,March,14,Sunday,10,12,28.0,REGULAR_SEASON,SCHEDULED,586,Torino FC,108,FC Internazionale Milano,-1,-1,
558361,2019,Serie A,2494,2027-03-14 12:00:00+00:00,2027-03-14,12:00:00,2027,3,March,14,Sunday,10,12,28.0,REGULAR_SEASON,SCHEDULED,98,AC Milan,471,US Sassuolo Calcio,-1,-1,
558360,2019,Serie A,2494,2027-03-14 12:00:00+00:00,2027-03-14,12:00:00,2027,3,March,14,Sunday,10,12,28.0,REGULAR_SEASON,SCHEDULED,104,Cagliari Calcio,99,ACF Fiorentina,-1,-1,
558359,2019,Serie A,2494,2027-03-14 12:00:00+00:00,2027-03-14,12:00:00,2027,3,March,14,Sunday,10,12,28.0,REGULAR_SEASON,SCHEDULED,103,Bologna FC 1909,113,SSC Napoli,-1,-1,
566016,2002,Bundesliga,2522,2027-03-20 00:00:00+00:00,2027-03-20,00:00:00,2027,3,March,20,Saturday,11,0,27.0,REGULAR_SEASON,SCHEDULED,1,1. FC Köln,5,FC Bayern München,-1,-1,
566018,2002,Bundesliga,2522,2027-03-20 00:00:00+00:00,2027-03-20,00:00:00,2027,3,March,20,Saturday,11,0,27.0,REGULAR_SEASON,SCHEDULED,4,Borussia Dortmund,18,Borussia Mönchengladbach,-1,-1,
566010,2002,Bundesliga,2522,2027-03-20 00:00:00+00:00,2027-03-20,00:00:00,2027,3,March,20,Saturday,11,0,27.0,REGULAR_SEASON,SCHEDULED,15,1. FSV Mainz 05,16,FC Augsburg,-1,-1,
566011,2002,Bundesliga,2522,2027-03-20 00:00:00+00:00,2027-03-20,00:00:00,2027,3,March,20,Saturday,11,0,27.0,REGULAR_SEASON,SCHEDULED,10,VfB Stuttgart,6,FC Schalke 04,-1,-1,
566012,2002,Bundesliga,2522,2027-03-20 00:00:00+00:00,2027-03-20,00:00:00,2027,3,March,20,Saturday,11,0,27.0,REGULAR_SEASON,SCHEDULED,721,RB Leipzig,28,1. FC Union Berlin,-1,-1,
566013,2002,Bundesliga,2522,2027-03-20 00:00:00+00:00,2027-03-20,00:00:00,2027,3,March,20,Saturday,11,0,27.0,REGULAR_SEASON,SCHEDULED,17,SC Freiburg,719,SV 07 Elversberg,-1,-1,
566014,2002,Bundesliga,2522,2027-03-20 00:00:00+00:00,2027-03-20,00:00:00,2027,3,March,20,Saturday,11,0,27.0,REGULAR_SEASON,SCHEDULED,7,Hamburger SV,12,SV Werder Bremen,-1,-1,
566017,2002,Bundesliga,2522,2027-03-20 00:00:00+00:00,2027-03-20,00:00:00,2027,3,March,20,Saturday,11,0,27.0,REGULAR_SEASON,SCHEDULED,2,TSG 1899 Hoffenheim,19,Eintracht Frankfurt,-1,-1,
566015,2002,Bundesliga,2522,2027-03-20 00:00:00+00:00,2027-03-20,00:00:00,2027,3,March,20,Saturday,11,0,27.0,REGULAR_SEASON,SCHEDULED,29,SC Paderborn 07,3,Bayer 04 Leverkusen,-1,-1,
560838,2021,Premier League,2502,2027-03-20 12:00:00+00:00,2027-03-20,12:00:00,2027,3,March,20,Saturday,11,12,30.0,REGULAR_SEASON,SCHEDULED,322,Hull City AFC,61,Chelsea FC,-1,-1,
560832,2021,Premier League,2502,2027-03-20 12:00:00+00:00,2027-03-20,12:00:00,2027,3,March,20,Saturday,11,12,30.0,REGULAR_SEASON,SCHEDULED,402,Brentford FC,1044,AFC Bournemouth,-1,-1,
560833,2021,Premier League,2502,2027-03-20 12:00:00+00:00,2027-03-20,12:00:00,2027,3,March,20,Saturday,11,12,30.0,REGULAR_SEASON,SCHEDULED,397,Brighton & Hove Albion FC,1076,Coventry City FC,-1,-1,
560834,2021,Premier League,2502,2027-03-20 12:00:00+00:00,2027-03-20,12:00:00,2027,3,March,20,Saturday,11,12,30.0,REGULAR_SEASON,SCHEDULED,65,Manchester City FC,66,Manchester United FC,-1,-1,
560835,2021,Premier League,2502,2027-03-20 12:00:00+00:00,2027-03-20,12:00:00,2027,3,March,20,Saturday,11,12,30.0,REGULAR_SEASON,SCHEDULED,349,Ipswich Town FC,354,Crystal Palace FC,-1,-1,
560841,2021,Premier League,2502,2027-03-20 12:00:00+00:00,2027-03-20,12:00:00,2027,3,March,20,Saturday,11,12,30.0,REGULAR_SEASON,SCHEDULED,67,Newcastle United FC,341,Leeds United FC,-1,-1,
560840,2021,Premier League,2502,2027-03-20 12:00:00+00:00,2027-03-20,12:00:00,2027,3,March,20,Saturday,11,12,30.0,REGULAR_SEASON,SCHEDULED,62,Everton FC,73,Tottenham Hotspur FC,-1,-1,
560839,2021,Premier League,2502,2027-03-20 12:00:00+00:00,2027-03-20,12:00:00,2027,3,March,20,Saturday,11,12,30.0,REGULAR_SEASON,SCHEDULED,351,Nottingham Forest FC,58,Aston Villa FC,-1,-1,
560836,2021,Premier League,2502,2027-03-20 12:00:00+00:00,2027-03-20,12:00:00,2027,3,March,20,Saturday,11,12,30.0,REGULAR_SEASON,SCHEDULED,57,Arsenal FC,71,Sunderland AFC,-1,-1,
560837,2021,Premier League,2502,2027-03-20 12:00:00+00:00,2027-03-20,12:00:00,2027,3,March,20,Saturday,11,12,30.0,REGULAR_SEASON,SCHEDULED,63,Fulham FC,64,Liverpool FC,-1,-1,
564912,2014,Primera Division,2518,2027-03-21 12:00:00+00:00,2027-03-21,12:00:00,2027,3,March,21,Sunday,11,12,29.0,REGULAR_SEASON,SCHEDULED,87,Rayo Vallecano de Madrid,81,FC Barcelona,-1,-1,
558349,2019,Serie A,2494,2027-03-21 12:00:00+00:00,2027-03-21,12:00:00,2027,3,March,21,Sunday,11,12,29.0,REGULAR_SEASON,SCHEDULED,113,SSC Napoli,454,Venezia FC,-1,-1,
558352,2019,Serie A,2494,2027-03-21 12:00:00+00:00,2027-03-21,12:00:00,2027,3,March,21,Sunday,11,12,29.0,REGULAR_SEASON,SCHEDULED,99,ACF Fiorentina,107,Genoa CFC,-1,-1,
558353,2019,Serie A,2494,2027-03-21 12:00:00+00:00,2027-03-21,12:00:00,2027,3,March,21,Sunday,11,12,29.0,REGULAR_SEASON,SCHEDULED,112,Parma Calcio 1913,110,SS Lazio,-1,-1,
558354,2019,Serie A,2494,2027-03-21 12:00:00+00:00,2027-03-21,12:00:00,2027,3,March,21,Sunday,11,12,29.0,REGULAR_SEASON,SCHEDULED,471,US Sassuolo Calcio,104,Cagliari Calcio,-1,-1,
558355,2019,Serie A,2494,2027-03-21 12:00:00+00:00,2027-03-21,12:00:00,2027,3,March,21,Sunday,11,12,29.0,REGULAR_SEASON,SCHEDULED,5911,AC Monza,103,Bologna FC 1909,-1,-1,
558356,2019,Serie A,2494,2027-03-21 12:00:00+00:00,2027-03-21,12:00:00,2027,3,March,21,Sunday,11,12,29.0,REGULAR_SEASON,SCHEDULED,108,FC Internazionale Milano,470,Frosinone Calcio,-1,-1,
558357,2019,Serie A,2494,2027-03-21 12:00:00+00:00,2027-03-21,12:00:00,2027,3,March,21,Sunday,11,12,29.0,REGULAR_SEASON,SCHEDULED,100,AS Roma,5890,US Lecce,-1,-1,
558358,2019,Serie A,2494,2027-03-21 12:00:00+00:00,2027-03-21,12:00:00,2027,3,March,21,Sunday,11,12,29.0,REGULAR_SEASON,SCHEDULED,102,Atalanta BC,98,AC Milan,-1,-1,
564917,2014,Primera Division,2518,2027-03-21 12:00:00+00:00,2027-03-21,12:00:00,2027,3,March,21,Sunday,11,12,29.0,REGULAR_SEASON,SCHEDULED,78,Club Atlético de Madrid,82,Getafe CF,-1,-1,
564916,2014,Primera Division,2518,2027-03-21 12:00:00+00:00,2027-03-21,12:00:00,2027,3,March,21,Sunday,11,12,29.0,REGULAR_SEASON,SCHEDULED,95,Valencia CF,560,RC Deportivo La Coruña,-1,-1,
564915,2014,Primera Division,2518,2027-03-21 12:00:00+00:00,2027-03-21,12:00:00,2027,3,March,21,Sunday,11,12,29.0,REGULAR_SEASON,SCHEDULED,5335,Real Racing Club de Santander,90,Real Betis Balompié,-1,-1,
564914,2014,Primera Division,2518,2027-03-21 12:00:00+00:00,2027-03-21,12:00:00,2027,3,March,21,Sunday,11,12,29.0,REGULAR_SEASON,SCHEDULED,80,RCD Espanyol de Barcelona,77,Athletic Club,-1,-1,
564913,2014,Primera Division,2518,2027-03-21 12:00:00+00:00,2027-03-21,12:00:00,2027,3,March,21,Sunday,11,12,29.0,REGULAR_SEASON,SCHEDULED,92,Real Sociedad de Fútbol,263,Deportivo Alavés,-1,-1,
558350,2019,Serie A,2494,2027-03-21 12:00:00+00:00,2027-03-21,12:00:00,2027,3,March,21,Sunday,11,12,29.0,REGULAR_SEASON,SCHEDULED,115,Udinese Calcio,586,Torino FC,-1,-1,
558351,2019,Serie A,2494,2027-03-21 12:00:00+00:00,2027-03-21,12:00:00,2027,3,March,21,Sunday,11,12,29.0,REGULAR_SEASON,SCHEDULED,109,Juventus FC,7397,Como 1907,-1,-1,
564910,2014,Primera Division,2518,2027-03-21 12:00:00+00:00,2027-03-21,12:00:00,2027,3,March,21,Sunday,11,12,29.0,REGULAR_SEASON,SCHEDULED,88,Levante UD,79,CA Osasuna,-1,-1,
564909,2014,Primera Division,2518,2027-03-21 12:00:00+00:00,2027-03-21,12:00:00,2027,3,March,21,Sunday,11,12,29.0,REGULAR_SEASON,SCHEDULED,559,Sevilla FC,285,Elche CF,-1,-1,
564908,2014,Primera Division,2518,2027-03-21 12:00:00+00:00,2027-03-21,12:00:00,2027,3,March,21,Sunday,11,12,29.0,REGULAR_SEASON,SCHEDULED,94,Villarreal CF,84,Málaga CF,-1,-1,
564911,2014,Primera Division,2518,2027-03-21 12:00:00+00:00,2027-03-21,12:00:00,2027,3,March,21,Sunday,11,12,29.0,REGULAR_SEASON,SCHEDULED,558,RC Celta de Vigo,86,Real Madrid CF,-1,-1,
566027,2002,Bundesliga,2522,2027-04-03 00:00:00+00:00,2027-04-03,00:00:00,2027,4,April,3,Saturday,13,0,28.0,REGULAR_SEASON,SCHEDULED,6,FC Schalke 04,29,SC Paderborn 07,-1,-1,
566026,2002,Bundesliga,2522,2027-04-03 00:00:00+00:00,2027-04-03,00:00:00,2027,4,April,3,Saturday,13,0,28.0,REGULAR_SEASON,SCHEDULED,3,Bayer 04 Leverkusen,4,Borussia Dortmund,-1,-1,
566025,2002,Bundesliga,2522,2027-04-03 00:00:00+00:00,2027-04-03,00:00:00,2027,4,April,3,Saturday,13,0,28.0,REGULAR_SEASON,SCHEDULED,28,1. FC Union Berlin,15,1. FSV Mainz 05,-1,-1,
566024,2002,Bundesliga,2522,2027-04-03 00:00:00+00:00,2027-04-03,00:00:00,2027,4,April,3,Saturday,13,0,28.0,REGULAR_SEASON,SCHEDULED,19,Eintracht Frankfurt,10,VfB Stuttgart,-1,-1,
566023,2002,Bundesliga,2522,2027-04-03 00:00:00+00:00,2027-04-03,00:00:00,2027,4,April,3,Saturday,13,0,28.0,REGULAR_SEASON,SCHEDULED,18,Borussia Mönchengladbach,12,SV Werder Bremen,-1,-1,
566022,2002,Bundesliga,2522,2027-04-03 00:00:00+00:00,2027-04-03,00:00:00,2027,4,April,3,Saturday,13,0,28.0,REGULAR_SEASON,SCHEDULED,16,FC Augsburg,2,TSG 1899 Hoffenheim,-1,-1,
566021,2002,Bundesliga,2522,2027-04-03 00:00:00+00:00,2027-04-03,00:00:00,2027,4,April,3,Saturday,13,0,28.0,REGULAR_SEASON,SCHEDULED,5,FC Bayern München,7,Hamburger SV,-1,-1,
566020,2002,Bundesliga,2522,2027-04-03 00:00:00+00:00,2027-04-03,00:00:00,2027,4,April,3,Saturday,13,0,28.0,REGULAR_SEASON,SCHEDULED,719,SV 07 Elversberg,1,1. FC Köln,-1,-1,
566019,2002,Bundesliga,2522,2027-04-03 00:00:00+00:00,2027-04-03,00:00:00,2027,4,April,3,Saturday,13,0,28.0,REGULAR_SEASON,SCHEDULED,721,RB Leipzig,17,SC Freiburg,-1,-1,
558340,2019,Serie A,2494,2027-04-04 12:00:00+00:00,2027-04-04,12:00:00,2027,4,April,4,Sunday,13,12,30.0,REGULAR_SEASON,SCHEDULED,104,Cagliari Calcio,113,SSC Napoli,-1,-1,
558341,2019,Serie A,2494,2027-04-04 12:00:00+00:00,2027-04-04,12:00:00,2027,4,April,4,Sunday,13,12,30.0,REGULAR_SEASON,SCHEDULED,7397,Como 1907,99,ACF Fiorentina,-1,-1,
558342,2019,Serie A,2494,2027-04-04 12:00:00+00:00,2027-04-04,12:00:00,2027,4,April,4,Sunday,13,12,30.0,REGULAR_SEASON,SCHEDULED,471,US Sassuolo Calcio,102,Atalanta BC,-1,-1,
558343,2019,Serie A,2494,2027-04-04 12:00:00+00:00,2027-04-04,12:00:00,2027,4,April,4,Sunday,13,12,30.0,REGULAR_SEASON,SCHEDULED,100,AS Roma,103,Bologna FC 1909,-1,-1,
558339,2019,Serie A,2494,2027-04-04 12:00:00+00:00,2027-04-04,12:00:00,2027,4,April,4,Sunday,13,12,30.0,REGULAR_SEASON,SCHEDULED,5890,US Lecce,110,SS Lazio,-1,-1,
558347,2019,Serie A,2494,2027-04-04 12:00:00+00:00,2027-04-04,12:00:00,2027,4,April,4,Sunday,13,12,30.0,REGULAR_SEASON,SCHEDULED,454,Venezia FC,112,Parma Calcio 1913,-1,-1,
564919,2014,Primera Division,2518,2027-04-04 12:00:00+00:00,2027-04-04,12:00:00,2027,4,April,4,Sunday,13,12,30.0,REGULAR_SEASON,SCHEDULED,81,FC Barcelona,559,Sevilla FC,-1,-1,
564926,2014,Primera Division,2518,2027-04-04 12:00:00+00:00,2027-04-04,12:00:00,2027,4,April,4,Sunday,13,12,30.0,REGULAR_SEASON,SCHEDULED,82,Getafe CF,80,RCD Espanyol de Barcelona,-1,-1,
564925,2014,Primera Division,2518,2027-04-04 12:00:00+00:00,2027-04-04,12:00:00,2027,4,April,4,Sunday,13,12,30.0,REGULAR_SEASON,SCHEDULED,86,Real Madrid CF,78,Club Atlético de Madrid,-1,-1,
564924,2014,Primera Division,2518,2027-04-04 12:00:00+00:00,2027-04-04,12:00:00,2027,4,April,4,Sunday,13,12,30.0,REGULAR_SEASON,SCHEDULED,285,Elche CF,263,Deportivo Alavés,-1,-1,
564923,2014,Primera Division,2518,2027-04-04 12:00:00+00:00,2027-04-04,12:00:00,2027,4,April,4,Sunday,13,12,30.0,REGULAR_SEASON,SCHEDULED,92,Real Sociedad de Fútbol,95,Valencia CF,-1,-1,
564922,2014,Primera Division,2518,2027-04-04 12:00:00+00:00,2027-04-04,12:00:00,2027,4,April,4,Sunday,13,12,30.0,REGULAR_SEASON,SCHEDULED,560,RC Deportivo La Coruña,94,Villarreal CF,-1,-1,
564921,2014,Primera Division,2518,2027-04-04 12:00:00+00:00,2027-04-04,12:00:00,2027,4,April,4,Sunday,13,12,30.0,REGULAR_SEASON,SCHEDULED,77,Athletic Club,5335,Real Racing Club de Santander,-1,-1,
564920,2014,Primera Division,2518,2027-04-04 12:00:00+00:00,2027-04-04,12:00:00,2027,4,April,4,Sunday,13,12,30.0,REGULAR_SEASON,SCHEDULED,84,Málaga CF,79,CA Osasuna,-1,-1,
558346,2019,Serie A,2494,2027-04-04 12:00:00+00:00,2027-04-04,12:00:00,2027,4,April,4,Sunday,13,12,30.0,REGULAR_SEASON,SCHEDULED,586,Torino FC,109,Juventus FC,-1,-1,
564918,2014,Primera Division,2518,2027-04-04 12:00:00+00:00,2027-04-04,12:00:00,2027,4,April,4,Sunday,13,12,30.0,REGULAR_SEASON,SCHEDULED,88,Levante UD,87,Rayo Vallecano de Madrid,-1,-1,
558344,2019,Serie A,2494,2027-04-04 12:00:00+00:00,2027-04-04,12:00:00,2027,4,April,4,Sunday,13,12,30.0,REGULAR_SEASON,SCHEDULED,98,AC Milan,5911,AC Monza,-1,-1,
558348,2019,Serie A,2494,2027-04-04 12:00:00+00:00,2027-04-04,12:00:00,2027,4,April,4,Sunday,13,12,30.0,REGULAR_SEASON,SCHEDULED,470,Frosinone Calcio,115,Udinese Calcio,-1,-1,
564927,2014,Primera Division,2518,2027-04-04 12:00:00+00:00,2027-04-04,12:00:00,2027,4,April,4,Sunday,13,12,30.0,REGULAR_SEASON,SCHEDULED,90,Real Betis Balompié,558,RC Celta de Vigo,-1,-1,
558345,2019,Serie A,2494,2027-04-04 12:00:00+00:00,2027-04-04,12:00:00,2027,4,April,4,Sunday,13,12,30.0,REGULAR_SEASON,SCHEDULED,107,Genoa CFC,108,FC Internazionale Milano,-1,-1,
566036,2002,Bundesliga,2522,2027-04-10 00:00:00+00:00,2027-04-10,00:00:00,2027,4,April,10,Saturday,14,0,29.0,REGULAR_SEASON,SCHEDULED,1,1. FC Köln,16,FC Augsburg,-1,-1,
566030,2002,Bundesliga,2522,2027-04-10 00:00:00+00:00,2027-04-10,00:00:00,2027,4,April,10,Saturday,14,0,29.0,REGULAR_SEASON,SCHEDULED,2,TSG 1899 Hoffenheim,17,SC Freiburg,-1,-1,
566032,2002,Bundesliga,2522,2027-04-10 00:00:00+00:00,2027-04-10,00:00:00,2027,4,April,10,Saturday,14,0,29.0,REGULAR_SEASON,SCHEDULED,12,SV Werder Bremen,19,Eintracht Frankfurt,-1,-1,
566033,2002,Bundesliga,2522,2027-04-10 00:00:00+00:00,2027-04-10,00:00:00,2027,4,April,10,Saturday,14,0,29.0,REGULAR_SEASON,SCHEDULED,4,Borussia Dortmund,6,FC Schalke 04,-1,-1,
566034,2002,Bundesliga,2522,2027-04-10 00:00:00+00:00,2027-04-10,00:00:00,2027,4,April,10,Saturday,14,0,29.0,REGULAR_SEASON,SCHEDULED,7,Hamburger SV,28,1. FC Union Berlin,-1,-1,
566035,2002,Bundesliga,2522,2027-04-10 00:00:00+00:00,2027-04-10,00:00:00,2027,4,April,10,Saturday,14,0,29.0,REGULAR_SEASON,SCHEDULED,18,Borussia Mönchengladbach,3,Bayer 04 Leverkusen,-1,-1,
566029,2002,Bundesliga,2522,2027-04-10 00:00:00+00:00,2027-04-10,00:00:00,2027,4,April,10,Saturday,14,0,29.0,REGULAR_SEASON,SCHEDULED,29,SC Paderborn 07,5,FC Bayern München,-1,-1,
566028,2002,Bundesliga,2522,2027-04-10 00:00:00+00:00,2027-04-10,00:00:00,2027,4,April,10,Saturday,14,0,29.0,REGULAR_SEASON,SCHEDULED,10,VfB Stuttgart,719,SV 07 Elversberg,-1,-1,
566031,2002,Bundesliga,2522,2027-04-10 00:00:00+00:00,2027-04-10,00:00:00,2027,4,April,10,Saturday,14,0,29.0,REGULAR_SEASON,SCHEDULED,15,1. FSV Mainz 05,721,RB Leipzig,-1,-1,
560842,2021,Premier League,2502,2027-04-10 12:00:00+00:00,2027-04-10,12:00:00,2027,4,April,10,Saturday,14,12,31.0,REGULAR_SEASON,SCHEDULED,71,Sunderland AFC,349,Ipswich Town FC,-1,-1,
560843,2021,Premier League,2502,2027-04-10 12:00:00+00:00,2027-04-10,12:00:00,2027,4,April,10,Saturday,14,12,31.0,REGULAR_SEASON,SCHEDULED,341,Leeds United FC,351,Nottingham Forest FC,-1,-1,
560851,2021,Premier League,2502,2027-04-10 12:00:00+00:00,2027-04-10,12:00:00,2027,4,April,10,Saturday,14,12,31.0,REGULAR_SEASON,SCHEDULED,58,Aston Villa FC,397,Brighton & Hove Albion FC,-1,-1,
560850,2021,Premier League,2502,2027-04-10 12:00:00+00:00,2027-04-10,12:00:00,2027,4,April,10,Saturday,14,12,31.0,REGULAR_SEASON,SCHEDULED,73,Tottenham Hotspur FC,402,Brentford FC,-1,-1,
560849,2021,Premier League,2502,2027-04-10 12:00:00+00:00,2027-04-10,12:00:00,2027,4,April,10,Saturday,14,12,31.0,REGULAR_SEASON,SCHEDULED,354,Crystal Palace FC,62,Everton FC,-1,-1,
560848,2021,Premier League,2502,2027-04-10 12:00:00+00:00,2027-04-10,12:00:00,2027,4,April,10,Saturday,14,12,31.0,REGULAR_SEASON,SCHEDULED,1044,AFC Bournemouth,65,Manchester City FC,-1,-1,
560847,2021,Premier League,2502,2027-04-10 12:00:00+00:00,2027-04-10,12:00:00,2027,4,April,10,Saturday,14,12,31.0,REGULAR_SEASON,SCHEDULED,1076,Coventry City FC,57,Arsenal FC,-1,-1,
560846,2021,Premier League,2502,2027-04-10 12:00:00+00:00,2027-04-10,12:00:00,2027,4,April,10,Saturday,14,12,31.0,REGULAR_SEASON,SCHEDULED,64,Liverpool FC,67,Newcastle United FC,-1,-1,
560845,2021,Premier League,2502,2027-04-10 12:00:00+00:00,2027-04-10,12:00:00,2027,4,April,10,Saturday,14,12,31.0,REGULAR_SEASON,SCHEDULED,61,Chelsea FC,63,Fulham FC,-1,-1,
560844,2021,Premier League,2502,2027-04-10 12:00:00+00:00,2027-04-10,12:00:00,2027,4,April,10,Saturday,14,12,31.0,REGULAR_SEASON,SCHEDULED,66,Manchester United FC,322,Hull City AFC,-1,-1,
564934,2014,Primera Division,2518,2027-04-11 12:00:00+00:00,2027-04-11,12:00:00,2027,4,April,11,Sunday,14,12,31.0,REGULAR_SEASON,SCHEDULED,558,RC Celta de Vigo,285,Elche CF,-1,-1,
564933,2014,Primera Division,2518,2027-04-11 12:00:00+00:00,2027-04-11,12:00:00,2027,4,April,11,Sunday,14,12,31.0,REGULAR_SEASON,SCHEDULED,559,Sevilla FC,560,RC Deportivo La Coruña,-1,-1,
564931,2014,Primera Division,2518,2027-04-11 12:00:00+00:00,2027-04-11,12:00:00,2027,4,April,11,Sunday,14,12,31.0,REGULAR_SEASON,SCHEDULED,263,Deportivo Alavés,90,Real Betis Balompié,-1,-1,
564930,2014,Primera Division,2518,2027-04-11 12:00:00+00:00,2027-04-11,12:00:00,2027,4,April,11,Sunday,14,12,31.0,REGULAR_SEASON,SCHEDULED,94,Villarreal CF,77,Athletic Club,-1,-1,
564928,2014,Primera Division,2518,2027-04-11 12:00:00+00:00,2027-04-11,12:00:00,2027,4,April,11,Sunday,14,12,31.0,REGULAR_SEASON,SCHEDULED,87,Rayo Vallecano de Madrid,92,Real Sociedad de Fútbol,-1,-1,
564935,2014,Primera Division,2518,2027-04-11 12:00:00+00:00,2027-04-11,12:00:00,2027,4,April,11,Sunday,14,12,31.0,REGULAR_SEASON,SCHEDULED,5335,Real Racing Club de Santander,81,FC Barcelona,-1,-1,
564932,2014,Primera Division,2518,2027-04-11 12:00:00+00:00,2027-04-11,12:00:00,2027,4,April,11,Sunday,14,12,31.0,REGULAR_SEASON,SCHEDULED,95,Valencia CF,82,Getafe CF,-1,-1,
558336,2019,Serie A,2494,2027-04-11 12:00:00+00:00,2027-04-11,12:00:00,2027,4,April,11,Sunday,14,12,31.0,REGULAR_SEASON,SCHEDULED,109,Juventus FC,5890,US Lecce,-1,-1,
558337,2019,Serie A,2494,2027-04-11 12:00:00+00:00,2027-04-11,12:00:00,2027,4,April,11,Sunday,14,12,31.0,REGULAR_SEASON,SCHEDULED,113,SSC Napoli,471,US Sassuolo Calcio,-1,-1,
558338,2019,Serie A,2494,2027-04-11 12:00:00+00:00,2027-04-11,12:00:00,2027,4,April,11,Sunday,14,12,31.0,REGULAR_SEASON,SCHEDULED,99,ACF Fiorentina,98,AC Milan,-1,-1,
558329,2019,Serie A,2494,2027-04-11 12:00:00+00:00,2027-04-11,12:00:00,2027,4,April,11,Sunday,14,12,31.0,REGULAR_SEASON,SCHEDULED,110,SS Lazio,586,Torino FC,-1,-1,
558330,2019,Serie A,2494,2027-04-11 12:00:00+00:00,2027-04-11,12:00:00,2027,4,April,11,Sunday,14,12,31.0,REGULAR_SEASON,SCHEDULED,104,Cagliari Calcio,102,Atalanta BC,-1,-1,
558331,2019,Serie A,2494,2027-04-11 12:00:00+00:00,2027-04-11,12:00:00,2027,4,April,11,Sunday,14,12,31.0,REGULAR_SEASON,SCHEDULED,112,Parma Calcio 1913,7397,Como 1907,-1,-1,
558332,2019,Serie A,2494,2027-04-11 12:00:00+00:00,2027-04-11,12:00:00,2027,4,April,11,Sunday,14,12,31.0,REGULAR_SEASON,SCHEDULED,103,Bologna FC 1909,454,Venezia FC,-1,-1,
558333,2019,Serie A,2494,2027-04-11 12:00:00+00:00,2027-04-11,12:00:00,2027,4,April,11,Sunday,14,12,31.0,REGULAR_SEASON,SCHEDULED,470,Frosinone Calcio,107,Genoa CFC,-1,-1,
558334,2019,Serie A,2494,2027-04-11 12:00:00+00:00,2027-04-11,12:00:00,2027,4,April,11,Sunday,14,12,31.0,REGULAR_SEASON,SCHEDULED,108,FC Internazionale Milano,100,AS Roma,-1,-1,
558335,2019,Serie A,2494,2027-04-11 12:00:00+00:00,2027-04-11,12:00:00,2027,4,April,11,Sunday,14,12,31.0,REGULAR_SEASON,SCHEDULED,115,Udinese Calcio,5911,AC Monza,-1,-1,
564936,2014,Primera Division,2518,2027-04-11 12:00:00+00:00,2027-04-11,12:00:00,2027,4,April,11,Sunday,14,12,31.0,REGULAR_SEASON,SCHEDULED,79,CA Osasuna,86,Real Madrid CF,-1,-1,
564937,2014,Primera Division,2518,2027-04-11 12:00:00+00:00,2027-04-11,12:00:00,2027,4,April,11,Sunday,14,12,31.0,REGULAR_SEASON,SCHEDULED,78,Club Atlético de Madrid,88,Levante UD,-1,-1,
564929,2014,Primera Division,2518,2027-04-11 12:00:00+00:00,2027-04-11,12:00:00,2027,4,April,11,Sunday,14,12,31.0,REGULAR_SEASON,SCHEDULED,80,RCD Espanyol de Barcelona,84,Málaga CF,-1,-1,
566045,2002,Bundesliga,2522,2027-04-17 00:00:00+00:00,2027-04-17,00:00:00,2027,4,April,17,Saturday,15,0,30.0,REGULAR_SEASON,SCHEDULED,721,RB Leipzig,1,1. FC Köln,-1,-1,
566044,2002,Bundesliga,2522,2027-04-17 00:00:00+00:00,2027-04-17,00:00:00,2027,4,April,17,Saturday,15,0,30.0,REGULAR_SEASON,SCHEDULED,17,SC Freiburg,15,1. FSV Mainz 05,-1,-1,
566043,2002,Bundesliga,2522,2027-04-17 00:00:00+00:00,2027-04-17,00:00:00,2027,4,April,17,Saturday,15,0,30.0,REGULAR_SEASON,SCHEDULED,16,FC Augsburg,4,Borussia Dortmund,-1,-1,
566042,2002,Bundesliga,2522,2027-04-17 00:00:00+00:00,2027-04-17,00:00:00,2027,4,April,17,Saturday,15,0,30.0,REGULAR_SEASON,SCHEDULED,719,SV 07 Elversberg,29,SC Paderborn 07,-1,-1,
566041,2002,Bundesliga,2522,2027-04-17 00:00:00+00:00,2027-04-17,00:00:00,2027,4,April,17,Saturday,15,0,30.0,REGULAR_SEASON,SCHEDULED,6,FC Schalke 04,7,Hamburger SV,-1,-1,
566040,2002,Bundesliga,2522,2027-04-17 00:00:00+00:00,2027-04-17,00:00:00,2027,4,April,17,Saturday,15,0,30.0,REGULAR_SEASON,SCHEDULED,5,FC Bayern München,2,TSG 1899 Hoffenheim,-1,-1,
566039,2002,Bundesliga,2522,2027-04-17 00:00:00+00:00,2027-04-17,00:00:00,2027,4,April,17,Saturday,15,0,30.0,REGULAR_SEASON,SCHEDULED,28,1. FC Union Berlin,10,VfB Stuttgart,-1,-1,
566037,2002,Bundesliga,2522,2027-04-17 00:00:00+00:00,2027-04-17,00:00:00,2027,4,April,17,Saturday,15,0,30.0,REGULAR_SEASON,SCHEDULED,3,Bayer 04 Leverkusen,12,SV Werder Bremen,-1,-1,
566038,2002,Bundesliga,2522,2027-04-17 00:00:00+00:00,2027-04-17,00:00:00,2027,4,April,17,Saturday,15,0,30.0,REGULAR_SEASON,SCHEDULED,19,Eintracht Frankfurt,18,Borussia Mönchengladbach,-1,-1,
560854,2021,Premier League,2502,2027-04-17 12:00:00+00:00,2027-04-17,12:00:00,2027,4,April,17,Saturday,15,12,32.0,REGULAR_SEASON,SCHEDULED,402,Brentford FC,341,Leeds United FC,-1,-1,
560861,2021,Premier League,2502,2027-04-17 12:00:00+00:00,2027-04-17,12:00:00,2027,4,April,17,Saturday,15,12,32.0,REGULAR_SEASON,SCHEDULED,62,Everton FC,1044,AFC Bournemouth,-1,-1,
560860,2021,Premier League,2502,2027-04-17 12:00:00+00:00,2027-04-17,12:00:00,2027,4,April,17,Saturday,15,12,32.0,REGULAR_SEASON,SCHEDULED,67,Newcastle United FC,73,Tottenham Hotspur FC,-1,-1,
560856,2021,Premier League,2502,2027-04-17 12:00:00+00:00,2027-04-17,12:00:00,2027,4,April,17,Saturday,15,12,32.0,REGULAR_SEASON,SCHEDULED,322,Hull City AFC,1076,Coventry City FC,-1,-1,
560858,2021,Premier League,2502,2027-04-17 12:00:00+00:00,2027-04-17,12:00:00,2027,4,April,17,Saturday,15,12,32.0,REGULAR_SEASON,SCHEDULED,349,Ipswich Town FC,66,Manchester United FC,-1,-1,
560857,2021,Premier League,2502,2027-04-17 12:00:00+00:00,2027-04-17,12:00:00,2027,4,April,17,Saturday,15,12,32.0,REGULAR_SEASON,SCHEDULED,57,Arsenal FC,58,Aston Villa FC,-1,-1,
560859,2021,Premier League,2502,2027-04-17 12:00:00+00:00,2027-04-17,12:00:00,2027,4,April,17,Saturday,15,12,32.0,REGULAR_SEASON,SCHEDULED,65,Manchester City FC,354,Crystal Palace FC,-1,-1,
560852,2021,Premier League,2502,2027-04-17 12:00:00+00:00,2027-04-17,12:00:00,2027,4,April,17,Saturday,15,12,32.0,REGULAR_SEASON,SCHEDULED,397,Brighton & Hove Albion FC,61,Chelsea FC,-1,-1,
560853,2021,Premier League,2502,2027-04-17 12:00:00+00:00,2027-04-17,12:00:00,2027,4,April,17,Saturday,15,12,32.0,REGULAR_SEASON,SCHEDULED,63,Fulham FC,71,Sunderland AFC,-1,-1,
560855,2021,Premier League,2502,2027-04-17 12:00:00+00:00,2027-04-17,12:00:00,2027,4,April,17,Saturday,15,12,32.0,REGULAR_SEASON,SCHEDULED,351,Nottingham Forest FC,64,Liverpool FC,-1,-1,
558320,2019,Serie A,2494,2027-04-18 12:00:00+00:00,2027-04-18,12:00:00,2027,4,April,18,Sunday,15,12,32.0,REGULAR_SEASON,SCHEDULED,99,ACF Fiorentina,112,Parma Calcio 1913,-1,-1,
558321,2019,Serie A,2494,2027-04-18 12:00:00+00:00,2027-04-18,12:00:00,2027,4,April,18,Sunday,15,12,32.0,REGULAR_SEASON,SCHEDULED,100,AS Roma,110,SS Lazio,-1,-1,
558323,2019,Serie A,2494,2027-04-18 12:00:00+00:00,2027-04-18,12:00:00,2027,4,April,18,Sunday,15,12,32.0,REGULAR_SEASON,SCHEDULED,471,US Sassuolo Calcio,5890,US Lecce,-1,-1,
558324,2019,Serie A,2494,2027-04-18 12:00:00+00:00,2027-04-18,12:00:00,2027,4,April,18,Sunday,15,12,32.0,REGULAR_SEASON,SCHEDULED,103,Bologna FC 1909,104,Cagliari Calcio,-1,-1,
558325,2019,Serie A,2494,2027-04-18 12:00:00+00:00,2027-04-18,12:00:00,2027,4,April,18,Sunday,15,12,32.0,REGULAR_SEASON,SCHEDULED,102,Atalanta BC,115,Udinese Calcio,-1,-1,
558326,2019,Serie A,2494,2027-04-18 12:00:00+00:00,2027-04-18,12:00:00,2027,4,April,18,Sunday,15,12,32.0,REGULAR_SEASON,SCHEDULED,454,Venezia FC,109,Juventus FC,-1,-1,
558327,2019,Serie A,2494,2027-04-18 12:00:00+00:00,2027-04-18,12:00:00,2027,4,April,18,Sunday,15,12,32.0,REGULAR_SEASON,SCHEDULED,98,AC Milan,113,SSC Napoli,-1,-1,
558328,2019,Serie A,2494,2027-04-18 12:00:00+00:00,2027-04-18,12:00:00,2027,4,April,18,Sunday,15,12,32.0,REGULAR_SEASON,SCHEDULED,586,Torino FC,107,Genoa CFC,-1,-1,
558319,2019,Serie A,2494,2027-04-18 12:00:00+00:00,2027-04-18,12:00:00,2027,4,April,18,Sunday,15,12,32.0,REGULAR_SEASON,SCHEDULED,5911,AC Monza,108,FC Internazionale Milano,-1,-1,
558322,2019,Serie A,2494,2027-04-18 12:00:00+00:00,2027-04-18,12:00:00,2027,4,April,18,Sunday,15,12,32.0,REGULAR_SEASON,SCHEDULED,7397,Como 1907,470,Frosinone Calcio,-1,-1,
564938,2014,Primera Division,2518,2027-04-18 12:00:00+00:00,2027-04-18,12:00:00,2027,4,April,18,Sunday,15,12,32.0,REGULAR_SEASON,SCHEDULED,78,Club Atlético de Madrid,559,Sevilla FC,-1,-1,
564944,2014,Primera Division,2518,2027-04-18 12:00:00+00:00,2027-04-18,12:00:00,2027,4,April,18,Sunday,15,12,32.0,REGULAR_SEASON,SCHEDULED,285,Elche CF,79,CA Osasuna,-1,-1,
564940,2014,Primera Division,2518,2027-04-18 12:00:00+00:00,2027-04-18,12:00:00,2027,4,April,18,Sunday,15,12,32.0,REGULAR_SEASON,SCHEDULED,88,Levante UD,94,Villarreal CF,-1,-1,
564941,2014,Primera Division,2518,2027-04-18 12:00:00+00:00,2027-04-18,12:00:00,2027,4,April,18,Sunday,15,12,32.0,REGULAR_SEASON,SCHEDULED,92,Real Sociedad de Fútbol,5335,Real Racing Club de Santander,-1,-1,
564942,2014,Primera Division,2518,2027-04-18 12:00:00+00:00,2027-04-18,12:00:00,2027,4,April,18,Sunday,15,12,32.0,REGULAR_SEASON,SCHEDULED,84,Málaga CF,95,Valencia CF,-1,-1,
564943,2014,Primera Division,2518,2027-04-18 12:00:00+00:00,2027-04-18,12:00:00,2027,4,April,18,Sunday,15,12,32.0,REGULAR_SEASON,SCHEDULED,560,RC Deportivo La Coruña,558,RC Celta de Vigo,-1,-1,
564939,2014,Primera Division,2518,2027-04-18 12:00:00+00:00,2027-04-18,12:00:00,2027,4,April,18,Sunday,15,12,32.0,REGULAR_SEASON,SCHEDULED,81,FC Barcelona,80,RCD Espanyol de Barcelona,-1,-1,
564945,2014,Primera Division,2518,2027-04-18 12:00:00+00:00,2027-04-18,12:00:00,2027,4,April,18,Sunday,15,12,32.0,REGULAR_SEASON,SCHEDULED,263,Deportivo Alavés,87,Rayo Vallecano de Madrid,-1,-1,
564946,2014,Primera Division,2518,2027-04-18 12:00:00+00:00,2027-04-18,12:00:00,2027,4,April,18,Sunday,15,12,32.0,REGULAR_SEASON,SCHEDULED,90,Real Betis Balompié,77,Athletic Club,-1,-1,
564947,2014,Primera Division,2518,2027-04-18 12:00:00+00:00,2027-04-18,12:00:00,2027,4,April,18,Sunday,15,12,32.0,REGULAR_SEASON,SCHEDULED,82,Getafe CF,86,Real Madrid CF,-1,-1,
564957,2014,Primera Division,2518,2027-04-21 12:00:00+00:00,2027-04-21,12:00:00,2027,4,April,21,Wednesday,16,12,33.0,REGULAR_SEASON,SCHEDULED,80,RCD Espanyol de Barcelona,92,Real Sociedad de Fútbol,-1,-1,
564949,2014,Primera Division,2518,2027-04-21 12:00:00+00:00,2027-04-21,12:00:00,2027,4,April,21,Wednesday,16,12,33.0,REGULAR_SEASON,SCHEDULED,95,Valencia CF,87,Rayo Vallecano de Madrid,-1,-1,
564950,2014,Primera Division,2518,2027-04-21 12:00:00+00:00,2027-04-21,12:00:00,2027,4,April,21,Wednesday,16,12,33.0,REGULAR_SEASON,SCHEDULED,558,RC Celta de Vigo,81,FC Barcelona,-1,-1,
564951,2014,Primera Division,2518,2027-04-21 12:00:00+00:00,2027-04-21,12:00:00,2027,4,April,21,Wednesday,16,12,33.0,REGULAR_SEASON,SCHEDULED,79,CA Osasuna,263,Deportivo Alavés,-1,-1,
564952,2014,Primera Division,2518,2027-04-21 12:00:00+00:00,2027-04-21,12:00:00,2027,4,April,21,Wednesday,16,12,33.0,REGULAR_SEASON,SCHEDULED,86,Real Madrid CF,285,Elche CF,-1,-1,
564953,2014,Primera Division,2518,2027-04-21 12:00:00+00:00,2027-04-21,12:00:00,2027,4,April,21,Wednesday,16,12,33.0,REGULAR_SEASON,SCHEDULED,77,Athletic Club,560,RC Deportivo La Coruña,-1,-1,
564954,2014,Primera Division,2518,2027-04-21 12:00:00+00:00,2027-04-21,12:00:00,2027,4,April,21,Wednesday,16,12,33.0,REGULAR_SEASON,SCHEDULED,5335,Real Racing Club de Santander,84,Málaga CF,-1,-1,
564955,2014,Primera Division,2518,2027-04-21 12:00:00+00:00,2027-04-21,12:00:00,2027,4,April,21,Wednesday,16,12,33.0,REGULAR_SEASON,SCHEDULED,94,Villarreal CF,78,Club Atlético de Madrid,-1,-1,
564956,2014,Primera Division,2518,2027-04-21 12:00:00+00:00,2027-04-21,12:00:00,2027,4,April,21,Wednesday,16,12,33.0,REGULAR_SEASON,SCHEDULED,559,Sevilla FC,88,Levante UD,-1,-1,
564948,2014,Primera Division,2518,2027-04-21 12:00:00+00:00,2027-04-21,12:00:00,2027,4,April,21,Wednesday,16,12,33.0,REGULAR_SEASON,SCHEDULED,82,Getafe CF,90,Real Betis Balompié,-1,-1,
566052,2002,Bundesliga,2522,2027-04-24 00:00:00+00:00,2027-04-24,00:00:00,2027,4,April,24,Saturday,16,0,31.0,REGULAR_SEASON,SCHEDULED,10,VfB Stuttgart,17,SC Freiburg,-1,-1,
566051,2002,Bundesliga,2522,2027-04-24 00:00:00+00:00,2027-04-24,00:00:00,2027,4,April,24,Saturday,16,0,31.0,REGULAR_SEASON,SCHEDULED,29,SC Paderborn 07,16,FC Augsburg,-1,-1,
566050,2002,Bundesliga,2522,2027-04-24 00:00:00+00:00,2027-04-24,00:00:00,2027,4,April,24,Saturday,16,0,31.0,REGULAR_SEASON,SCHEDULED,2,TSG 1899 Hoffenheim,28,1. FC Union Berlin,-1,-1,
566046,2002,Bundesliga,2522,2027-04-24 00:00:00+00:00,2027-04-24,00:00:00,2027,4,April,24,Saturday,16,0,31.0,REGULAR_SEASON,SCHEDULED,12,SV Werder Bremen,5,FC Bayern München,-1,-1,
566048,2002,Bundesliga,2522,2027-04-24 00:00:00+00:00,2027-04-24,00:00:00,2027,4,April,24,Saturday,16,0,31.0,REGULAR_SEASON,SCHEDULED,7,Hamburger SV,719,SV 07 Elversberg,-1,-1,
566047,2002,Bundesliga,2522,2027-04-24 00:00:00+00:00,2027-04-24,00:00:00,2027,4,April,24,Saturday,16,0,31.0,REGULAR_SEASON,SCHEDULED,1,1. FC Köln,15,1. FSV Mainz 05,-1,-1,
566049,2002,Bundesliga,2522,2027-04-24 00:00:00+00:00,2027-04-24,00:00:00,2027,4,April,24,Saturday,16,0,31.0,REGULAR_SEASON,SCHEDULED,4,Borussia Dortmund,721,RB Leipzig,-1,-1,
566054,2002,Bundesliga,2522,2027-04-24 00:00:00+00:00,2027-04-24,00:00:00,2027,4,April,24,Saturday,16,0,31.0,REGULAR_SEASON,SCHEDULED,19,Eintracht Frankfurt,3,Bayer 04 Leverkusen,-1,-1,
566053,2002,Bundesliga,2522,2027-04-24 00:00:00+00:00,2027-04-24,00:00:00,2027,4,April,24,Saturday,16,0,31.0,REGULAR_SEASON,SCHEDULED,18,Borussia Mönchengladbach,6,FC Schalke 04,-1,-1,
560868,2021,Premier League,2502,2027-04-24 12:00:00+00:00,2027-04-24,12:00:00,2027,4,April,24,Saturday,16,12,33.0,REGULAR_SEASON,SCHEDULED,67,Newcastle United FC,349,Ipswich Town FC,-1,-1,
560864,2021,Premier League,2502,2027-04-24 12:00:00+00:00,2027-04-24,12:00:00,2027,4,April,24,Saturday,16,12,33.0,REGULAR_SEASON,SCHEDULED,73,Tottenham Hotspur FC,322,Hull City AFC,-1,-1,
560865,2021,Premier League,2502,2027-04-24 12:00:00+00:00,2027-04-24,12:00:00,2027,4,April,24,Saturday,16,12,33.0,REGULAR_SEASON,SCHEDULED,66,Manchester United FC,354,Crystal Palace FC,-1,-1,
560866,2021,Premier League,2502,2027-04-24 12:00:00+00:00,2027-04-24,12:00:00,2027,4,April,24,Saturday,16,12,33.0,REGULAR_SEASON,SCHEDULED,62,Everton FC,397,Brighton & Hove Albion FC,-1,-1,
560867,2021,Premier League,2502,2027-04-24 12:00:00+00:00,2027-04-24,12:00:00,2027,4,April,24,Saturday,16,12,33.0,REGULAR_SEASON,SCHEDULED,351,Nottingham Forest FC,71,Sunderland AFC,-1,-1,
560869,2021,Premier League,2502,2027-04-24 12:00:00+00:00,2027-04-24,12:00:00,2027,4,April,24,Saturday,16,12,33.0,REGULAR_SEASON,SCHEDULED,58,Aston Villa FC,1076,Coventry City FC,-1,-1,
560863,2021,Premier League,2502,2027-04-24 12:00:00+00:00,2027-04-24,12:00:00,2027,4,April,24,Saturday,16,12,33.0,REGULAR_SEASON,SCHEDULED,1044,AFC Bournemouth,57,Arsenal FC,-1,-1,
560870,2021,Premier League,2502,2027-04-24 12:00:00+00:00,2027-04-24,12:00:00,2027,4,April,24,Saturday,16,12,33.0,REGULAR_SEASON,SCHEDULED,402,Brentford FC,63,Fulham FC,-1,-1,
560871,2021,Premier League,2502,2027-04-24 12:00:00+00:00,2027-04-24,12:00:00,2027,4,April,24,Saturday,16,12,33.0,REGULAR_SEASON,SCHEDULED,341,Leeds United FC,64,Liverpool FC,-1,-1,
560862,2021,Premier League,2502,2027-04-24 12:00:00+00:00,2027-04-24,12:00:00,2027,4,April,24,Saturday,16,12,33.0,REGULAR_SEASON,SCHEDULED,61,Chelsea FC,65,Manchester City FC,-1,-1,
558315,2019,Serie A,2494,2027-04-25 12:00:00+00:00,2027-04-25,12:00:00,2027,4,April,25,Sunday,16,12,33.0,REGULAR_SEASON,SCHEDULED,107,Genoa CFC,471,US Sassuolo Calcio,-1,-1,
558309,2019,Serie A,2494,2027-04-25 12:00:00+00:00,2027-04-25,12:00:00,2027,4,April,25,Sunday,16,12,33.0,REGULAR_SEASON,SCHEDULED,470,Frosinone Calcio,100,AS Roma,-1,-1,
558310,2019,Serie A,2494,2027-04-25 12:00:00+00:00,2027-04-25,12:00:00,2027,4,April,25,Sunday,16,12,33.0,REGULAR_SEASON,SCHEDULED,104,Cagliari Calcio,5911,AC Monza,-1,-1,
558311,2019,Serie A,2494,2027-04-25 12:00:00+00:00,2027-04-25,12:00:00,2027,4,April,25,Sunday,16,12,33.0,REGULAR_SEASON,SCHEDULED,113,SSC Napoli,115,Udinese Calcio,-1,-1,
558312,2019,Serie A,2494,2027-04-25 12:00:00+00:00,2027-04-25,12:00:00,2027,4,April,25,Sunday,16,12,33.0,REGULAR_SEASON,SCHEDULED,112,Parma Calcio 1913,102,Atalanta BC,-1,-1,
558314,2019,Serie A,2494,2027-04-25 12:00:00+00:00,2027-04-25,12:00:00,2027,4,April,25,Sunday,16,12,33.0,REGULAR_SEASON,SCHEDULED,109,Juventus FC,99,ACF Fiorentina,-1,-1,
558313,2019,Serie A,2494,2027-04-25 12:00:00+00:00,2027-04-25,12:00:00,2027,4,April,25,Sunday,16,12,33.0,REGULAR_SEASON,SCHEDULED,110,SS Lazio,7397,Como 1907,-1,-1,
558316,2019,Serie A,2494,2027-04-25 12:00:00+00:00,2027-04-25,12:00:00,2027,4,April,25,Sunday,16,12,33.0,REGULAR_SEASON,SCHEDULED,5890,US Lecce,98,AC Milan,-1,-1,
558318,2019,Serie A,2494,2027-04-25 12:00:00+00:00,2027-04-25,12:00:00,2027,4,April,25,Sunday,16,12,33.0,REGULAR_SEASON,SCHEDULED,108,FC Internazionale Milano,103,Bologna FC 1909,-1,-1,
558317,2019,Serie A,2494,2027-04-25 12:00:00+00:00,2027-04-25,12:00:00,2027,4,April,25,Sunday,16,12,33.0,REGULAR_SEASON,SCHEDULED,454,Venezia FC,586,Torino FC,-1,-1,
560880,2021,Premier League,2502,2027-05-01 12:00:00+00:00,2027-05-01,12:00:00,2027,5,May,1,Saturday,17,12,34.0,REGULAR_SEASON,SCHEDULED,354,Crystal Palace FC,58,Aston Villa FC,-1,-1,
560872,2021,Premier League,2502,2027-05-01 12:00:00+00:00,2027-05-01,12:00:00,2027,5,May,1,Saturday,17,12,34.0,REGULAR_SEASON,SCHEDULED,71,Sunderland AFC,67,Newcastle United FC,-1,-1,
560881,2021,Premier League,2502,2027-05-01 12:00:00+00:00,2027-05-01,12:00:00,2027,5,May,1,Saturday,17,12,34.0,REGULAR_SEASON,SCHEDULED,349,Ipswich Town FC,341,Leeds United FC,-1,-1,
560873,2021,Premier League,2502,2027-05-01 12:00:00+00:00,2027-05-01,12:00:00,2027,5,May,1,Saturday,17,12,34.0,REGULAR_SEASON,SCHEDULED,397,Brighton & Hove Albion FC,351,Nottingham Forest FC,-1,-1,
560878,2021,Premier League,2502,2027-05-01 12:00:00+00:00,2027-05-01,12:00:00,2027,5,May,1,Saturday,17,12,34.0,REGULAR_SEASON,SCHEDULED,64,Liverpool FC,61,Chelsea FC,-1,-1,
560877,2021,Premier League,2502,2027-05-01 12:00:00+00:00,2027-05-01,12:00:00,2027,5,May,1,Saturday,17,12,34.0,REGULAR_SEASON,SCHEDULED,63,Fulham FC,62,Everton FC,-1,-1,
560876,2021,Premier League,2502,2027-05-01 12:00:00+00:00,2027-05-01,12:00:00,2027,5,May,1,Saturday,17,12,34.0,REGULAR_SEASON,SCHEDULED,65,Manchester City FC,402,Brentford FC,-1,-1,
560879,2021,Premier League,2502,2027-05-01 12:00:00+00:00,2027-05-01,12:00:00,2027,5,May,1,Saturday,17,12,34.0,REGULAR_SEASON,SCHEDULED,57,Arsenal FC,73,Tottenham Hotspur FC,-1,-1,
560874,2021,Premier League,2502,2027-05-01 12:00:00+00:00,2027-05-01,12:00:00,2027,5,May,1,Saturday,17,12,34.0,REGULAR_SEASON,SCHEDULED,1076,Coventry City FC,66,Manchester United FC,-1,-1,
560875,2021,Premier League,2502,2027-05-01 12:00:00+00:00,2027-05-01,12:00:00,2027,5,May,1,Saturday,17,12,34.0,REGULAR_SEASON,SCHEDULED,322,Hull City AFC,1044,AFC Bournemouth,-1,-1,
564959,2014,Primera Division,2518,2027-05-02 12:00:00+00:00,2027-05-02,12:00:00,2027,5,May,2,Sunday,17,12,34.0,REGULAR_SEASON,SCHEDULED,558,RC Celta de Vigo,559,Sevilla FC,-1,-1,
558308,2019,Serie A,2494,2027-05-02 12:00:00+00:00,2027-05-02,12:00:00,2027,5,May,2,Sunday,17,12,34.0,REGULAR_SEASON,SCHEDULED,100,AS Roma,113,SSC Napoli,-1,-1,
558307,2019,Serie A,2494,2027-05-02 12:00:00+00:00,2027-05-02,12:00:00,2027,5,May,2,Sunday,17,12,34.0,REGULAR_SEASON,SCHEDULED,5890,US Lecce,104,Cagliari Calcio,-1,-1,
558306,2019,Serie A,2494,2027-05-02 12:00:00+00:00,2027-05-02,12:00:00,2027,5,May,2,Sunday,17,12,34.0,REGULAR_SEASON,SCHEDULED,5911,AC Monza,454,Venezia FC,-1,-1,
558305,2019,Serie A,2494,2027-05-02 12:00:00+00:00,2027-05-02,12:00:00,2027,5,May,2,Sunday,17,12,34.0,REGULAR_SEASON,SCHEDULED,7397,Como 1907,108,FC Internazionale Milano,-1,-1,
558304,2019,Serie A,2494,2027-05-02 12:00:00+00:00,2027-05-02,12:00:00,2027,5,May,2,Sunday,17,12,34.0,REGULAR_SEASON,SCHEDULED,103,Bologna FC 1909,99,ACF Fiorentina,-1,-1,
558303,2019,Serie A,2494,2027-05-02 12:00:00+00:00,2027-05-02,12:00:00,2027,5,May,2,Sunday,17,12,34.0,REGULAR_SEASON,SCHEDULED,471,US Sassuolo Calcio,470,Frosinone Calcio,-1,-1,
558302,2019,Serie A,2494,2027-05-02 12:00:00+00:00,2027-05-02,12:00:00,2027,5,May,2,Sunday,17,12,34.0,REGULAR_SEASON,SCHEDULED,115,Udinese Calcio,107,Genoa CFC,-1,-1,
558301,2019,Serie A,2494,2027-05-02 12:00:00+00:00,2027-05-02,12:00:00,2027,5,May,2,Sunday,17,12,34.0,REGULAR_SEASON,SCHEDULED,98,AC Milan,110,SS Lazio,-1,-1,
558300,2019,Serie A,2494,2027-05-02 12:00:00+00:00,2027-05-02,12:00:00,2027,5,May,2,Sunday,17,12,34.0,REGULAR_SEASON,SCHEDULED,586,Torino FC,112,Parma Calcio 1913,-1,-1,
558299,2019,Serie A,2494,2027-05-02 12:00:00+00:00,2027-05-02,12:00:00,2027,5,May,2,Sunday,17,12,34.0,REGULAR_SEASON,SCHEDULED,102,Atalanta BC,109,Juventus FC,-1,-1,
564967,2014,Primera Division,2518,2027-05-02 12:00:00+00:00,2027-05-02,12:00:00,2027,5,May,2,Sunday,17,12,34.0,REGULAR_SEASON,SCHEDULED,78,Club Atlético de Madrid,263,Deportivo Alavés,-1,-1,
564966,2014,Primera Division,2518,2027-05-02 12:00:00+00:00,2027-05-02,12:00:00,2027,5,May,2,Sunday,17,12,34.0,REGULAR_SEASON,SCHEDULED,88,Levante UD,86,Real Madrid CF,-1,-1,
564965,2014,Primera Division,2518,2027-05-02 12:00:00+00:00,2027-05-02,12:00:00,2027,5,May,2,Sunday,17,12,34.0,REGULAR_SEASON,SCHEDULED,285,Elche CF,80,RCD Espanyol de Barcelona,-1,-1,
564964,2014,Primera Division,2518,2027-05-02 12:00:00+00:00,2027-05-02,12:00:00,2027,5,May,2,Sunday,17,12,34.0,REGULAR_SEASON,SCHEDULED,90,Real Betis Balompié,95,Valencia CF,-1,-1,
564962,2014,Primera Division,2518,2027-05-02 12:00:00+00:00,2027-05-02,12:00:00,2027,5,May,2,Sunday,17,12,34.0,REGULAR_SEASON,SCHEDULED,87,Rayo Vallecano de Madrid,94,Villarreal CF,-1,-1,
564961,2014,Primera Division,2518,2027-05-02 12:00:00+00:00,2027-05-02,12:00:00,2027,5,May,2,Sunday,17,12,34.0,REGULAR_SEASON,SCHEDULED,81,FC Barcelona,79,CA Osasuna,-1,-1,
564958,2014,Primera Division,2518,2027-05-02 12:00:00+00:00,2027-05-02,12:00:00,2027,5,May,2,Sunday,17,12,34.0,REGULAR_SEASON,SCHEDULED,560,RC Deportivo La Coruña,5335,Real Racing Club de Santander,-1,-1,
564960,2014,Primera Division,2518,2027-05-02 12:00:00+00:00,2027-05-02,12:00:00,2027,5,May,2,Sunday,17,12,34.0,REGULAR_SEASON,SCHEDULED,92,Real Sociedad de Fútbol,77,Athletic Club,-1,-1,
564963,2014,Primera Division,2518,2027-05-02 12:00:00+00:00,2027-05-02,12:00:00,2027,5,May,2,Sunday,17,12,34.0,REGULAR_SEASON,SCHEDULED,84,Málaga CF,82,Getafe CF,-1,-1,
566062,2002,Bundesliga,2522,2027-05-08 00:00:00+00:00,2027-05-08,00:00:00,2027,5,May,8,Saturday,18,0,32.0,REGULAR_SEASON,SCHEDULED,3,Bayer 04 Leverkusen,7,Hamburger SV,-1,-1,
566061,2002,Bundesliga,2522,2027-05-08 00:00:00+00:00,2027-05-08,00:00:00,2027,5,May,8,Saturday,18,0,32.0,REGULAR_SEASON,SCHEDULED,719,SV 07 Elversberg,2,TSG 1899 Hoffenheim,-1,-1,
566059,2002,Bundesliga,2522,2027-05-08 00:00:00+00:00,2027-05-08,00:00:00,2027,5,May,8,Saturday,18,0,32.0,REGULAR_SEASON,SCHEDULED,16,FC Augsburg,10,VfB Stuttgart,-1,-1,
566058,2002,Bundesliga,2522,2027-05-08 00:00:00+00:00,2027-05-08,00:00:00,2027,5,May,8,Saturday,18,0,32.0,REGULAR_SEASON,SCHEDULED,15,1. FSV Mainz 05,4,Borussia Dortmund,-1,-1,
566057,2002,Bundesliga,2522,2027-05-08 00:00:00+00:00,2027-05-08,00:00:00,2027,5,May,8,Saturday,18,0,32.0,REGULAR_SEASON,SCHEDULED,17,SC Freiburg,1,1. FC Köln,-1,-1,
566056,2002,Bundesliga,2522,2027-05-08 00:00:00+00:00,2027-05-08,00:00:00,2027,5,May,8,Saturday,18,0,32.0,REGULAR_SEASON,SCHEDULED,721,RB Leipzig,29,SC Paderborn 07,-1,-1,
566055,2002,Bundesliga,2522,2027-05-08 00:00:00+00:00,2027-05-08,00:00:00,2027,5,May,8,Saturday,18,0,32.0,REGULAR_SEASON,SCHEDULED,6,FC Schalke 04,19,Eintracht Frankfurt,-1,-1,
566063,2002,Bundesliga,2522,2027-05-08 00:00:00+00:00,2027-05-08,00:00:00,2027,5,May,8,Saturday,18,0,32.0,REGULAR_SEASON,SCHEDULED,5,FC Bayern München,18,Borussia Mönchengladbach,-1,-1,
566060,2002,Bundesliga,2522,2027-05-08 00:00:00+00:00,2027-05-08,00:00:00,2027,5,May,8,Saturday,18,0,32.0,REGULAR_SEASON,SCHEDULED,28,1. FC Union Berlin,12,SV Werder Bremen,-1,-1,
560883,2021,Premier League,2502,2027-05-08 12:00:00+00:00,2027-05-08,12:00:00,2027,5,May,8,Saturday,18,12,35.0,REGULAR_SEASON,SCHEDULED,341,Leeds United FC,57,Arsenal FC,-1,-1,
560882,2021,Premier League,2502,2027-05-08 12:00:00+00:00,2027-05-08,12:00:00,2027,5,May,8,Saturday,18,12,35.0,REGULAR_SEASON,SCHEDULED,65,Manchester City FC,64,Liverpool FC,-1,-1,
560891,2021,Premier League,2502,2027-05-08 12:00:00+00:00,2027-05-08,12:00:00,2027,5,May,8,Saturday,18,12,35.0,REGULAR_SEASON,SCHEDULED,1044,AFC Bournemouth,66,Manchester United FC,-1,-1,
560889,2021,Premier League,2502,2027-05-08 12:00:00+00:00,2027-05-08,12:00:00,2027,5,May,8,Saturday,18,12,35.0,REGULAR_SEASON,SCHEDULED,73,Tottenham Hotspur FC,61,Chelsea FC,-1,-1,
560888,2021,Premier League,2502,2027-05-08 12:00:00+00:00,2027-05-08,12:00:00,2027,5,May,8,Saturday,18,12,35.0,REGULAR_SEASON,SCHEDULED,397,Brighton & Hove Albion FC,71,Sunderland AFC,-1,-1,
560887,2021,Premier League,2502,2027-05-08 12:00:00+00:00,2027-05-08,12:00:00,2027,5,May,8,Saturday,18,12,35.0,REGULAR_SEASON,SCHEDULED,67,Newcastle United FC,1076,Coventry City FC,-1,-1,
560886,2021,Premier League,2502,2027-05-08 12:00:00+00:00,2027-05-08,12:00:00,2027,5,May,8,Saturday,18,12,35.0,REGULAR_SEASON,SCHEDULED,402,Brentford FC,58,Aston Villa FC,-1,-1,
560885,2021,Premier League,2502,2027-05-08 12:00:00+00:00,2027-05-08,12:00:00,2027,5,May,8,Saturday,18,12,35.0,REGULAR_SEASON,SCHEDULED,351,Nottingham Forest FC,354,Crystal Palace FC,-1,-1,
560884,2021,Premier League,2502,2027-05-08 12:00:00+00:00,2027-05-08,12:00:00,2027,5,May,8,Saturday,18,12,35.0,REGULAR_SEASON,SCHEDULED,63,Fulham FC,349,Ipswich Town FC,-1,-1,
560890,2021,Premier League,2502,2027-05-08 12:00:00+00:00,2027-05-08,12:00:00,2027,5,May,8,Saturday,18,12,35.0,REGULAR_SEASON,SCHEDULED,62,Everton FC,322,Hull City AFC,-1,-1,
558289,2019,Serie A,2494,2027-05-09 12:00:00+00:00,2027-05-09,12:00:00,2027,5,May,9,Sunday,18,12,35.0,REGULAR_SEASON,SCHEDULED,112,Parma Calcio 1913,98,AC Milan,-1,-1,
558294,2019,Serie A,2494,2027-05-09 12:00:00+00:00,2027-05-09,12:00:00,2027,5,May,9,Sunday,18,12,35.0,REGULAR_SEASON,SCHEDULED,454,Venezia FC,7397,Como 1907,-1,-1,
558291,2019,Serie A,2494,2027-05-09 12:00:00+00:00,2027-05-09,12:00:00,2027,5,May,9,Sunday,18,12,35.0,REGULAR_SEASON,SCHEDULED,110,SS Lazio,471,US Sassuolo Calcio,-1,-1,
558292,2019,Serie A,2494,2027-05-09 12:00:00+00:00,2027-05-09,12:00:00,2027,5,May,9,Sunday,18,12,35.0,REGULAR_SEASON,SCHEDULED,113,SSC Napoli,5911,AC Monza,-1,-1,
558293,2019,Serie A,2494,2027-05-09 12:00:00+00:00,2027-05-09,12:00:00,2027,5,May,9,Sunday,18,12,35.0,REGULAR_SEASON,SCHEDULED,108,FC Internazionale Milano,5890,US Lecce,-1,-1,
558295,2019,Serie A,2494,2027-05-09 12:00:00+00:00,2027-05-09,12:00:00,2027,5,May,9,Sunday,18,12,35.0,REGULAR_SEASON,SCHEDULED,115,Udinese Calcio,109,Juventus FC,-1,-1,
558296,2019,Serie A,2494,2027-05-09 12:00:00+00:00,2027-05-09,12:00:00,2027,5,May,9,Sunday,18,12,35.0,REGULAR_SEASON,SCHEDULED,586,Torino FC,103,Bologna FC 1909,-1,-1,
558297,2019,Serie A,2494,2027-05-09 12:00:00+00:00,2027-05-09,12:00:00,2027,5,May,9,Sunday,18,12,35.0,REGULAR_SEASON,SCHEDULED,470,Frosinone Calcio,102,Atalanta BC,-1,-1,
558298,2019,Serie A,2494,2027-05-09 12:00:00+00:00,2027-05-09,12:00:00,2027,5,May,9,Sunday,18,12,35.0,REGULAR_SEASON,SCHEDULED,99,ACF Fiorentina,100,AS Roma,-1,-1,
558290,2019,Serie A,2494,2027-05-09 12:00:00+00:00,2027-05-09,12:00:00,2027,5,May,9,Sunday,18,12,35.0,REGULAR_SEASON,SCHEDULED,107,Genoa CFC,104,Cagliari Calcio,-1,-1,
564976,2014,Primera Division,2518,2027-05-09 12:00:00+00:00,2027-05-09,12:00:00,2027,5,May,9,Sunday,18,12,35.0,REGULAR_SEASON,SCHEDULED,82,Getafe CF,285,Elche CF,-1,-1,
564977,2014,Primera Division,2518,2027-05-09 12:00:00+00:00,2027-05-09,12:00:00,2027,5,May,9,Sunday,18,12,35.0,REGULAR_SEASON,SCHEDULED,94,Villarreal CF,558,RC Celta de Vigo,-1,-1,
564974,2014,Primera Division,2518,2027-05-09 12:00:00+00:00,2027-05-09,12:00:00,2027,5,May,9,Sunday,18,12,35.0,REGULAR_SEASON,SCHEDULED,90,Real Betis Balompié,80,RCD Espanyol de Barcelona,-1,-1,
564973,2014,Primera Division,2518,2027-05-09 12:00:00+00:00,2027-05-09,12:00:00,2027,5,May,9,Sunday,18,12,35.0,REGULAR_SEASON,SCHEDULED,87,Rayo Vallecano de Madrid,560,RC Deportivo La Coruña,-1,-1,
564975,2014,Primera Division,2518,2027-05-09 12:00:00+00:00,2027-05-09,12:00:00,2027,5,May,9,Sunday,18,12,35.0,REGULAR_SEASON,SCHEDULED,86,Real Madrid CF,81,FC Barcelona,-1,-1,
564968,2014,Primera Division,2518,2027-05-09 12:00:00+00:00,2027-05-09,12:00:00,2027,5,May,9,Sunday,18,12,35.0,REGULAR_SEASON,SCHEDULED,95,Valencia CF,78,Club Atlético de Madrid,-1,-1,
564969,2014,Primera Division,2518,2027-05-09 12:00:00+00:00,2027-05-09,12:00:00,2027,5,May,9,Sunday,18,12,35.0,REGULAR_SEASON,SCHEDULED,79,CA Osasuna,92,Real Sociedad de Fútbol,-1,-1,
564970,2014,Primera Division,2518,2027-05-09 12:00:00+00:00,2027-05-09,12:00:00,2027,5,May,9,Sunday,18,12,35.0,REGULAR_SEASON,SCHEDULED,263,Deportivo Alavés,88,Levante UD,-1,-1,
564972,2014,Primera Division,2518,2027-05-09 12:00:00+00:00,2027-05-09,12:00:00,2027,5,May,9,Sunday,18,12,35.0,REGULAR_SEASON,SCHEDULED,5335,Real Racing Club de Santander,559,Sevilla FC,-1,-1,
564971,2014,Primera Division,2518,2027-05-09 12:00:00+00:00,2027-05-09,12:00:00,2027,5,May,9,Sunday,18,12,35.0,REGULAR_SEASON,SCHEDULED,77,Athletic Club,84,Málaga CF,-1,-1,
566072,2002,Bundesliga,2522,2027-05-15 00:00:00+00:00,2027-05-15,00:00:00,2027,5,May,15,Saturday,19,0,33.0,REGULAR_SEASON,SCHEDULED,2,TSG 1899 Hoffenheim,15,1. FSV Mainz 05,-1,-1,
566071,2002,Bundesliga,2522,2027-05-15 00:00:00+00:00,2027-05-15,00:00:00,2027,5,May,15,Saturday,19,0,33.0,REGULAR_SEASON,SCHEDULED,18,Borussia Mönchengladbach,16,FC Augsburg,-1,-1,
566066,2002,Bundesliga,2522,2027-05-15 00:00:00+00:00,2027-05-15,00:00:00,2027,5,May,15,Saturday,19,0,33.0,REGULAR_SEASON,SCHEDULED,10,VfB Stuttgart,721,RB Leipzig,-1,-1,
566065,2002,Bundesliga,2522,2027-05-15 00:00:00+00:00,2027-05-15,00:00:00,2027,5,May,15,Saturday,19,0,33.0,REGULAR_SEASON,SCHEDULED,29,SC Paderborn 07,28,1. FC Union Berlin,-1,-1,
566067,2002,Bundesliga,2522,2027-05-15 00:00:00+00:00,2027-05-15,00:00:00,2027,5,May,15,Saturday,19,0,33.0,REGULAR_SEASON,SCHEDULED,4,Borussia Dortmund,1,1. FC Köln,-1,-1,
566068,2002,Bundesliga,2522,2027-05-15 00:00:00+00:00,2027-05-15,00:00:00,2027,5,May,15,Saturday,19,0,33.0,REGULAR_SEASON,SCHEDULED,7,Hamburger SV,17,SC Freiburg,-1,-1,
566069,2002,Bundesliga,2522,2027-05-15 00:00:00+00:00,2027-05-15,00:00:00,2027,5,May,15,Saturday,19,0,33.0,REGULAR_SEASON,SCHEDULED,3,Bayer 04 Leverkusen,5,FC Bayern München,-1,-1,
566070,2002,Bundesliga,2522,2027-05-15 00:00:00+00:00,2027-05-15,00:00:00,2027,5,May,15,Saturday,19,0,33.0,REGULAR_SEASON,SCHEDULED,12,SV Werder Bremen,6,FC Schalke 04,-1,-1,
566064,2002,Bundesliga,2522,2027-05-15 00:00:00+00:00,2027-05-15,00:00:00,2027,5,May,15,Saturday,19,0,33.0,REGULAR_SEASON,SCHEDULED,19,Eintracht Frankfurt,719,SV 07 Elversberg,-1,-1,
560896,2021,Premier League,2502,2027-05-15 12:00:00+00:00,2027-05-15,12:00:00,2027,5,May,15,Saturday,19,12,36.0,REGULAR_SEASON,SCHEDULED,322,Hull City AFC,63,Fulham FC,-1,-1,
560897,2021,Premier League,2502,2027-05-15 12:00:00+00:00,2027-05-15,12:00:00,2027,5,May,15,Saturday,19,12,36.0,REGULAR_SEASON,SCHEDULED,66,Manchester United FC,341,Leeds United FC,-1,-1,
560898,2021,Premier League,2502,2027-05-15 12:00:00+00:00,2027-05-15,12:00:00,2027,5,May,15,Saturday,19,12,36.0,REGULAR_SEASON,SCHEDULED,354,Crystal Palace FC,397,Brighton & Hove Albion FC,-1,-1,
560899,2021,Premier League,2502,2027-05-15 12:00:00+00:00,2027-05-15,12:00:00,2027,5,May,15,Saturday,19,12,36.0,REGULAR_SEASON,SCHEDULED,58,Aston Villa FC,67,Newcastle United FC,-1,-1,
560901,2021,Premier League,2502,2027-05-15 12:00:00+00:00,2027-05-15,12:00:00,2027,5,May,15,Saturday,19,12,36.0,REGULAR_SEASON,SCHEDULED,1076,Coventry City FC,73,Tottenham Hotspur FC,-1,-1,
560892,2021,Premier League,2502,2027-05-15 12:00:00+00:00,2027-05-15,12:00:00,2027,5,May,15,Saturday,19,12,36.0,REGULAR_SEASON,SCHEDULED,71,Sunderland AFC,1044,AFC Bournemouth,-1,-1,
560893,2021,Premier League,2502,2027-05-15 12:00:00+00:00,2027-05-15,12:00:00,2027,5,May,15,Saturday,19,12,36.0,REGULAR_SEASON,SCHEDULED,64,Liverpool FC,402,Brentford FC,-1,-1,
560895,2021,Premier League,2502,2027-05-15 12:00:00+00:00,2027-05-15,12:00:00,2027,5,May,15,Saturday,19,12,36.0,REGULAR_SEASON,SCHEDULED,57,Arsenal FC,351,Nottingham Forest FC,-1,-1,
560900,2021,Premier League,2502,2027-05-15 12:00:00+00:00,2027-05-15,12:00:00,2027,5,May,15,Saturday,19,12,36.0,REGULAR_SEASON,SCHEDULED,61,Chelsea FC,62,Everton FC,-1,-1,
560894,2021,Premier League,2502,2027-05-15 12:00:00+00:00,2027-05-15,12:00:00,2027,5,May,15,Saturday,19,12,36.0,REGULAR_SEASON,SCHEDULED,349,Ipswich Town FC,65,Manchester City FC,-1,-1,
558279,2019,Serie A,2494,2027-05-16 12:00:00+00:00,2027-05-16,12:00:00,2027,5,May,16,Sunday,19,12,36.0,REGULAR_SEASON,SCHEDULED,113,SSC Napoli,107,Genoa CFC,-1,-1,
558280,2019,Serie A,2494,2027-05-16 12:00:00+00:00,2027-05-16,12:00:00,2027,5,May,16,Sunday,19,12,36.0,REGULAR_SEASON,SCHEDULED,5890,US Lecce,99,ACF Fiorentina,-1,-1,
558281,2019,Serie A,2494,2027-05-16 12:00:00+00:00,2027-05-16,12:00:00,2027,5,May,16,Sunday,19,12,36.0,REGULAR_SEASON,SCHEDULED,110,SS Lazio,115,Udinese Calcio,-1,-1,
558282,2019,Serie A,2494,2027-05-16 12:00:00+00:00,2027-05-16,12:00:00,2027,5,May,16,Sunday,19,12,36.0,REGULAR_SEASON,SCHEDULED,103,Bologna FC 1909,470,Frosinone Calcio,-1,-1,
558283,2019,Serie A,2494,2027-05-16 12:00:00+00:00,2027-05-16,12:00:00,2027,5,May,16,Sunday,19,12,36.0,REGULAR_SEASON,SCHEDULED,7397,Como 1907,102,Atalanta BC,-1,-1,
558284,2019,Serie A,2494,2027-05-16 12:00:00+00:00,2027-05-16,12:00:00,2027,5,May,16,Sunday,19,12,36.0,REGULAR_SEASON,SCHEDULED,109,Juventus FC,108,FC Internazionale Milano,-1,-1,
558286,2019,Serie A,2494,2027-05-16 12:00:00+00:00,2027-05-16,12:00:00,2027,5,May,16,Sunday,19,12,36.0,REGULAR_SEASON,SCHEDULED,5911,AC Monza,112,Parma Calcio 1913,-1,-1,
564978,2014,Primera Division,2518,2027-05-16 12:00:00+00:00,2027-05-16,12:00:00,2027,5,May,16,Sunday,19,12,36.0,REGULAR_SEASON,SCHEDULED,78,Club Atlético de Madrid,87,Rayo Vallecano de Madrid,-1,-1,
558285,2019,Serie A,2494,2027-05-16 12:00:00+00:00,2027-05-16,12:00:00,2027,5,May,16,Sunday,19,12,36.0,REGULAR_SEASON,SCHEDULED,471,US Sassuolo Calcio,454,Venezia FC,-1,-1,
564979,2014,Primera Division,2518,2027-05-16 12:00:00+00:00,2027-05-16,12:00:00,2027,5,May,16,Sunday,19,12,36.0,REGULAR_SEASON,SCHEDULED,559,Sevilla FC,94,Villarreal CF,-1,-1,
558288,2019,Serie A,2494,2027-05-16 12:00:00+00:00,2027-05-16,12:00:00,2027,5,May,16,Sunday,19,12,36.0,REGULAR_SEASON,SCHEDULED,104,Cagliari Calcio,586,Torino FC,-1,-1,
564980,2014,Primera Division,2518,2027-05-16 12:00:00+00:00,2027-05-16,12:00:00,2027,5,May,16,Sunday,19,12,36.0,REGULAR_SEASON,SCHEDULED,92,Real Sociedad de Fútbol,81,FC Barcelona,-1,-1,
564981,2014,Primera Division,2518,2027-05-16 12:00:00+00:00,2027-05-16,12:00:00,2027,5,May,16,Sunday,19,12,36.0,REGULAR_SEASON,SCHEDULED,285,Elche CF,77,Athletic Club,-1,-1,
558287,2019,Serie A,2494,2027-05-16 12:00:00+00:00,2027-05-16,12:00:00,2027,5,May,16,Sunday,19,12,36.0,REGULAR_SEASON,SCHEDULED,98,AC Milan,100,AS Roma,-1,-1,
564983,2014,Primera Division,2518,2027-05-16 12:00:00+00:00,2027-05-16,12:00:00,2027,5,May,16,Sunday,19,12,36.0,REGULAR_SEASON,SCHEDULED,560,RC Deportivo La Coruña,263,Deportivo Alavés,-1,-1,
564984,2014,Primera Division,2518,2027-05-16 12:00:00+00:00,2027-05-16,12:00:00,2027,5,May,16,Sunday,19,12,36.0,REGULAR_SEASON,SCHEDULED,88,Levante UD,82,Getafe CF,-1,-1,
564985,2014,Primera Division,2518,2027-05-16 12:00:00+00:00,2027-05-16,12:00:00,2027,5,May,16,Sunday,19,12,36.0,REGULAR_SEASON,SCHEDULED,80,RCD Espanyol de Barcelona,95,Valencia CF,-1,-1,
564986,2014,Primera Division,2518,2027-05-16 12:00:00+00:00,2027-05-16,12:00:00,2027,5,May,16,Sunday,19,12,36.0,REGULAR_SEASON,SCHEDULED,86,Real Madrid CF,5335,Real Racing Club de Santander,-1,-1,
564987,2014,Primera Division,2518,2027-05-16 12:00:00+00:00,2027-05-16,12:00:00,2027,5,May,16,Sunday,19,12,36.0,REGULAR_SEASON,SCHEDULED,79,CA Osasuna,90,Real Betis Balompié,-1,-1,
564982,2014,Primera Division,2518,2027-05-16 12:00:00+00:00,2027-05-16,12:00:00,2027,5,May,16,Sunday,19,12,36.0,REGULAR_SEASON,SCHEDULED,84,Málaga CF,558,RC Celta de Vigo,-1,-1,
566079,2002,Bundesliga,2522,2027-05-22 13:30:00+00:00,2027-05-22,13:30:00,2027,5,May,22,Saturday,20,13,34.0,REGULAR_SEASON,TIMED,16,FC Augsburg,7,Hamburger SV,-1,-1,
566073,2002,Bundesliga,2522,2027-05-22 13:30:00+00:00,2027-05-22,13:30:00,2027,5,May,22,Saturday,20,13,34.0,REGULAR_SEASON,TIMED,721,RB Leipzig,2,TSG 1899 Hoffenheim,-1,-1,
566074,2002,Bundesliga,2522,2027-05-22 13:30:00+00:00,2027-05-22,13:30:00,2027,5,May,22,Saturday,20,13,34.0,REGULAR_SEASON,TIMED,28,1. FC Union Berlin,18,Borussia Mönchengladbach,-1,-1,
566075,2002,Bundesliga,2522,2027-05-22 13:30:00+00:00,2027-05-22,13:30:00,2027,5,May,22,Saturday,20,13,34.0,REGULAR_SEASON,TIMED,15,1. FSV Mainz 05,10,VfB Stuttgart,-1,-1,
566076,2002,Bundesliga,2522,2027-05-22 13:30:00+00:00,2027-05-22,13:30:00,2027,5,May,22,Saturday,20,13,34.0,REGULAR_SEASON,TIMED,6,FC Schalke 04,3,Bayer 04 Leverkusen,-1,-1,
566078,2002,Bundesliga,2522,2027-05-22 13:30:00+00:00,2027-05-22,13:30:00,2027,5,May,22,Saturday,20,13,34.0,REGULAR_SEASON,TIMED,5,FC Bayern München,19,Eintracht Frankfurt,-1,-1,
566080,2002,Bundesliga,2522,2027-05-22 13:30:00+00:00,2027-05-22,13:30:00,2027,5,May,22,Saturday,20,13,34.0,REGULAR_SEASON,TIMED,17,SC Freiburg,4,Borussia Dortmund,-1,-1,
566077,2002,Bundesliga,2522,2027-05-22 13:30:00+00:00,2027-05-22,13:30:00,2027,5,May,22,Saturday,20,13,34.0,REGULAR_SEASON,TIMED,719,SV 07 Elversberg,12,SV Werder Bremen,-1,-1,
566081,2002,Bundesliga,2522,2027-05-22 13:30:00+00:00,2027-05-22,13:30:00,2027,5,May,22,Saturday,20,13,34.0,REGULAR_SEASON,TIMED,1,1. FC Köln,29,SC Paderborn 07,-1,-1,
558276,2019,Serie A,2494,2027-05-23 12:00:00+00:00,2027-05-23,12:00:00,2027,5,May,23,Sunday,20,12,37.0,REGULAR_SEASON,SCHEDULED,99,ACF Fiorentina,5911,AC Monza,-1,-1,
558278,2019,Serie A,2494,2027-05-23 12:00:00+00:00,2027-05-23,12:00:00,2027,5,May,23,Sunday,20,12,37.0,REGULAR_SEASON,SCHEDULED,107,Genoa CFC,103,Bologna FC 1909,-1,-1,
564991,2014,Primera Division,2518,2027-05-23 12:00:00+00:00,2027-05-23,12:00:00,2027,5,May,23,Sunday,20,12,37.0,REGULAR_SEASON,SCHEDULED,558,RC Celta de Vigo,92,Real Sociedad de Fútbol,-1,-1,
564990,2014,Primera Division,2518,2027-05-23 12:00:00+00:00,2027-05-23,12:00:00,2027,5,May,23,Sunday,20,12,37.0,REGULAR_SEASON,SCHEDULED,95,Valencia CF,285,Elche CF,-1,-1,
564989,2014,Primera Division,2518,2027-05-23 12:00:00+00:00,2027-05-23,12:00:00,2027,5,May,23,Sunday,20,12,37.0,REGULAR_SEASON,SCHEDULED,81,FC Barcelona,84,Málaga CF,-1,-1,
564988,2014,Primera Division,2518,2027-05-23 12:00:00+00:00,2027-05-23,12:00:00,2027,5,May,23,Sunday,20,12,37.0,REGULAR_SEASON,SCHEDULED,87,Rayo Vallecano de Madrid,90,Real Betis Balompié,-1,-1,
564997,2014,Primera Division,2518,2027-05-23 12:00:00+00:00,2027-05-23,12:00:00,2027,5,May,23,Sunday,20,12,37.0,REGULAR_SEASON,SCHEDULED,560,RC Deportivo La Coruña,80,RCD Espanyol de Barcelona,-1,-1,
564996,2014,Primera Division,2518,2027-05-23 12:00:00+00:00,2027-05-23,12:00:00,2027,5,May,23,Sunday,20,12,37.0,REGULAR_SEASON,SCHEDULED,5335,Real Racing Club de Santander,88,Levante UD,-1,-1,
564995,2014,Primera Division,2518,2027-05-23 12:00:00+00:00,2027-05-23,12:00:00,2027,5,May,23,Sunday,20,12,37.0,REGULAR_SEASON,SCHEDULED,94,Villarreal CF,79,CA Osasuna,-1,-1,
564994,2014,Primera Division,2518,2027-05-23 12:00:00+00:00,2027-05-23,12:00:00,2027,5,May,23,Sunday,20,12,37.0,REGULAR_SEASON,SCHEDULED,559,Sevilla FC,82,Getafe CF,-1,-1,
564992,2014,Primera Division,2518,2027-05-23 12:00:00+00:00,2027-05-23,12:00:00,2027,5,May,23,Sunday,20,12,37.0,REGULAR_SEASON,SCHEDULED,78,Club Atlético de Madrid,77,Athletic Club,-1,-1,
560904,2021,Premier League,2502,2027-05-23 12:00:00+00:00,2027-05-23,12:00:00,2027,5,May,23,Sunday,20,12,37.0,REGULAR_SEASON,SCHEDULED,73,Tottenham Hotspur FC,66,Manchester United FC,-1,-1,
560905,2021,Premier League,2502,2027-05-23 12:00:00+00:00,2027-05-23,12:00:00,2027,5,May,23,Sunday,20,12,37.0,REGULAR_SEASON,SCHEDULED,341,Leeds United FC,71,Sunderland AFC,-1,-1,
560906,2021,Premier League,2502,2027-05-23 12:00:00+00:00,2027-05-23,12:00:00,2027,5,May,23,Sunday,20,12,37.0,REGULAR_SEASON,SCHEDULED,397,Brighton & Hove Albion FC,64,Liverpool FC,-1,-1,
564993,2014,Primera Division,2518,2027-05-23 12:00:00+00:00,2027-05-23,12:00:00,2027,5,May,23,Sunday,20,12,37.0,REGULAR_SEASON,SCHEDULED,263,Deportivo Alavés,86,Real Madrid CF,-1,-1,
560908,2021,Premier League,2502,2027-05-23 12:00:00+00:00,2027-05-23,12:00:00,2027,5,May,23,Sunday,20,12,37.0,REGULAR_SEASON,SCHEDULED,1044,AFC Bournemouth,61,Chelsea FC,-1,-1,
558275,2019,Serie A,2494,2027-05-23 12:00:00+00:00,2027-05-23,12:00:00,2027,5,May,23,Sunday,20,12,37.0,REGULAR_SEASON,SCHEDULED,470,Frosinone Calcio,104,Cagliari Calcio,-1,-1,
560907,2021,Premier League,2502,2027-05-23 12:00:00+00:00,2027-05-23,12:00:00,2027,5,May,23,Sunday,20,12,37.0,REGULAR_SEASON,SCHEDULED,351,Nottingham Forest FC,349,Ipswich Town FC,-1,-1,
558274,2019,Serie A,2494,2027-05-23 12:00:00+00:00,2027-05-23,12:00:00,2027,5,May,23,Sunday,20,12,37.0,REGULAR_SEASON,SCHEDULED,115,Udinese Calcio,471,US Sassuolo Calcio,-1,-1,
558273,2019,Serie A,2494,2027-05-23 12:00:00+00:00,2027-05-23,12:00:00,2027,5,May,23,Sunday,20,12,37.0,REGULAR_SEASON,SCHEDULED,108,FC Internazionale Milano,110,SS Lazio,-1,-1,
558272,2019,Serie A,2494,2027-05-23 12:00:00+00:00,2027-05-23,12:00:00,2027,5,May,23,Sunday,20,12,37.0,REGULAR_SEASON,SCHEDULED,102,Atalanta BC,5890,US Lecce,-1,-1,
558271,2019,Serie A,2494,2027-05-23 12:00:00+00:00,2027-05-23,12:00:00,2027,5,May,23,Sunday,20,12,37.0,REGULAR_SEASON,SCHEDULED,586,Torino FC,113,SSC Napoli,-1,-1,
558277,2019,Serie A,2494,2027-05-23 12:00:00+00:00,2027-05-23,12:00:00,2027,5,May,23,Sunday,20,12,37.0,REGULAR_SEASON,SCHEDULED,454,Venezia FC,98,AC Milan,-1,-1,
560902,2021,Premier League,2502,2027-05-23 12:00:00+00:00,2027-05-23,12:00:00,2027,5,May,23,Sunday,20,12,37.0,REGULAR_SEASON,SCHEDULED,402,Brentford FC,322,Hull City AFC,-1,-1,
558269,2019,Serie A,2494,2027-05-23 12:00:00+00:00,2027-05-23,12:00:00,2027,5,May,23,Sunday,20,12,37.0,REGULAR_SEASON,SCHEDULED,100,AS Roma,7397,Como 1907,-1,-1,
560911,2021,Premier League,2502,2027-05-23 12:00:00+00:00,2027-05-23,12:00:00,2027,5,May,23,Sunday,20,12,37.0,REGULAR_SEASON,SCHEDULED,65,Manchester City FC,58,Aston Villa FC,-1,-1,
560910,2021,Premier League,2502,2027-05-23 12:00:00+00:00,2027-05-23,12:00:00,2027,5,May,23,Sunday,20,12,37.0,REGULAR_SEASON,SCHEDULED,62,Everton FC,57,Arsenal FC,-1,-1,
560909,2021,Premier League,2502,2027-05-23 12:00:00+00:00,2027-05-23,12:00:00,2027,5,May,23,Sunday,20,12,37.0,REGULAR_SEASON,SCHEDULED,63,Fulham FC,1076,Coventry City FC,-1,-1,
558270,2019,Serie A,2494,2027-05-23 12:00:00+00:00,2027-05-23,12:00:00,2027,5,May,23,Sunday,20,12,37.0,REGULAR_SEASON,SCHEDULED,112,Parma Calcio 1913,109,Juventus FC,-1,-1,
560903,2021,Premier League,2502,2027-05-23 12:00:00+00:00,2027-05-23,12:00:00,2027,5,May,23,Sunday,20,12,37.0,REGULAR_SEASON,SCHEDULED,67,Newcastle United FC,354,Crystal Palace FC,-1,-1,
558259,2019,Serie A,2494,2027-05-30 12:00:00+00:00,2027-05-30,12:00:00,2027,5,May,30,Sunday,21,12,38.0,REGULAR_SEASON,SCHEDULED,98,AC Milan,115,Udinese Calcio,-1,-1,
558260,2019,Serie A,2494,2027-05-30 12:00:00+00:00,2027-05-30,12:00:00,2027,5,May,30,Sunday,21,12,38.0,REGULAR_SEASON,SCHEDULED,109,Juventus FC,470,Frosinone Calcio,-1,-1,
558261,2019,Serie A,2494,2027-05-30 12:00:00+00:00,2027-05-30,12:00:00,2027,5,May,30,Sunday,21,12,38.0,REGULAR_SEASON,SCHEDULED,5911,AC Monza,586,Torino FC,-1,-1,
558262,2019,Serie A,2494,2027-05-30 12:00:00+00:00,2027-05-30,12:00:00,2027,5,May,30,Sunday,21,12,38.0,REGULAR_SEASON,SCHEDULED,471,US Sassuolo Calcio,108,FC Internazionale Milano,-1,-1,
558263,2019,Serie A,2494,2027-05-30 12:00:00+00:00,2027-05-30,12:00:00,2027,5,May,30,Sunday,21,12,38.0,REGULAR_SEASON,SCHEDULED,104,Cagliari Calcio,100,AS Roma,-1,-1,
558264,2019,Serie A,2494,2027-05-30 12:00:00+00:00,2027-05-30,12:00:00,2027,5,May,30,Sunday,21,12,38.0,REGULAR_SEASON,SCHEDULED,110,SS Lazio,99,ACF Fiorentina,-1,-1,
558265,2019,Serie A,2494,2027-05-30 12:00:00+00:00,2027-05-30,12:00:00,2027,5,May,30,Sunday,21,12,38.0,REGULAR_SEASON,SCHEDULED,7397,Como 1907,107,Genoa CFC,-1,-1,
558266,2019,Serie A,2494,2027-05-30 12:00:00+00:00,2027-05-30,12:00:00,2027,5,May,30,Sunday,21,12,38.0,REGULAR_SEASON,SCHEDULED,113,SSC Napoli,102,Atalanta BC,-1,-1,
565007,2014,Primera Division,2518,2027-05-30 12:00:00+00:00,2027-05-30,12:00:00,2027,5,May,30,Sunday,21,12,38.0,REGULAR_SEASON,SCHEDULED,79,CA Osasuna,95,Valencia CF,-1,-1,
560913,2021,Premier League,2502,2027-05-30 12:00:00+00:00,2027-05-30,12:00:00,2027,5,May,30,Sunday,21,12,38.0,REGULAR_SEASON,SCHEDULED,57,Arsenal FC,397,Brighton & Hove Albion FC,-1,-1,
565006,2014,Primera Division,2518,2027-05-30 12:00:00+00:00,2027-05-30,12:00:00,2027,5,May,30,Sunday,21,12,38.0,REGULAR_SEASON,SCHEDULED,82,Getafe CF,81,FC Barcelona,-1,-1,
565005,2014,Primera Division,2518,2027-05-30 12:00:00+00:00,2027-05-30,12:00:00,2027,5,May,30,Sunday,21,12,38.0,REGULAR_SEASON,SCHEDULED,80,RCD Espanyol de Barcelona,263,Deportivo Alavés,-1,-1,
565004,2014,Primera Division,2518,2027-05-30 12:00:00+00:00,2027-05-30,12:00:00,2027,5,May,30,Sunday,21,12,38.0,REGULAR_SEASON,SCHEDULED,77,Athletic Club,87,Rayo Vallecano de Madrid,-1,-1,
565003,2014,Primera Division,2518,2027-05-30 12:00:00+00:00,2027-05-30,12:00:00,2027,5,May,30,Sunday,21,12,38.0,REGULAR_SEASON,SCHEDULED,285,Elche CF,5335,Real Racing Club de Santander,-1,-1,
565002,2014,Primera Division,2518,2027-05-30 12:00:00+00:00,2027-05-30,12:00:00,2027,5,May,30,Sunday,21,12,38.0,REGULAR_SEASON,SCHEDULED,84,Málaga CF,559,Sevilla FC,-1,-1,
565001,2014,Primera Division,2518,2027-05-30 12:00:00+00:00,2027-05-30,12:00:00,2027,5,May,30,Sunday,21,12,38.0,REGULAR_SEASON,SCHEDULED,92,Real Sociedad de Fútbol,94,Villarreal CF,-1,-1,
565000,2014,Primera Division,2518,2027-05-30 12:00:00+00:00,2027-05-30,12:00:00,2027,5,May,30,Sunday,21,12,38.0,REGULAR_SEASON,SCHEDULED,90,Real Betis Balompié,78,Club Atlético de Madrid,-1,-1,
564999,2014,Primera Division,2518,2027-05-30 12:00:00+00:00,2027-05-30,12:00:00,2027,5,May,30,Sunday,21,12,38.0,REGULAR_SEASON,SCHEDULED,86,Real Madrid CF,560,RC Deportivo La Coruña,-1,-1,
560912,2021,Premier League,2502,2027-05-30 12:00:00+00:00,2027-05-30,12:00:00,2027,5,May,30,Sunday,21,12,38.0,REGULAR_SEASON,SCHEDULED,349,Ipswich Town FC,62,Everton FC,-1,-1,
564998,2014,Primera Division,2518,2027-05-30 12:00:00+00:00,2027-05-30,12:00:00,2027,5,May,30,Sunday,21,12,38.0,REGULAR_SEASON,SCHEDULED,88,Levante UD,558,RC Celta de Vigo,-1,-1,
560921,2021,Premier League,2502,2027-05-30 12:00:00+00:00,2027-05-30,12:00:00,2027,5,May,30,Sunday,21,12,38.0,REGULAR_SEASON,SCHEDULED,354,Crystal Palace FC,341,Leeds United FC,-1,-1,
560920,2021,Premier League,2502,2027-05-30 12:00:00+00:00,2027-05-30,12:00:00,2027,5,May,30,Sunday,21,12,38.0,REGULAR_SEASON,SCHEDULED,61,Chelsea FC,402,Brentford FC,-1,-1,
560919,2021,Premier League,2502,2027-05-30 12:00:00+00:00,2027-05-30,12:00:00,2027,5,May,30,Sunday,21,12,38.0,REGULAR_SEASON,SCHEDULED,71,Sunderland AFC,65,Manchester City FC,-1,-1,
560918,2021,Premier League,2502,2027-05-30 12:00:00+00:00,2027-05-30,12:00:00,2027,5,May,30,Sunday,21,12,38.0,REGULAR_SEASON,SCHEDULED,66,Manchester United FC,63,Fulham FC,-1,-1,
560917,2021,Premier League,2502,2027-05-30 12:00:00+00:00,2027-05-30,12:00:00,2027,5,May,30,Sunday,21,12,38.0,REGULAR_SEASON,SCHEDULED,322,Hull City AFC,67,Newcastle United FC,-1,-1,
560916,2021,Premier League,2502,2027-05-30 12:00:00+00:00,2027-05-30,12:00:00,2027,5,May,30,Sunday,21,12,38.0,REGULAR_SEASON,SCHEDULED,58,Aston Villa FC,73,Tottenham Hotspur FC,-1,-1,
560915,2021,Premier League,2502,2027-05-30 12:00:00+00:00,2027-05-30,12:00:00,2027,5,May,30,Sunday,21,12,38.0,REGULAR_SEASON,SCHEDULED,1076,Coventry City FC,351,Nottingham Forest FC,-1,-1,
560914,2021,Premier League,2502,2027-05-30 12:00:00+00:00,2027-05-30,12:00:00,2027,5,May,30,Sunday,21,12,38.0,REGULAR_SEASON,SCHEDULED,64,Liverpool FC,1044,AFC Bournemouth,-1,-1,
558267,2019,Serie A,2494,2027-05-30 12:00:00+00:00,2027-05-30,12:00:00,2027,5,May,30,Sunday,21,12,38.0,REGULAR_SEASON,SCHEDULED,5890,US Lecce,454,Venezia FC,-1,-1,
558268,2019,Serie A,2494,2027-05-30 12:00:00+00:00,2027-05-30,12:00:00,2027,5,May,30,Sunday,21,12,38.0,REGULAR_SEASON,SCHEDULED,103,Bologna FC 1909,112,Parma Calcio 1913,-1,-1,
